model_family	seed	dataset_slug	dataset	config_id	checkpoint_path	val_rmse	test_rmse	status
all_datasets	13	cigs_mce	CIGS MCE	lpm_paper10_all_data_plus_tahoe_novartis_op3_seed13_molholdout_h100_2x_bs4096_200epoch_lustre	/ictstr01/groups/ml01/workspace/artur.szalata/code/chem-perturbridge_lpm/.plib_cache/results/lpm_paper10_all_data_plus_tahoe_novartis_op3_seed13_molholdout_h100_2x_bs4096_200epoch_lustre/LPM_b347c04960ae595d/seed_13/checkpoints/epoch-epoch=0009.ckpt	0.57557523	0.57555640	ok
all_datasets	13	cigs_tcm	CIGS TCM	lpm_paper10_all_data_plus_tahoe_novartis_op3_seed13_molholdout_h100_2x_bs4096_200epoch_lustre	/ictstr01/groups/ml01/workspace/artur.szalata/code/chem-perturbridge_lpm/.plib_cache/results/lpm_paper10_all_data_plus_tahoe_novartis_op3_seed13_molholdout_h100_2x_bs4096_200epoch_lustre/LPM_b347c04960ae595d/seed_13/checkpoints/epoch-epoch=0040.ckpt	0.42510682	0.40817329	ok
all_datasets	13	dilimap_train	dilimap_train	lpm_paper10_all_data_plus_tahoe_novartis_op3_seed13_molholdout_h100_2x_bs4096_200epoch_lustre	/ictstr01/groups/ml01/workspace/artur.szalata/code/chem-perturbridge_lpm/.plib_cache/results/lpm_paper10_all_data_plus_tahoe_novartis_op3_seed13_molholdout_h100_2x_bs4096_200epoch_lustre/LPM_b347c04960ae595d/seed_13/checkpoints/epoch-epoch=0015.ckpt	0.61701411	0.65489334	ok
all_datasets	13	gdpx2	Ginkgo GDPx2	lpm_paper10_all_data_plus_tahoe_novartis_op3_seed13_molholdout_h100_2x_bs4096_200epoch_lustre	/ictstr01/groups/ml01/workspace/artur.szalata/code/chem-perturbridge_lpm/.plib_cache/results/lpm_paper10_all_data_plus_tahoe_novartis_op3_seed13_molholdout_h100_2x_bs4096_200epoch_lustre/LPM_b347c04960ae595d/seed_13/checkpoints/epoch-epoch=0044.ckpt	0.56938237	0.44273201	ok
all_datasets	13	lincs_phase1	LINCS_phase1_level3_epsilon	lpm_paper10_all_data_plus_tahoe_novartis_op3_seed13_molholdout_h100_2x_bs4096_200epoch_lustre	/ictstr01/groups/ml01/workspace/artur.szalata/code/chem-perturbridge_lpm/.plib_cache/results/lpm_paper10_all_data_plus_tahoe_novartis_op3_seed13_molholdout_h100_2x_bs4096_200epoch_lustre/LPM_b347c04960ae595d/seed_13/checkpoints/epoch-epoch=0019.ckpt	0.61686885	0.62763298	ok
all_datasets	13	lincs_phase2	LINCS_phase2_level3	lpm_paper10_all_data_plus_tahoe_novartis_op3_seed13_molholdout_h100_2x_bs4096_200epoch_lustre	/ictstr01/groups/ml01/workspace/artur.szalata/code/chem-perturbridge_lpm/.plib_cache/results/lpm_paper10_all_data_plus_tahoe_novartis_op3_seed13_molholdout_h100_2x_bs4096_200epoch_lustre/LPM_b347c04960ae595d/seed_13/checkpoints/epoch-epoch=0091.ckpt	0.48343682	0.48480353	ok
all_datasets	13	novartis	Novartis MoABox DRUG-seq	lpm_paper10_all_data_plus_tahoe_novartis_op3_seed13_molholdout_h100_2x_bs4096_200epoch_lustre	/ictstr01/groups/ml01/workspace/artur.szalata/code/chem-perturbridge_lpm/.plib_cache/results/lpm_paper10_all_data_plus_tahoe_novartis_op3_seed13_molholdout_h100_2x_bs4096_200epoch_lustre/LPM_b347c04960ae595d/seed_13/checkpoints/epoch-epoch=0001.ckpt	0.69021785	0.55606830	ok
all_datasets	13	op3	op3	lpm_paper10_all_data_plus_tahoe_novartis_op3_seed13_molholdout_h100_2x_bs4096_200epoch_lustre	/ictstr01/groups/ml01/workspace/artur.szalata/code/chem-perturbridge_lpm/.plib_cache/results/lpm_paper10_all_data_plus_tahoe_novartis_op3_seed13_molholdout_h100_2x_bs4096_200epoch_lustre/LPM_b347c04960ae595d/seed_13/checkpoints/epoch-epoch=0016.ckpt	0.40033591	0.35725582	ok
all_datasets	13	sciplex	srivatsan20_sciplex3	lpm_paper10_all_data_plus_tahoe_novartis_op3_seed13_molholdout_h100_2x_bs4096_200epoch_lustre	/ictstr01/groups/ml01/workspace/artur.szalata/code/chem-perturbridge_lpm/.plib_cache/results/lpm_paper10_all_data_plus_tahoe_novartis_op3_seed13_molholdout_h100_2x_bs4096_200epoch_lustre/LPM_b347c04960ae595d/seed_13/checkpoints/epoch-epoch=0018.ckpt	0.65853363	0.68612814	ok
all_datasets	13	tahoe100	tahoe100	lpm_paper10_all_data_plus_tahoe_novartis_op3_seed13_molholdout_h100_2x_bs4096_200epoch_lustre	/ictstr01/groups/ml01/workspace/artur.szalata/code/chem-perturbridge_lpm/.plib_cache/results/lpm_paper10_all_data_plus_tahoe_novartis_op3_seed13_molholdout_h100_2x_bs4096_200epoch_lustre/LPM_b347c04960ae595d/seed_13/checkpoints/epoch-epoch=0015.ckpt	0.74842614	0.73752457	ok
all_datasets	13	vcpi_0001	Ginkgo VCPI vcpi-0001 (tvc-bhr-009)	lpm_paper10_all_data_plus_tahoe_novartis_op3_seed13_molholdout_h100_2x_bs4096_200epoch_lustre	/ictstr01/groups/ml01/workspace/artur.szalata/code/chem-perturbridge_lpm/.plib_cache/results/lpm_paper10_all_data_plus_tahoe_novartis_op3_seed13_molholdout_h100_2x_bs4096_200epoch_lustre/LPM_b347c04960ae595d/seed_13/checkpoints/epoch-epoch=0160.ckpt	0.55394250	0.57085335	ok
all_datasets	13	vcpi_0002	Ginkgo VCPI vcpi-0002 (tvc-kdl-010)	lpm_paper10_all_data_plus_tahoe_novartis_op3_seed13_molholdout_h100_2x_bs4096_200epoch_lustre	/ictstr01/groups/ml01/workspace/artur.szalata/code/chem-perturbridge_lpm/.plib_cache/results/lpm_paper10_all_data_plus_tahoe_novartis_op3_seed13_molholdout_h100_2x_bs4096_200epoch_lustre/LPM_b347c04960ae595d/seed_13/checkpoints/epoch-epoch=0015.ckpt	0.51073855		ok
all_datasets	17	cigs_mce	CIGS MCE	lpm_paper10_all_data_plus_tahoe_novartis_op3_seed17_molholdout_h100_2x_bs4096_200epoch_lustre	/ictstr01/groups/ml01/workspace/artur.szalata/code/chem-perturbridge_lpm/.plib_cache/results/lpm_paper10_all_data_plus_tahoe_novartis_op3_seed17_molholdout_h100_2x_bs4096_200epoch_lustre/LPM_b347c04960ae595d/seed_17/checkpoints/epoch-epoch=0004.ckpt	0.57688713	0.57579798	ok
all_datasets	17	cigs_tcm	CIGS TCM	lpm_paper10_all_data_plus_tahoe_novartis_op3_seed17_molholdout_h100_2x_bs4096_200epoch_lustre	/ictstr01/groups/ml01/workspace/artur.szalata/code/chem-perturbridge_lpm/.plib_cache/results/lpm_paper10_all_data_plus_tahoe_novartis_op3_seed17_molholdout_h100_2x_bs4096_200epoch_lustre/LPM_b347c04960ae595d/seed_17/checkpoints/epoch-epoch=0019.ckpt	0.42475924	0.40837061	ok
all_datasets	17	dilimap_train	dilimap_train	lpm_paper10_all_data_plus_tahoe_novartis_op3_seed17_molholdout_h100_2x_bs4096_200epoch_lustre	/ictstr01/groups/ml01/workspace/artur.szalata/code/chem-perturbridge_lpm/.plib_cache/results/lpm_paper10_all_data_plus_tahoe_novartis_op3_seed17_molholdout_h100_2x_bs4096_200epoch_lustre/LPM_b347c04960ae595d/seed_17/checkpoints/epoch-epoch=0005.ckpt	0.61155498	0.65200496	ok
all_datasets	17	gdpx2	Ginkgo GDPx2	lpm_paper10_all_data_plus_tahoe_novartis_op3_seed17_molholdout_h100_2x_bs4096_200epoch_lustre	/ictstr01/groups/ml01/workspace/artur.szalata/code/chem-perturbridge_lpm/.plib_cache/results/lpm_paper10_all_data_plus_tahoe_novartis_op3_seed17_molholdout_h100_2x_bs4096_200epoch_lustre/LPM_b347c04960ae595d/seed_17/checkpoints/epoch-epoch=0082.ckpt	0.55718994	0.43934682	ok
all_datasets	17	lincs_phase1	LINCS_phase1_level3_epsilon	lpm_paper10_all_data_plus_tahoe_novartis_op3_seed17_molholdout_h100_2x_bs4096_200epoch_lustre	/ictstr01/groups/ml01/workspace/artur.szalata/code/chem-perturbridge_lpm/.plib_cache/results/lpm_paper10_all_data_plus_tahoe_novartis_op3_seed17_molholdout_h100_2x_bs4096_200epoch_lustre/LPM_b347c04960ae595d/seed_17/checkpoints/epoch-epoch=0026.ckpt	0.61486012	0.62723196	ok
all_datasets	17	lincs_phase2	LINCS_phase2_level3	lpm_paper10_all_data_plus_tahoe_novartis_op3_seed17_molholdout_h100_2x_bs4096_200epoch_lustre	/ictstr01/groups/ml01/workspace/artur.szalata/code/chem-perturbridge_lpm/.plib_cache/results/lpm_paper10_all_data_plus_tahoe_novartis_op3_seed17_molholdout_h100_2x_bs4096_200epoch_lustre/LPM_b347c04960ae595d/seed_17/checkpoints/epoch-epoch=0180.ckpt	0.48451599	0.48304877	ok
all_datasets	17	novartis	Novartis MoABox DRUG-seq	lpm_paper10_all_data_plus_tahoe_novartis_op3_seed17_molholdout_h100_2x_bs4096_200epoch_lustre	/ictstr01/groups/ml01/workspace/artur.szalata/code/chem-perturbridge_lpm/.plib_cache/results/lpm_paper10_all_data_plus_tahoe_novartis_op3_seed17_molholdout_h100_2x_bs4096_200epoch_lustre/LPM_b347c04960ae595d/seed_17/checkpoints/epoch-epoch=0000.ckpt	0.69026923	0.55625772	ok
all_datasets	17	op3	op3	lpm_paper10_all_data_plus_tahoe_novartis_op3_seed17_molholdout_h100_2x_bs4096_200epoch_lustre	/ictstr01/groups/ml01/workspace/artur.szalata/code/chem-perturbridge_lpm/.plib_cache/results/lpm_paper10_all_data_plus_tahoe_novartis_op3_seed17_molholdout_h100_2x_bs4096_200epoch_lustre/LPM_b347c04960ae595d/seed_17/checkpoints/epoch-epoch=0019.ckpt	0.40037361	0.35730705	ok
all_datasets	17	sciplex	srivatsan20_sciplex3	lpm_paper10_all_data_plus_tahoe_novartis_op3_seed17_molholdout_h100_2x_bs4096_200epoch_lustre	/ictstr01/groups/ml01/workspace/artur.szalata/code/chem-perturbridge_lpm/.plib_cache/results/lpm_paper10_all_data_plus_tahoe_novartis_op3_seed17_molholdout_h100_2x_bs4096_200epoch_lustre/LPM_b347c04960ae595d/seed_17/checkpoints/epoch-epoch=0196.ckpt	0.65807015	0.68594652	ok
all_datasets	17	tahoe100	tahoe100	lpm_paper10_all_data_plus_tahoe_novartis_op3_seed17_molholdout_h100_2x_bs4096_200epoch_lustre	/ictstr01/groups/ml01/workspace/artur.szalata/code/chem-perturbridge_lpm/.plib_cache/results/lpm_paper10_all_data_plus_tahoe_novartis_op3_seed17_molholdout_h100_2x_bs4096_200epoch_lustre/LPM_b347c04960ae595d/seed_17/checkpoints/epoch-epoch=0006.ckpt	0.74655747	0.73928344	ok
all_datasets	17	vcpi_0001	Ginkgo VCPI vcpi-0001 (tvc-bhr-009)	lpm_paper10_all_data_plus_tahoe_novartis_op3_seed17_molholdout_h100_2x_bs4096_200epoch_lustre	/ictstr01/groups/ml01/workspace/artur.szalata/code/chem-perturbridge_lpm/.plib_cache/results/lpm_paper10_all_data_plus_tahoe_novartis_op3_seed17_molholdout_h100_2x_bs4096_200epoch_lustre/LPM_b347c04960ae595d/seed_17/checkpoints/epoch-epoch=0160.ckpt	0.55394971	0.57083631	ok
all_datasets	17	vcpi_0002	Ginkgo VCPI vcpi-0002 (tvc-kdl-010)	lpm_paper10_all_data_plus_tahoe_novartis_op3_seed17_molholdout_h100_2x_bs4096_200epoch_lustre	/ictstr01/groups/ml01/workspace/artur.szalata/code/chem-perturbridge_lpm/.plib_cache/results/lpm_paper10_all_data_plus_tahoe_novartis_op3_seed17_molholdout_h100_2x_bs4096_200epoch_lustre/LPM_b347c04960ae595d/seed_17/checkpoints/epoch-epoch=0005.ckpt	0.51073098		ok
all_datasets	19	cigs_mce	CIGS MCE	lpm_paper10_all_data_plus_tahoe_novartis_op3_seed19_molholdout_h100_2x_bs4096_200epoch_lustre	/ictstr01/groups/ml01/workspace/artur.szalata/code/chem-perturbridge_lpm/.plib_cache/results/lpm_paper10_all_data_plus_tahoe_novartis_op3_seed19_molholdout_h100_2x_bs4096_200epoch_lustre/LPM_b347c04960ae595d/seed_19/checkpoints/epoch-epoch=0023.ckpt	0.57769024	0.57657236	ok
all_datasets	19	cigs_tcm	CIGS TCM	lpm_paper10_all_data_plus_tahoe_novartis_op3_seed19_molholdout_h100_2x_bs4096_200epoch_lustre	/ictstr01/groups/ml01/workspace/artur.szalata/code/chem-perturbridge_lpm/.plib_cache/results/lpm_paper10_all_data_plus_tahoe_novartis_op3_seed19_molholdout_h100_2x_bs4096_200epoch_lustre/LPM_b347c04960ae595d/seed_19/checkpoints/epoch-epoch=0018.ckpt	0.42459247	0.40791601	ok
all_datasets	19	dilimap_train	dilimap_train	lpm_paper10_all_data_plus_tahoe_novartis_op3_seed19_molholdout_h100_2x_bs4096_200epoch_lustre	/ictstr01/groups/ml01/workspace/artur.szalata/code/chem-perturbridge_lpm/.plib_cache/results/lpm_paper10_all_data_plus_tahoe_novartis_op3_seed19_molholdout_h100_2x_bs4096_200epoch_lustre/LPM_b347c04960ae595d/seed_19/checkpoints/epoch-epoch=0016.ckpt	0.66605115	0.71183813	ok
all_datasets	19	gdpx2	Ginkgo GDPx2	lpm_paper10_all_data_plus_tahoe_novartis_op3_seed19_molholdout_h100_2x_bs4096_200epoch_lustre	/ictstr01/groups/ml01/workspace/artur.szalata/code/chem-perturbridge_lpm/.plib_cache/results/lpm_paper10_all_data_plus_tahoe_novartis_op3_seed19_molholdout_h100_2x_bs4096_200epoch_lustre/LPM_b347c04960ae595d/seed_19/checkpoints/epoch-epoch=0122.ckpt	0.57145417	0.44467261	ok
all_datasets	19	lincs_phase1	LINCS_phase1_level3_epsilon	lpm_paper10_all_data_plus_tahoe_novartis_op3_seed19_molholdout_h100_2x_bs4096_200epoch_lustre	/ictstr01/groups/ml01/workspace/artur.szalata/code/chem-perturbridge_lpm/.plib_cache/results/lpm_paper10_all_data_plus_tahoe_novartis_op3_seed19_molholdout_h100_2x_bs4096_200epoch_lustre/LPM_b347c04960ae595d/seed_19/checkpoints/epoch-epoch=0035.ckpt	0.61630613	0.62986034	ok
all_datasets	19	lincs_phase2	LINCS_phase2_level3	lpm_paper10_all_data_plus_tahoe_novartis_op3_seed19_molholdout_h100_2x_bs4096_200epoch_lustre	/ictstr01/groups/ml01/workspace/artur.szalata/code/chem-perturbridge_lpm/.plib_cache/results/lpm_paper10_all_data_plus_tahoe_novartis_op3_seed19_molholdout_h100_2x_bs4096_200epoch_lustre/LPM_b347c04960ae595d/seed_19/checkpoints/epoch-epoch=0078.ckpt	0.48223296	0.48486090	ok
all_datasets	19	novartis	Novartis MoABox DRUG-seq	lpm_paper10_all_data_plus_tahoe_novartis_op3_seed19_molholdout_h100_2x_bs4096_200epoch_lustre	/ictstr01/groups/ml01/workspace/artur.szalata/code/chem-perturbridge_lpm/.plib_cache/results/lpm_paper10_all_data_plus_tahoe_novartis_op3_seed19_molholdout_h100_2x_bs4096_200epoch_lustre/LPM_b347c04960ae595d/seed_19/checkpoints/epoch-epoch=0001.ckpt	0.68992800	0.55571854	ok
all_datasets	19	op3	op3	lpm_paper10_all_data_plus_tahoe_novartis_op3_seed19_molholdout_h100_2x_bs4096_200epoch_lustre	/ictstr01/groups/ml01/workspace/artur.szalata/code/chem-perturbridge_lpm/.plib_cache/results/lpm_paper10_all_data_plus_tahoe_novartis_op3_seed19_molholdout_h100_2x_bs4096_200epoch_lustre/LPM_b347c04960ae595d/seed_19/checkpoints/epoch-epoch=0088.ckpt	0.39594442	0.35461497	ok
all_datasets	19	sciplex	srivatsan20_sciplex3	lpm_paper10_all_data_plus_tahoe_novartis_op3_seed19_molholdout_h100_2x_bs4096_200epoch_lustre	/ictstr01/groups/ml01/workspace/artur.szalata/code/chem-perturbridge_lpm/.plib_cache/results/lpm_paper10_all_data_plus_tahoe_novartis_op3_seed19_molholdout_h100_2x_bs4096_200epoch_lustre/LPM_b347c04960ae595d/seed_19/checkpoints/epoch-epoch=0045.ckpt	0.65715915	0.69038761	ok
all_datasets	19	tahoe100	tahoe100	lpm_paper10_all_data_plus_tahoe_novartis_op3_seed19_molholdout_h100_2x_bs4096_200epoch_lustre	/ictstr01/groups/ml01/workspace/artur.szalata/code/chem-perturbridge_lpm/.plib_cache/results/lpm_paper10_all_data_plus_tahoe_novartis_op3_seed19_molholdout_h100_2x_bs4096_200epoch_lustre/LPM_b347c04960ae595d/seed_19/checkpoints/epoch-epoch=0016.ckpt	0.74535406	0.73394382	ok
all_datasets	19	vcpi_0001	Ginkgo VCPI vcpi-0001 (tvc-bhr-009)	lpm_paper10_all_data_plus_tahoe_novartis_op3_seed19_molholdout_h100_2x_bs4096_200epoch_lustre	/ictstr01/groups/ml01/workspace/artur.szalata/code/chem-perturbridge_lpm/.plib_cache/results/lpm_paper10_all_data_plus_tahoe_novartis_op3_seed19_molholdout_h100_2x_bs4096_200epoch_lustre/LPM_b347c04960ae595d/seed_19/checkpoints/epoch-epoch=0160.ckpt	0.55393755	0.57083714	ok
all_datasets	19	vcpi_0002	Ginkgo VCPI vcpi-0002 (tvc-kdl-010)	lpm_paper10_all_data_plus_tahoe_novartis_op3_seed19_molholdout_h100_2x_bs4096_200epoch_lustre	/ictstr01/groups/ml01/workspace/artur.szalata/code/chem-perturbridge_lpm/.plib_cache/results/lpm_paper10_all_data_plus_tahoe_novartis_op3_seed19_molholdout_h100_2x_bs4096_200epoch_lustre/LPM_b347c04960ae595d/seed_19/checkpoints/epoch-epoch=0016.ckpt	0.51067364		ok
all_datasets	23	cigs_mce	CIGS MCE	lpm_paper10_all_data_plus_tahoe_novartis_op3_seed23_molholdout_h100_2x_bs4096_200epoch_lustre	/ictstr01/groups/ml01/workspace/artur.szalata/code/chem-perturbridge_lpm/.plib_cache/results/lpm_paper10_all_data_plus_tahoe_novartis_op3_seed23_molholdout_h100_2x_bs4096_200epoch_lustre/LPM_b347c04960ae595d/seed_23/checkpoints/epoch-epoch=0013.ckpt	0.57614470	0.57567519	ok
all_datasets	23	cigs_tcm	CIGS TCM	lpm_paper10_all_data_plus_tahoe_novartis_op3_seed23_molholdout_h100_2x_bs4096_200epoch_lustre	/ictstr01/groups/ml01/workspace/artur.szalata/code/chem-perturbridge_lpm/.plib_cache/results/lpm_paper10_all_data_plus_tahoe_novartis_op3_seed23_molholdout_h100_2x_bs4096_200epoch_lustre/LPM_b347c04960ae595d/seed_23/checkpoints/epoch-epoch=0014.ckpt	0.42443663	0.40808657	ok
all_datasets	23	dilimap_train	dilimap_train	lpm_paper10_all_data_plus_tahoe_novartis_op3_seed23_molholdout_h100_2x_bs4096_200epoch_lustre	/ictstr01/groups/ml01/workspace/artur.szalata/code/chem-perturbridge_lpm/.plib_cache/results/lpm_paper10_all_data_plus_tahoe_novartis_op3_seed23_molholdout_h100_2x_bs4096_200epoch_lustre/LPM_b347c04960ae595d/seed_23/checkpoints/epoch-epoch=0001.ckpt	0.59918648	0.63488424	ok
all_datasets	23	gdpx2	Ginkgo GDPx2	lpm_paper10_all_data_plus_tahoe_novartis_op3_seed23_molholdout_h100_2x_bs4096_200epoch_lustre	/ictstr01/groups/ml01/workspace/artur.szalata/code/chem-perturbridge_lpm/.plib_cache/results/lpm_paper10_all_data_plus_tahoe_novartis_op3_seed23_molholdout_h100_2x_bs4096_200epoch_lustre/LPM_b347c04960ae595d/seed_23/checkpoints/epoch-epoch=0026.ckpt	0.57906121	0.43707064	ok
all_datasets	23	lincs_phase1	LINCS_phase1_level3_epsilon	lpm_paper10_all_data_plus_tahoe_novartis_op3_seed23_molholdout_h100_2x_bs4096_200epoch_lustre	/ictstr01/groups/ml01/workspace/artur.szalata/code/chem-perturbridge_lpm/.plib_cache/results/lpm_paper10_all_data_plus_tahoe_novartis_op3_seed23_molholdout_h100_2x_bs4096_200epoch_lustre/LPM_b347c04960ae595d/seed_23/checkpoints/epoch-epoch=0028.ckpt	0.61588961	0.62787575	ok
all_datasets	23	lincs_phase2	LINCS_phase2_level3	lpm_paper10_all_data_plus_tahoe_novartis_op3_seed23_molholdout_h100_2x_bs4096_200epoch_lustre	/ictstr01/groups/ml01/workspace/artur.szalata/code/chem-perturbridge_lpm/.plib_cache/results/lpm_paper10_all_data_plus_tahoe_novartis_op3_seed23_molholdout_h100_2x_bs4096_200epoch_lustre/LPM_b347c04960ae595d/seed_23/checkpoints/epoch-epoch=0028.ckpt	0.48348323	0.48594227	ok
all_datasets	23	novartis	Novartis MoABox DRUG-seq	lpm_paper10_all_data_plus_tahoe_novartis_op3_seed23_molholdout_h100_2x_bs4096_200epoch_lustre	/ictstr01/groups/ml01/workspace/artur.szalata/code/chem-perturbridge_lpm/.plib_cache/results/lpm_paper10_all_data_plus_tahoe_novartis_op3_seed23_molholdout_h100_2x_bs4096_200epoch_lustre/LPM_b347c04960ae595d/seed_23/checkpoints/epoch-epoch=0006.ckpt	0.68946415	0.55604726	ok
all_datasets	23	op3	op3	lpm_paper10_all_data_plus_tahoe_novartis_op3_seed23_molholdout_h100_2x_bs4096_200epoch_lustre	/ictstr01/groups/ml01/workspace/artur.szalata/code/chem-perturbridge_lpm/.plib_cache/results/lpm_paper10_all_data_plus_tahoe_novartis_op3_seed23_molholdout_h100_2x_bs4096_200epoch_lustre/LPM_b347c04960ae595d/seed_23/checkpoints/epoch-epoch=0013.ckpt	0.40056440	0.35758984	ok
all_datasets	23	sciplex	srivatsan20_sciplex3	lpm_paper10_all_data_plus_tahoe_novartis_op3_seed23_molholdout_h100_2x_bs4096_200epoch_lustre	/ictstr01/groups/ml01/workspace/artur.szalata/code/chem-perturbridge_lpm/.plib_cache/results/lpm_paper10_all_data_plus_tahoe_novartis_op3_seed23_molholdout_h100_2x_bs4096_200epoch_lustre/LPM_b347c04960ae595d/seed_23/checkpoints/epoch-epoch=0026.ckpt	0.65734786	0.68352157	ok
all_datasets	23	tahoe100	tahoe100	lpm_paper10_all_data_plus_tahoe_novartis_op3_seed23_molholdout_h100_2x_bs4096_200epoch_lustre	/ictstr01/groups/ml01/workspace/artur.szalata/code/chem-perturbridge_lpm/.plib_cache/results/lpm_paper10_all_data_plus_tahoe_novartis_op3_seed23_molholdout_h100_2x_bs4096_200epoch_lustre/LPM_b347c04960ae595d/seed_23/checkpoints/epoch-epoch=0001.ckpt	0.74815446	0.73899442	ok
all_datasets	23	vcpi_0001	Ginkgo VCPI vcpi-0001 (tvc-bhr-009)	lpm_paper10_all_data_plus_tahoe_novartis_op3_seed23_molholdout_h100_2x_bs4096_200epoch_lustre	/ictstr01/groups/ml01/workspace/artur.szalata/code/chem-perturbridge_lpm/.plib_cache/results/lpm_paper10_all_data_plus_tahoe_novartis_op3_seed23_molholdout_h100_2x_bs4096_200epoch_lustre/LPM_b347c04960ae595d/seed_23/checkpoints/epoch-epoch=0191.ckpt	0.55394238	0.57084823	ok
all_datasets	23	vcpi_0002	Ginkgo VCPI vcpi-0002 (tvc-kdl-010)	lpm_paper10_all_data_plus_tahoe_novartis_op3_seed23_molholdout_h100_2x_bs4096_200epoch_lustre	/ictstr01/groups/ml01/workspace/artur.szalata/code/chem-perturbridge_lpm/.plib_cache/results/lpm_paper10_all_data_plus_tahoe_novartis_op3_seed23_molholdout_h100_2x_bs4096_200epoch_lustre/LPM_b347c04960ae595d/seed_23/checkpoints/epoch-epoch=0001.ckpt	0.51092863		ok
all_datasets	29	cigs_mce	CIGS MCE	lpm_paper10_all_data_plus_tahoe_novartis_op3_seed29_molholdout_h100_2x_bs4096_200epoch_lustre	/ictstr01/groups/ml01/workspace/artur.szalata/code/chem-perturbridge_lpm/.plib_cache/results/lpm_paper10_all_data_plus_tahoe_novartis_op3_seed29_molholdout_h100_2x_bs4096_200epoch_lustre/LPM_b347c04960ae595d/seed_29/checkpoints/epoch-epoch=0012.ckpt	0.57697803	0.57740629	ok
all_datasets	29	cigs_tcm	CIGS TCM	lpm_paper10_all_data_plus_tahoe_novartis_op3_seed29_molholdout_h100_2x_bs4096_200epoch_lustre	/ictstr01/groups/ml01/workspace/artur.szalata/code/chem-perturbridge_lpm/.plib_cache/results/lpm_paper10_all_data_plus_tahoe_novartis_op3_seed29_molholdout_h100_2x_bs4096_200epoch_lustre/LPM_b347c04960ae595d/seed_29/checkpoints/epoch-epoch=0022.ckpt	0.42506468	0.40882799	ok
all_datasets	29	dilimap_train	dilimap_train	lpm_paper10_all_data_plus_tahoe_novartis_op3_seed29_molholdout_h100_2x_bs4096_200epoch_lustre	/ictstr01/groups/ml01/workspace/artur.szalata/code/chem-perturbridge_lpm/.plib_cache/results/lpm_paper10_all_data_plus_tahoe_novartis_op3_seed29_molholdout_h100_2x_bs4096_200epoch_lustre/LPM_b347c04960ae595d/seed_29/checkpoints/epoch-epoch=0022.ckpt	0.61808032	0.65997827	ok
all_datasets	29	gdpx2	Ginkgo GDPx2	lpm_paper10_all_data_plus_tahoe_novartis_op3_seed29_molholdout_h100_2x_bs4096_200epoch_lustre	/ictstr01/groups/ml01/workspace/artur.szalata/code/chem-perturbridge_lpm/.plib_cache/results/lpm_paper10_all_data_plus_tahoe_novartis_op3_seed29_molholdout_h100_2x_bs4096_200epoch_lustre/LPM_b347c04960ae595d/seed_29/checkpoints/epoch-epoch=0064.ckpt	0.57796681	0.43762904	ok
all_datasets	29	lincs_phase1	LINCS_phase1_level3_epsilon	lpm_paper10_all_data_plus_tahoe_novartis_op3_seed29_molholdout_h100_2x_bs4096_200epoch_lustre	/ictstr01/groups/ml01/workspace/artur.szalata/code/chem-perturbridge_lpm/.plib_cache/results/lpm_paper10_all_data_plus_tahoe_novartis_op3_seed29_molholdout_h100_2x_bs4096_200epoch_lustre/LPM_b347c04960ae595d/seed_29/checkpoints/epoch-epoch=0022.ckpt	0.61690527	0.62963146	ok
all_datasets	29	lincs_phase2	LINCS_phase2_level3	lpm_paper10_all_data_plus_tahoe_novartis_op3_seed29_molholdout_h100_2x_bs4096_200epoch_lustre	/ictstr01/groups/ml01/workspace/artur.szalata/code/chem-perturbridge_lpm/.plib_cache/results/lpm_paper10_all_data_plus_tahoe_novartis_op3_seed29_molholdout_h100_2x_bs4096_200epoch_lustre/LPM_b347c04960ae595d/seed_29/checkpoints/epoch-epoch=0062.ckpt	0.48282835	0.48675653	ok
all_datasets	29	novartis	Novartis MoABox DRUG-seq	lpm_paper10_all_data_plus_tahoe_novartis_op3_seed29_molholdout_h100_2x_bs4096_200epoch_lustre	/ictstr01/groups/ml01/workspace/artur.szalata/code/chem-perturbridge_lpm/.plib_cache/results/lpm_paper10_all_data_plus_tahoe_novartis_op3_seed29_molholdout_h100_2x_bs4096_200epoch_lustre/LPM_b347c04960ae595d/seed_29/checkpoints/epoch-epoch=0001.ckpt	0.68987787	0.55580866	ok
all_datasets	29	op3	op3	lpm_paper10_all_data_plus_tahoe_novartis_op3_seed29_molholdout_h100_2x_bs4096_200epoch_lustre	/ictstr01/groups/ml01/workspace/artur.szalata/code/chem-perturbridge_lpm/.plib_cache/results/lpm_paper10_all_data_plus_tahoe_novartis_op3_seed29_molholdout_h100_2x_bs4096_200epoch_lustre/LPM_b347c04960ae595d/seed_29/checkpoints/epoch-epoch=0041.ckpt	0.40005276	0.35743141	ok
all_datasets	29	sciplex	srivatsan20_sciplex3	lpm_paper10_all_data_plus_tahoe_novartis_op3_seed29_molholdout_h100_2x_bs4096_200epoch_lustre	/ictstr01/groups/ml01/workspace/artur.szalata/code/chem-perturbridge_lpm/.plib_cache/results/lpm_paper10_all_data_plus_tahoe_novartis_op3_seed29_molholdout_h100_2x_bs4096_200epoch_lustre/LPM_b347c04960ae595d/seed_29/checkpoints/epoch-epoch=0062.ckpt	0.65876049	0.68324286	ok
all_datasets	29	tahoe100	tahoe100	lpm_paper10_all_data_plus_tahoe_novartis_op3_seed29_molholdout_h100_2x_bs4096_200epoch_lustre	/ictstr01/groups/ml01/workspace/artur.szalata/code/chem-perturbridge_lpm/.plib_cache/results/lpm_paper10_all_data_plus_tahoe_novartis_op3_seed29_molholdout_h100_2x_bs4096_200epoch_lustre/LPM_b347c04960ae595d/seed_29/checkpoints/epoch-epoch=0022.ckpt	0.74870795	0.73853958	ok
all_datasets	29	vcpi_0001	Ginkgo VCPI vcpi-0001 (tvc-bhr-009)	lpm_paper10_all_data_plus_tahoe_novartis_op3_seed29_molholdout_h100_2x_bs4096_200epoch_lustre	/ictstr01/groups/ml01/workspace/artur.szalata/code/chem-perturbridge_lpm/.plib_cache/results/lpm_paper10_all_data_plus_tahoe_novartis_op3_seed29_molholdout_h100_2x_bs4096_200epoch_lustre/LPM_b347c04960ae595d/seed_29/checkpoints/epoch-epoch=0160.ckpt	0.55394810	0.57080585	ok
all_datasets	29	vcpi_0002	Ginkgo VCPI vcpi-0002 (tvc-kdl-010)	lpm_paper10_all_data_plus_tahoe_novartis_op3_seed29_molholdout_h100_2x_bs4096_200epoch_lustre	/ictstr01/groups/ml01/workspace/artur.szalata/code/chem-perturbridge_lpm/.plib_cache/results/lpm_paper10_all_data_plus_tahoe_novartis_op3_seed29_molholdout_h100_2x_bs4096_200epoch_lustre/LPM_b347c04960ae595d/seed_29/checkpoints/epoch-epoch=0022.ckpt	0.51068014		ok
all_datasets	31	cigs_mce	CIGS MCE	lpm_paper10_all_data_plus_tahoe_novartis_op3_seed31_molholdout_h100_2x_bs4096_200epoch_lustre	/ictstr01/groups/ml01/workspace/artur.szalata/code/chem-perturbridge_lpm/.plib_cache/results/lpm_paper10_all_data_plus_tahoe_novartis_op3_seed31_molholdout_h100_2x_bs4096_200epoch_lustre/LPM_b347c04960ae595d/seed_31/checkpoints/epoch-epoch=0007.ckpt	0.57783550	0.57603800	ok
all_datasets	31	cigs_tcm	CIGS TCM	lpm_paper10_all_data_plus_tahoe_novartis_op3_seed31_molholdout_h100_2x_bs4096_200epoch_lustre	/ictstr01/groups/ml01/workspace/artur.szalata/code/chem-perturbridge_lpm/.plib_cache/results/lpm_paper10_all_data_plus_tahoe_novartis_op3_seed31_molholdout_h100_2x_bs4096_200epoch_lustre/LPM_b347c04960ae595d/seed_31/checkpoints/epoch-epoch=0006.ckpt	0.42486423	0.40817833	ok
all_datasets	31	dilimap_train	dilimap_train	lpm_paper10_all_data_plus_tahoe_novartis_op3_seed31_molholdout_h100_2x_bs4096_200epoch_lustre	/ictstr01/groups/ml01/workspace/artur.szalata/code/chem-perturbridge_lpm/.plib_cache/results/lpm_paper10_all_data_plus_tahoe_novartis_op3_seed31_molholdout_h100_2x_bs4096_200epoch_lustre/LPM_b347c04960ae595d/seed_31/checkpoints/epoch-epoch=0018.ckpt	0.69549012	0.74988955	ok
all_datasets	31	gdpx2	Ginkgo GDPx2	lpm_paper10_all_data_plus_tahoe_novartis_op3_seed31_molholdout_h100_2x_bs4096_200epoch_lustre	/ictstr01/groups/ml01/workspace/artur.szalata/code/chem-perturbridge_lpm/.plib_cache/results/lpm_paper10_all_data_plus_tahoe_novartis_op3_seed31_molholdout_h100_2x_bs4096_200epoch_lustre/LPM_b347c04960ae595d/seed_31/checkpoints/epoch-epoch=0040.ckpt	0.56910890	0.43937066	ok
all_datasets	31	lincs_phase1	LINCS_phase1_level3_epsilon	lpm_paper10_all_data_plus_tahoe_novartis_op3_seed31_molholdout_h100_2x_bs4096_200epoch_lustre	/ictstr01/groups/ml01/workspace/artur.szalata/code/chem-perturbridge_lpm/.plib_cache/results/lpm_paper10_all_data_plus_tahoe_novartis_op3_seed31_molholdout_h100_2x_bs4096_200epoch_lustre/LPM_b347c04960ae595d/seed_31/checkpoints/epoch-epoch=0026.ckpt	0.61461228	0.62731117	ok
all_datasets	31	lincs_phase2	LINCS_phase2_level3	lpm_paper10_all_data_plus_tahoe_novartis_op3_seed31_molholdout_h100_2x_bs4096_200epoch_lustre	/ictstr01/groups/ml01/workspace/artur.szalata/code/chem-perturbridge_lpm/.plib_cache/results/lpm_paper10_all_data_plus_tahoe_novartis_op3_seed31_molholdout_h100_2x_bs4096_200epoch_lustre/LPM_b347c04960ae595d/seed_31/checkpoints/epoch-epoch=0095.ckpt	0.48353332	0.48597074	ok
all_datasets	31	novartis	Novartis MoABox DRUG-seq	lpm_paper10_all_data_plus_tahoe_novartis_op3_seed31_molholdout_h100_2x_bs4096_200epoch_lustre	/ictstr01/groups/ml01/workspace/artur.szalata/code/chem-perturbridge_lpm/.plib_cache/results/lpm_paper10_all_data_plus_tahoe_novartis_op3_seed31_molholdout_h100_2x_bs4096_200epoch_lustre/LPM_b347c04960ae595d/seed_31/checkpoints/epoch-epoch=0006.ckpt	0.68930411	0.55538982	ok
all_datasets	31	op3	op3	lpm_paper10_all_data_plus_tahoe_novartis_op3_seed31_molholdout_h100_2x_bs4096_200epoch_lustre	/ictstr01/groups/ml01/workspace/artur.szalata/code/chem-perturbridge_lpm/.plib_cache/results/lpm_paper10_all_data_plus_tahoe_novartis_op3_seed31_molholdout_h100_2x_bs4096_200epoch_lustre/LPM_b347c04960ae595d/seed_31/checkpoints/epoch-epoch=0018.ckpt	0.40032008	0.35760430	ok
all_datasets	31	sciplex	srivatsan20_sciplex3	lpm_paper10_all_data_plus_tahoe_novartis_op3_seed31_molholdout_h100_2x_bs4096_200epoch_lustre	/ictstr01/groups/ml01/workspace/artur.szalata/code/chem-perturbridge_lpm/.plib_cache/results/lpm_paper10_all_data_plus_tahoe_novartis_op3_seed31_molholdout_h100_2x_bs4096_200epoch_lustre/LPM_b347c04960ae595d/seed_31/checkpoints/epoch-epoch=0022.ckpt	0.65523702	0.68184108	ok
all_datasets	31	tahoe100	tahoe100	lpm_paper10_all_data_plus_tahoe_novartis_op3_seed31_molholdout_h100_2x_bs4096_200epoch_lustre	/ictstr01/groups/ml01/workspace/artur.szalata/code/chem-perturbridge_lpm/.plib_cache/results/lpm_paper10_all_data_plus_tahoe_novartis_op3_seed31_molholdout_h100_2x_bs4096_200epoch_lustre/LPM_b347c04960ae595d/seed_31/checkpoints/epoch-epoch=0001.ckpt	0.74747330	0.73812681	ok
all_datasets	31	vcpi_0001	Ginkgo VCPI vcpi-0001 (tvc-bhr-009)	lpm_paper10_all_data_plus_tahoe_novartis_op3_seed31_molholdout_h100_2x_bs4096_200epoch_lustre	/ictstr01/groups/ml01/workspace/artur.szalata/code/chem-perturbridge_lpm/.plib_cache/results/lpm_paper10_all_data_plus_tahoe_novartis_op3_seed31_molholdout_h100_2x_bs4096_200epoch_lustre/LPM_b347c04960ae595d/seed_31/checkpoints/epoch-epoch=0124.ckpt	0.55394536	0.57084745	ok
all_datasets	31	vcpi_0002	Ginkgo VCPI vcpi-0002 (tvc-kdl-010)	lpm_paper10_all_data_plus_tahoe_novartis_op3_seed31_molholdout_h100_2x_bs4096_200epoch_lustre	/ictstr01/groups/ml01/workspace/artur.szalata/code/chem-perturbridge_lpm/.plib_cache/results/lpm_paper10_all_data_plus_tahoe_novartis_op3_seed31_molholdout_h100_2x_bs4096_200epoch_lustre/LPM_b347c04960ae595d/seed_31/checkpoints/epoch-epoch=0018.ckpt	0.51063550		ok
all_datasets	37	cigs_mce	CIGS MCE	lpm_paper10_all_data_plus_tahoe_novartis_op3_seed37_molholdout_h100_2x_bs4096_200epoch_lustre	/ictstr01/groups/ml01/workspace/artur.szalata/code/chem-perturbridge_lpm/.plib_cache/results/lpm_paper10_all_data_plus_tahoe_novartis_op3_seed37_molholdout_h100_2x_bs4096_200epoch_lustre/LPM_b347c04960ae595d/seed_37/checkpoints/epoch-epoch=0009.ckpt	0.57711947	0.57691437	ok
all_datasets	37	cigs_tcm	CIGS TCM	lpm_paper10_all_data_plus_tahoe_novartis_op3_seed37_molholdout_h100_2x_bs4096_200epoch_lustre	/ictstr01/groups/ml01/workspace/artur.szalata/code/chem-perturbridge_lpm/.plib_cache/results/lpm_paper10_all_data_plus_tahoe_novartis_op3_seed37_molholdout_h100_2x_bs4096_200epoch_lustre/LPM_b347c04960ae595d/seed_37/checkpoints/epoch-epoch=0006.ckpt	0.42480305	0.40804657	ok
all_datasets	37	dilimap_train	dilimap_train	lpm_paper10_all_data_plus_tahoe_novartis_op3_seed37_molholdout_h100_2x_bs4096_200epoch_lustre	/ictstr01/groups/ml01/workspace/artur.szalata/code/chem-perturbridge_lpm/.plib_cache/results/lpm_paper10_all_data_plus_tahoe_novartis_op3_seed37_molholdout_h100_2x_bs4096_200epoch_lustre/LPM_b347c04960ae595d/seed_37/checkpoints/epoch-epoch=0024.ckpt	0.62447029	0.66144150	ok
all_datasets	37	gdpx2	Ginkgo GDPx2	lpm_paper10_all_data_plus_tahoe_novartis_op3_seed37_molholdout_h100_2x_bs4096_200epoch_lustre	/ictstr01/groups/ml01/workspace/artur.szalata/code/chem-perturbridge_lpm/.plib_cache/results/lpm_paper10_all_data_plus_tahoe_novartis_op3_seed37_molholdout_h100_2x_bs4096_200epoch_lustre/LPM_b347c04960ae595d/seed_37/checkpoints/epoch-epoch=0197.ckpt	0.56738406	0.43984267	ok
all_datasets	37	lincs_phase1	LINCS_phase1_level3_epsilon	lpm_paper10_all_data_plus_tahoe_novartis_op3_seed37_molholdout_h100_2x_bs4096_200epoch_lustre	/ictstr01/groups/ml01/workspace/artur.szalata/code/chem-perturbridge_lpm/.plib_cache/results/lpm_paper10_all_data_plus_tahoe_novartis_op3_seed37_molholdout_h100_2x_bs4096_200epoch_lustre/LPM_b347c04960ae595d/seed_37/checkpoints/epoch-epoch=0021.ckpt	0.61674351	0.62960142	ok
all_datasets	37	lincs_phase2	LINCS_phase2_level3	lpm_paper10_all_data_plus_tahoe_novartis_op3_seed37_molholdout_h100_2x_bs4096_200epoch_lustre	/ictstr01/groups/ml01/workspace/artur.szalata/code/chem-perturbridge_lpm/.plib_cache/results/lpm_paper10_all_data_plus_tahoe_novartis_op3_seed37_molholdout_h100_2x_bs4096_200epoch_lustre/LPM_b347c04960ae595d/seed_37/checkpoints/epoch-epoch=0052.ckpt	0.48369747	0.48635763	ok
all_datasets	37	novartis	Novartis MoABox DRUG-seq	lpm_paper10_all_data_plus_tahoe_novartis_op3_seed37_molholdout_h100_2x_bs4096_200epoch_lustre	/ictstr01/groups/ml01/workspace/artur.szalata/code/chem-perturbridge_lpm/.plib_cache/results/lpm_paper10_all_data_plus_tahoe_novartis_op3_seed37_molholdout_h100_2x_bs4096_200epoch_lustre/LPM_b347c04960ae595d/seed_37/checkpoints/epoch-epoch=0000.ckpt	0.69002378	0.55582154	ok
all_datasets	37	op3	op3	lpm_paper10_all_data_plus_tahoe_novartis_op3_seed37_molholdout_h100_2x_bs4096_200epoch_lustre	/ictstr01/groups/ml01/workspace/artur.szalata/code/chem-perturbridge_lpm/.plib_cache/results/lpm_paper10_all_data_plus_tahoe_novartis_op3_seed37_molholdout_h100_2x_bs4096_200epoch_lustre/LPM_b347c04960ae595d/seed_37/checkpoints/epoch-epoch=0089.ckpt	0.40044385	0.35722810	ok
all_datasets	37	sciplex	srivatsan20_sciplex3	lpm_paper10_all_data_plus_tahoe_novartis_op3_seed37_molholdout_h100_2x_bs4096_200epoch_lustre	/ictstr01/groups/ml01/workspace/artur.szalata/code/chem-perturbridge_lpm/.plib_cache/results/lpm_paper10_all_data_plus_tahoe_novartis_op3_seed37_molholdout_h100_2x_bs4096_200epoch_lustre/LPM_b347c04960ae595d/seed_37/checkpoints/epoch-epoch=0027.ckpt	0.65643394	0.68189591	ok
all_datasets	37	tahoe100	tahoe100	lpm_paper10_all_data_plus_tahoe_novartis_op3_seed37_molholdout_h100_2x_bs4096_200epoch_lustre	/ictstr01/groups/ml01/workspace/artur.szalata/code/chem-perturbridge_lpm/.plib_cache/results/lpm_paper10_all_data_plus_tahoe_novartis_op3_seed37_molholdout_h100_2x_bs4096_200epoch_lustre/LPM_b347c04960ae595d/seed_37/checkpoints/epoch-epoch=0024.ckpt	0.74590677	0.73474050	ok
all_datasets	37	vcpi_0001	Ginkgo VCPI vcpi-0001 (tvc-bhr-009)	lpm_paper10_all_data_plus_tahoe_novartis_op3_seed37_molholdout_h100_2x_bs4096_200epoch_lustre	/ictstr01/groups/ml01/workspace/artur.szalata/code/chem-perturbridge_lpm/.plib_cache/results/lpm_paper10_all_data_plus_tahoe_novartis_op3_seed37_molholdout_h100_2x_bs4096_200epoch_lustre/LPM_b347c04960ae595d/seed_37/checkpoints/epoch-epoch=0124.ckpt	0.55394399	0.57082731	ok
all_datasets	37	vcpi_0002	Ginkgo VCPI vcpi-0002 (tvc-kdl-010)	lpm_paper10_all_data_plus_tahoe_novartis_op3_seed37_molholdout_h100_2x_bs4096_200epoch_lustre	/ictstr01/groups/ml01/workspace/artur.szalata/code/chem-perturbridge_lpm/.plib_cache/results/lpm_paper10_all_data_plus_tahoe_novartis_op3_seed37_molholdout_h100_2x_bs4096_200epoch_lustre/LPM_b347c04960ae595d/seed_37/checkpoints/epoch-epoch=0024.ckpt	0.51069212		ok
all_datasets	41	cigs_mce	CIGS MCE	lpm_paper10_all_data_plus_tahoe_novartis_op3_seed41_molholdout_h100_2x_bs4096_200epoch_lustre	/ictstr01/groups/ml01/workspace/artur.szalata/code/chem-perturbridge_lpm/.plib_cache/results/lpm_paper10_all_data_plus_tahoe_novartis_op3_seed41_molholdout_h100_2x_bs4096_200epoch_lustre/LPM_b347c04960ae595d/seed_41/checkpoints/epoch-epoch=0016.ckpt	0.57571423	0.57476610	ok
all_datasets	41	cigs_tcm	CIGS TCM	lpm_paper10_all_data_plus_tahoe_novartis_op3_seed41_molholdout_h100_2x_bs4096_200epoch_lustre	/ictstr01/groups/ml01/workspace/artur.szalata/code/chem-perturbridge_lpm/.plib_cache/results/lpm_paper10_all_data_plus_tahoe_novartis_op3_seed41_molholdout_h100_2x_bs4096_200epoch_lustre/LPM_b347c04960ae595d/seed_41/checkpoints/epoch-epoch=0025.ckpt	0.42492750	0.40790683	ok
all_datasets	41	dilimap_train	dilimap_train	lpm_paper10_all_data_plus_tahoe_novartis_op3_seed41_molholdout_h100_2x_bs4096_200epoch_lustre	/ictstr01/groups/ml01/workspace/artur.szalata/code/chem-perturbridge_lpm/.plib_cache/results/lpm_paper10_all_data_plus_tahoe_novartis_op3_seed41_molholdout_h100_2x_bs4096_200epoch_lustre/LPM_b347c04960ae595d/seed_41/checkpoints/epoch-epoch=0006.ckpt	0.60367221	0.64199126	ok
all_datasets	41	gdpx2	Ginkgo GDPx2	lpm_paper10_all_data_plus_tahoe_novartis_op3_seed41_molholdout_h100_2x_bs4096_200epoch_lustre	/ictstr01/groups/ml01/workspace/artur.szalata/code/chem-perturbridge_lpm/.plib_cache/results/lpm_paper10_all_data_plus_tahoe_novartis_op3_seed41_molholdout_h100_2x_bs4096_200epoch_lustre/LPM_b347c04960ae595d/seed_41/checkpoints/epoch-epoch=0038.ckpt	0.57627857	0.43704206	ok
all_datasets	41	lincs_phase1	LINCS_phase1_level3_epsilon	lpm_paper10_all_data_plus_tahoe_novartis_op3_seed41_molholdout_h100_2x_bs4096_200epoch_lustre	/ictstr01/groups/ml01/workspace/artur.szalata/code/chem-perturbridge_lpm/.plib_cache/results/lpm_paper10_all_data_plus_tahoe_novartis_op3_seed41_molholdout_h100_2x_bs4096_200epoch_lustre/LPM_b347c04960ae595d/seed_41/checkpoints/epoch-epoch=0025.ckpt	0.61416936	0.62805575	ok
all_datasets	41	lincs_phase2	LINCS_phase2_level3	lpm_paper10_all_data_plus_tahoe_novartis_op3_seed41_molholdout_h100_2x_bs4096_200epoch_lustre	/ictstr01/groups/ml01/workspace/artur.szalata/code/chem-perturbridge_lpm/.plib_cache/results/lpm_paper10_all_data_plus_tahoe_novartis_op3_seed41_molholdout_h100_2x_bs4096_200epoch_lustre/LPM_b347c04960ae595d/seed_41/checkpoints/epoch-epoch=0082.ckpt	0.48396507	0.48311019	ok
all_datasets	41	novartis	Novartis MoABox DRUG-seq	lpm_paper10_all_data_plus_tahoe_novartis_op3_seed41_molholdout_h100_2x_bs4096_200epoch_lustre	/ictstr01/groups/ml01/workspace/artur.szalata/code/chem-perturbridge_lpm/.plib_cache/results/lpm_paper10_all_data_plus_tahoe_novartis_op3_seed41_molholdout_h100_2x_bs4096_200epoch_lustre/LPM_b347c04960ae595d/seed_41/checkpoints/epoch-epoch=0018.ckpt	0.68951368	0.55491966	ok
all_datasets	41	op3	op3	lpm_paper10_all_data_plus_tahoe_novartis_op3_seed41_molholdout_h100_2x_bs4096_200epoch_lustre	/ictstr01/groups/ml01/workspace/artur.szalata/code/chem-perturbridge_lpm/.plib_cache/results/lpm_paper10_all_data_plus_tahoe_novartis_op3_seed41_molholdout_h100_2x_bs4096_200epoch_lustre/LPM_b347c04960ae595d/seed_41/checkpoints/epoch-epoch=0057.ckpt	0.40037981	0.35737681	ok
all_datasets	41	sciplex	srivatsan20_sciplex3	lpm_paper10_all_data_plus_tahoe_novartis_op3_seed41_molholdout_h100_2x_bs4096_200epoch_lustre	/ictstr01/groups/ml01/workspace/artur.szalata/code/chem-perturbridge_lpm/.plib_cache/results/lpm_paper10_all_data_plus_tahoe_novartis_op3_seed41_molholdout_h100_2x_bs4096_200epoch_lustre/LPM_b347c04960ae595d/seed_41/checkpoints/epoch-epoch=0023.ckpt	0.65718728	0.68201411	ok
all_datasets	41	tahoe100	tahoe100	lpm_paper10_all_data_plus_tahoe_novartis_op3_seed41_molholdout_h100_2x_bs4096_200epoch_lustre	/ictstr01/groups/ml01/workspace/artur.szalata/code/chem-perturbridge_lpm/.plib_cache/results/lpm_paper10_all_data_plus_tahoe_novartis_op3_seed41_molholdout_h100_2x_bs4096_200epoch_lustre/LPM_b347c04960ae595d/seed_41/checkpoints/epoch-epoch=0006.ckpt	0.74646240	0.73832381	ok
all_datasets	41	vcpi_0001	Ginkgo VCPI vcpi-0001 (tvc-bhr-009)	lpm_paper10_all_data_plus_tahoe_novartis_op3_seed41_molholdout_h100_2x_bs4096_200epoch_lustre	/ictstr01/groups/ml01/workspace/artur.szalata/code/chem-perturbridge_lpm/.plib_cache/results/lpm_paper10_all_data_plus_tahoe_novartis_op3_seed41_molholdout_h100_2x_bs4096_200epoch_lustre/LPM_b347c04960ae595d/seed_41/checkpoints/epoch-epoch=0124.ckpt	0.55394393	0.57081044	ok
all_datasets	41	vcpi_0002	Ginkgo VCPI vcpi-0002 (tvc-kdl-010)	lpm_paper10_all_data_plus_tahoe_novartis_op3_seed41_molholdout_h100_2x_bs4096_200epoch_lustre	/ictstr01/groups/ml01/workspace/artur.szalata/code/chem-perturbridge_lpm/.plib_cache/results/lpm_paper10_all_data_plus_tahoe_novartis_op3_seed41_molholdout_h100_2x_bs4096_200epoch_lustre/LPM_b347c04960ae595d/seed_41/checkpoints/epoch-epoch=0006.ckpt	0.51070684		ok
all_datasets	43	cigs_mce	CIGS MCE	lpm_paper10_all_data_plus_tahoe_novartis_op3_seed43_molholdout_h100_2x_bs4096_200epoch_lustre	/ictstr01/groups/ml01/workspace/artur.szalata/code/chem-perturbridge_lpm/.plib_cache/results/lpm_paper10_all_data_plus_tahoe_novartis_op3_seed43_molholdout_h100_2x_bs4096_200epoch_lustre/LPM_b347c04960ae595d/seed_43/checkpoints/epoch-epoch=0012.ckpt	0.57581306	0.57622969	ok
all_datasets	43	cigs_tcm	CIGS TCM	lpm_paper10_all_data_plus_tahoe_novartis_op3_seed43_molholdout_h100_2x_bs4096_200epoch_lustre	/ictstr01/groups/ml01/workspace/artur.szalata/code/chem-perturbridge_lpm/.plib_cache/results/lpm_paper10_all_data_plus_tahoe_novartis_op3_seed43_molholdout_h100_2x_bs4096_200epoch_lustre/LPM_b347c04960ae595d/seed_43/checkpoints/epoch-epoch=0016.ckpt	0.42465577	0.40801516	ok
all_datasets	43	dilimap_train	dilimap_train	lpm_paper10_all_data_plus_tahoe_novartis_op3_seed43_molholdout_h100_2x_bs4096_200epoch_lustre	/ictstr01/groups/ml01/workspace/artur.szalata/code/chem-perturbridge_lpm/.plib_cache/results/lpm_paper10_all_data_plus_tahoe_novartis_op3_seed43_molholdout_h100_2x_bs4096_200epoch_lustre/LPM_b347c04960ae595d/seed_43/checkpoints/epoch-epoch=0006.ckpt	0.59836453	0.63185608	ok
all_datasets	43	gdpx2	Ginkgo GDPx2	lpm_paper10_all_data_plus_tahoe_novartis_op3_seed43_molholdout_h100_2x_bs4096_200epoch_lustre	/ictstr01/groups/ml01/workspace/artur.szalata/code/chem-perturbridge_lpm/.plib_cache/results/lpm_paper10_all_data_plus_tahoe_novartis_op3_seed43_molholdout_h100_2x_bs4096_200epoch_lustre/LPM_b347c04960ae595d/seed_43/checkpoints/epoch-epoch=0117.ckpt	0.57383275	0.43666354	ok
all_datasets	43	lincs_phase1	LINCS_phase1_level3_epsilon	lpm_paper10_all_data_plus_tahoe_novartis_op3_seed43_molholdout_h100_2x_bs4096_200epoch_lustre	/ictstr01/groups/ml01/workspace/artur.szalata/code/chem-perturbridge_lpm/.plib_cache/results/lpm_paper10_all_data_plus_tahoe_novartis_op3_seed43_molholdout_h100_2x_bs4096_200epoch_lustre/LPM_b347c04960ae595d/seed_43/checkpoints/epoch-epoch=0021.ckpt	0.61541867	0.62877196	ok
all_datasets	43	lincs_phase2	LINCS_phase2_level3	lpm_paper10_all_data_plus_tahoe_novartis_op3_seed43_molholdout_h100_2x_bs4096_200epoch_lustre	/ictstr01/groups/ml01/workspace/artur.szalata/code/chem-perturbridge_lpm/.plib_cache/results/lpm_paper10_all_data_plus_tahoe_novartis_op3_seed43_molholdout_h100_2x_bs4096_200epoch_lustre/LPM_b347c04960ae595d/seed_43/checkpoints/epoch-epoch=0043.ckpt	0.48343652	0.48557290	ok
all_datasets	43	novartis	Novartis MoABox DRUG-seq	lpm_paper10_all_data_plus_tahoe_novartis_op3_seed43_molholdout_h100_2x_bs4096_200epoch_lustre	/ictstr01/groups/ml01/workspace/artur.szalata/code/chem-perturbridge_lpm/.plib_cache/results/lpm_paper10_all_data_plus_tahoe_novartis_op3_seed43_molholdout_h100_2x_bs4096_200epoch_lustre/LPM_b347c04960ae595d/seed_43/checkpoints/epoch-epoch=0001.ckpt	0.68967134	0.55527186	ok
all_datasets	43	op3	op3	lpm_paper10_all_data_plus_tahoe_novartis_op3_seed43_molholdout_h100_2x_bs4096_200epoch_lustre	/ictstr01/groups/ml01/workspace/artur.szalata/code/chem-perturbridge_lpm/.plib_cache/results/lpm_paper10_all_data_plus_tahoe_novartis_op3_seed43_molholdout_h100_2x_bs4096_200epoch_lustre/LPM_b347c04960ae595d/seed_43/checkpoints/epoch-epoch=0003.ckpt	0.40108639	0.35796961	ok
all_datasets	43	sciplex	srivatsan20_sciplex3	lpm_paper10_all_data_plus_tahoe_novartis_op3_seed43_molholdout_h100_2x_bs4096_200epoch_lustre	/ictstr01/groups/ml01/workspace/artur.szalata/code/chem-perturbridge_lpm/.plib_cache/results/lpm_paper10_all_data_plus_tahoe_novartis_op3_seed43_molholdout_h100_2x_bs4096_200epoch_lustre/LPM_b347c04960ae595d/seed_43/checkpoints/epoch-epoch=0101.ckpt	0.65639263	0.68385285	ok
all_datasets	43	tahoe100	tahoe100	lpm_paper10_all_data_plus_tahoe_novartis_op3_seed43_molholdout_h100_2x_bs4096_200epoch_lustre	/ictstr01/groups/ml01/workspace/artur.szalata/code/chem-perturbridge_lpm/.plib_cache/results/lpm_paper10_all_data_plus_tahoe_novartis_op3_seed43_molholdout_h100_2x_bs4096_200epoch_lustre/LPM_b347c04960ae595d/seed_43/checkpoints/epoch-epoch=0006.ckpt	0.74592018	0.74041533	ok
all_datasets	43	vcpi_0001	Ginkgo VCPI vcpi-0001 (tvc-bhr-009)	lpm_paper10_all_data_plus_tahoe_novartis_op3_seed43_molholdout_h100_2x_bs4096_200epoch_lustre	/ictstr01/groups/ml01/workspace/artur.szalata/code/chem-perturbridge_lpm/.plib_cache/results/lpm_paper10_all_data_plus_tahoe_novartis_op3_seed43_molholdout_h100_2x_bs4096_200epoch_lustre/LPM_b347c04960ae595d/seed_43/checkpoints/epoch-epoch=0065.ckpt	0.55366999	0.57084572	ok
all_datasets	43	vcpi_0002	Ginkgo VCPI vcpi-0002 (tvc-kdl-010)	lpm_paper10_all_data_plus_tahoe_novartis_op3_seed43_molholdout_h100_2x_bs4096_200epoch_lustre	/ictstr01/groups/ml01/workspace/artur.szalata/code/chem-perturbridge_lpm/.plib_cache/results/lpm_paper10_all_data_plus_tahoe_novartis_op3_seed43_molholdout_h100_2x_bs4096_200epoch_lustre/LPM_b347c04960ae595d/seed_43/checkpoints/epoch-epoch=0006.ckpt	0.51076013		ok
all_datasets	47	cigs_mce	CIGS MCE	lpm_paper10_all_data_plus_tahoe_novartis_op3_seed47_molholdout_h100_2x_bs4096_200epoch_lustre	/ictstr01/groups/ml01/workspace/artur.szalata/code/chem-perturbridge_lpm/.plib_cache/results/lpm_paper10_all_data_plus_tahoe_novartis_op3_seed47_molholdout_h100_2x_bs4096_200epoch_lustre/LPM_b347c04960ae595d/seed_47/checkpoints/epoch-epoch=0010.ckpt	0.57511717	0.57639170	ok
all_datasets	47	cigs_tcm	CIGS TCM	lpm_paper10_all_data_plus_tahoe_novartis_op3_seed47_molholdout_h100_2x_bs4096_200epoch_lustre	/ictstr01/groups/ml01/workspace/artur.szalata/code/chem-perturbridge_lpm/.plib_cache/results/lpm_paper10_all_data_plus_tahoe_novartis_op3_seed47_molholdout_h100_2x_bs4096_200epoch_lustre/LPM_b347c04960ae595d/seed_47/checkpoints/epoch-epoch=0006.ckpt	0.42496035	0.40798879	ok
all_datasets	47	dilimap_train	dilimap_train	lpm_paper10_all_data_plus_tahoe_novartis_op3_seed47_molholdout_h100_2x_bs4096_200epoch_lustre	/ictstr01/groups/ml01/workspace/artur.szalata/code/chem-perturbridge_lpm/.plib_cache/results/lpm_paper10_all_data_plus_tahoe_novartis_op3_seed47_molholdout_h100_2x_bs4096_200epoch_lustre/LPM_b347c04960ae595d/seed_47/checkpoints/epoch-epoch=0015.ckpt	0.60339975	0.64146775	ok
all_datasets	47	gdpx2	Ginkgo GDPx2	lpm_paper10_all_data_plus_tahoe_novartis_op3_seed47_molholdout_h100_2x_bs4096_200epoch_lustre	/ictstr01/groups/ml01/workspace/artur.szalata/code/chem-perturbridge_lpm/.plib_cache/results/lpm_paper10_all_data_plus_tahoe_novartis_op3_seed47_molholdout_h100_2x_bs4096_200epoch_lustre/LPM_b347c04960ae595d/seed_47/checkpoints/epoch-epoch=0055.ckpt	0.57054347	0.43746251	ok
all_datasets	47	lincs_phase1	LINCS_phase1_level3_epsilon	lpm_paper10_all_data_plus_tahoe_novartis_op3_seed47_molholdout_h100_2x_bs4096_200epoch_lustre	/ictstr01/groups/ml01/workspace/artur.szalata/code/chem-perturbridge_lpm/.plib_cache/results/lpm_paper10_all_data_plus_tahoe_novartis_op3_seed47_molholdout_h100_2x_bs4096_200epoch_lustre/LPM_b347c04960ae595d/seed_47/checkpoints/epoch-epoch=0022.ckpt	0.61483568	0.62771118	ok
all_datasets	47	lincs_phase2	LINCS_phase2_level3	lpm_paper10_all_data_plus_tahoe_novartis_op3_seed47_molholdout_h100_2x_bs4096_200epoch_lustre	/ictstr01/groups/ml01/workspace/artur.szalata/code/chem-perturbridge_lpm/.plib_cache/results/lpm_paper10_all_data_plus_tahoe_novartis_op3_seed47_molholdout_h100_2x_bs4096_200epoch_lustre/LPM_b347c04960ae595d/seed_47/checkpoints/epoch-epoch=0110.ckpt	0.48097235	0.48305741	ok
all_datasets	47	novartis	Novartis MoABox DRUG-seq	lpm_paper10_all_data_plus_tahoe_novartis_op3_seed47_molholdout_h100_2x_bs4096_200epoch_lustre	/ictstr01/groups/ml01/workspace/artur.szalata/code/chem-perturbridge_lpm/.plib_cache/results/lpm_paper10_all_data_plus_tahoe_novartis_op3_seed47_molholdout_h100_2x_bs4096_200epoch_lustre/LPM_b347c04960ae595d/seed_47/checkpoints/epoch-epoch=0000.ckpt	0.69005942	0.55583745	ok
all_datasets	47	op3	op3	lpm_paper10_all_data_plus_tahoe_novartis_op3_seed47_molholdout_h100_2x_bs4096_200epoch_lustre	/ictstr01/groups/ml01/workspace/artur.szalata/code/chem-perturbridge_lpm/.plib_cache/results/lpm_paper10_all_data_plus_tahoe_novartis_op3_seed47_molholdout_h100_2x_bs4096_200epoch_lustre/LPM_b347c04960ae595d/seed_47/checkpoints/epoch-epoch=0020.ckpt	0.40016484	0.35724109	ok
all_datasets	47	sciplex	srivatsan20_sciplex3	lpm_paper10_all_data_plus_tahoe_novartis_op3_seed47_molholdout_h100_2x_bs4096_200epoch_lustre	/ictstr01/groups/ml01/workspace/artur.szalata/code/chem-perturbridge_lpm/.plib_cache/results/lpm_paper10_all_data_plus_tahoe_novartis_op3_seed47_molholdout_h100_2x_bs4096_200epoch_lustre/LPM_b347c04960ae595d/seed_47/checkpoints/epoch-epoch=0099.ckpt	0.65407926	0.68233478	ok
all_datasets	47	tahoe100	tahoe100	lpm_paper10_all_data_plus_tahoe_novartis_op3_seed47_molholdout_h100_2x_bs4096_200epoch_lustre	/ictstr01/groups/ml01/workspace/artur.szalata/code/chem-perturbridge_lpm/.plib_cache/results/lpm_paper10_all_data_plus_tahoe_novartis_op3_seed47_molholdout_h100_2x_bs4096_200epoch_lustre/LPM_b347c04960ae595d/seed_47/checkpoints/epoch-epoch=0015.ckpt	0.74560571	0.74283755	ok
all_datasets	47	vcpi_0001	Ginkgo VCPI vcpi-0001 (tvc-bhr-009)	lpm_paper10_all_data_plus_tahoe_novartis_op3_seed47_molholdout_h100_2x_bs4096_200epoch_lustre	/ictstr01/groups/ml01/workspace/artur.szalata/code/chem-perturbridge_lpm/.plib_cache/results/lpm_paper10_all_data_plus_tahoe_novartis_op3_seed47_molholdout_h100_2x_bs4096_200epoch_lustre/LPM_b347c04960ae595d/seed_47/checkpoints/epoch-epoch=0159.ckpt	0.55390978	0.57085949	ok
all_datasets	47	vcpi_0002	Ginkgo VCPI vcpi-0002 (tvc-kdl-010)	lpm_paper10_all_data_plus_tahoe_novartis_op3_seed47_molholdout_h100_2x_bs4096_200epoch_lustre	/ictstr01/groups/ml01/workspace/artur.szalata/code/chem-perturbridge_lpm/.plib_cache/results/lpm_paper10_all_data_plus_tahoe_novartis_op3_seed47_molholdout_h100_2x_bs4096_200epoch_lustre/LPM_b347c04960ae595d/seed_47/checkpoints/epoch-epoch=0015.ckpt	0.51070821		ok
all_datasets_morgan_fixed	13	cigs_mce	CIGS MCE	lpm_paper10_morgan_fixed_all_data_plus_tahoe_novartis_op3_seed13_molholdout_h100_2x_bs4096_200epoch_lustre	/ictstr01/groups/ml01/workspace/artur.szalata/code/chem-perturbridge_lpm/.plib_cache/results/lpm_paper10_morgan_fixed_all_data_plus_tahoe_novartis_op3_seed13_molholdout_h100_2x_bs4096_200epoch_lustre/LPM_e0553ae76d7decce/seed_13/checkpoints/epoch-epoch=0041.ckpt	0.57374716	0.57294101	ok
all_datasets_morgan_fixed	13	cigs_tcm	CIGS TCM	lpm_paper10_morgan_fixed_all_data_plus_tahoe_novartis_op3_seed13_molholdout_h100_2x_bs4096_200epoch_lustre	/ictstr01/groups/ml01/workspace/artur.szalata/code/chem-perturbridge_lpm/.plib_cache/results/lpm_paper10_morgan_fixed_all_data_plus_tahoe_novartis_op3_seed13_molholdout_h100_2x_bs4096_200epoch_lustre/LPM_e0553ae76d7decce/seed_13/checkpoints/epoch-epoch=0088.ckpt	0.42331421	0.40710187	ok
all_datasets_morgan_fixed	13	dilimap_train	dilimap_train	lpm_paper10_morgan_fixed_all_data_plus_tahoe_novartis_op3_seed13_molholdout_h100_2x_bs4096_200epoch_lustre	/ictstr01/groups/ml01/workspace/artur.szalata/code/chem-perturbridge_lpm/.plib_cache/results/lpm_paper10_morgan_fixed_all_data_plus_tahoe_novartis_op3_seed13_molholdout_h100_2x_bs4096_200epoch_lustre/LPM_e0553ae76d7decce/seed_13/checkpoints/epoch-epoch=0048.ckpt	0.60846013	0.64542997	ok
all_datasets_morgan_fixed	13	gdpx2	Ginkgo GDPx2	lpm_paper10_morgan_fixed_all_data_plus_tahoe_novartis_op3_seed13_molholdout_h100_2x_bs4096_200epoch_lustre	/ictstr01/groups/ml01/workspace/artur.szalata/code/chem-perturbridge_lpm/.plib_cache/results/lpm_paper10_morgan_fixed_all_data_plus_tahoe_novartis_op3_seed13_molholdout_h100_2x_bs4096_200epoch_lustre/LPM_e0553ae76d7decce/seed_13/checkpoints/epoch-epoch=0130.ckpt	0.57340515	0.43198562	ok
all_datasets_morgan_fixed	13	lincs_phase1	LINCS_phase1_level3_epsilon	lpm_paper10_morgan_fixed_all_data_plus_tahoe_novartis_op3_seed13_molholdout_h100_2x_bs4096_200epoch_lustre	/ictstr01/groups/ml01/workspace/artur.szalata/code/chem-perturbridge_lpm/.plib_cache/results/lpm_paper10_morgan_fixed_all_data_plus_tahoe_novartis_op3_seed13_molholdout_h100_2x_bs4096_200epoch_lustre/LPM_e0553ae76d7decce/seed_13/checkpoints/epoch-epoch=0184.ckpt	0.61775535	0.62581998	ok
all_datasets_morgan_fixed	13	lincs_phase2	LINCS_phase2_level3	lpm_paper10_morgan_fixed_all_data_plus_tahoe_novartis_op3_seed13_molholdout_h100_2x_bs4096_200epoch_lustre	/ictstr01/groups/ml01/workspace/artur.szalata/code/chem-perturbridge_lpm/.plib_cache/results/lpm_paper10_morgan_fixed_all_data_plus_tahoe_novartis_op3_seed13_molholdout_h100_2x_bs4096_200epoch_lustre/LPM_e0553ae76d7decce/seed_13/checkpoints/epoch-epoch=0060.ckpt	0.48690742	0.48564866	ok
all_datasets_morgan_fixed	13	novartis	Novartis MoABox DRUG-seq	lpm_paper10_morgan_fixed_all_data_plus_tahoe_novartis_op3_seed13_molholdout_h100_2x_bs4096_200epoch_lustre	/ictstr01/groups/ml01/workspace/artur.szalata/code/chem-perturbridge_lpm/.plib_cache/results/lpm_paper10_morgan_fixed_all_data_plus_tahoe_novartis_op3_seed13_molholdout_h100_2x_bs4096_200epoch_lustre/LPM_e0553ae76d7decce/seed_13/checkpoints/epoch-epoch=0004.ckpt	0.68987435	0.55576771	ok
all_datasets_morgan_fixed	13	op3	op3	lpm_paper10_morgan_fixed_all_data_plus_tahoe_novartis_op3_seed13_molholdout_h100_2x_bs4096_200epoch_lustre	/ictstr01/groups/ml01/workspace/artur.szalata/code/chem-perturbridge_lpm/.plib_cache/results/lpm_paper10_morgan_fixed_all_data_plus_tahoe_novartis_op3_seed13_molholdout_h100_2x_bs4096_200epoch_lustre/LPM_e0553ae76d7decce/seed_13/checkpoints/epoch-epoch=0088.ckpt	0.39989761	0.35696328	ok
all_datasets_morgan_fixed	13	sciplex	srivatsan20_sciplex3	lpm_paper10_morgan_fixed_all_data_plus_tahoe_novartis_op3_seed13_molholdout_h100_2x_bs4096_200epoch_lustre	/ictstr01/groups/ml01/workspace/artur.szalata/code/chem-perturbridge_lpm/.plib_cache/results/lpm_paper10_morgan_fixed_all_data_plus_tahoe_novartis_op3_seed13_molholdout_h100_2x_bs4096_200epoch_lustre/LPM_e0553ae76d7decce/seed_13/checkpoints/epoch-epoch=0114.ckpt	0.65591896	0.68141371	ok
all_datasets_morgan_fixed	13	tahoe100	tahoe100	lpm_paper10_morgan_fixed_all_data_plus_tahoe_novartis_op3_seed13_molholdout_h100_2x_bs4096_200epoch_lustre	/ictstr01/groups/ml01/workspace/artur.szalata/code/chem-perturbridge_lpm/.plib_cache/results/lpm_paper10_morgan_fixed_all_data_plus_tahoe_novartis_op3_seed13_molholdout_h100_2x_bs4096_200epoch_lustre/LPM_e0553ae76d7decce/seed_13/checkpoints/epoch-epoch=0048.ckpt	0.74095577	0.72912431	ok
all_datasets_morgan_fixed	13	vcpi_0001	Ginkgo VCPI vcpi-0001 (tvc-bhr-009)	lpm_paper10_morgan_fixed_all_data_plus_tahoe_novartis_op3_seed13_molholdout_h100_2x_bs4096_200epoch_lustre	/ictstr01/groups/ml01/workspace/artur.szalata/code/chem-perturbridge_lpm/.plib_cache/results/lpm_paper10_morgan_fixed_all_data_plus_tahoe_novartis_op3_seed13_molholdout_h100_2x_bs4096_200epoch_lustre/LPM_e0553ae76d7decce/seed_13/checkpoints/epoch-epoch=0159.ckpt	0.55370831	0.57082278	ok
all_datasets_morgan_fixed	13	vcpi_0002	Ginkgo VCPI vcpi-0002 (tvc-kdl-010)	lpm_paper10_morgan_fixed_all_data_plus_tahoe_novartis_op3_seed13_molholdout_h100_2x_bs4096_200epoch_lustre	/ictstr01/groups/ml01/workspace/artur.szalata/code/chem-perturbridge_lpm/.plib_cache/results/lpm_paper10_morgan_fixed_all_data_plus_tahoe_novartis_op3_seed13_molholdout_h100_2x_bs4096_200epoch_lustre/LPM_e0553ae76d7decce/seed_13/checkpoints/epoch-epoch=0048.ckpt	0.51034546		ok
all_datasets_morgan_fixed	17	cigs_mce	CIGS MCE	lpm_paper10_morgan_fixed_all_data_plus_tahoe_novartis_op3_seed17_molholdout_h100_2x_bs4096_200epoch_lustre	/ictstr01/groups/ml01/workspace/artur.szalata/code/chem-perturbridge_lpm/.plib_cache/results/lpm_paper10_morgan_fixed_all_data_plus_tahoe_novartis_op3_seed17_molholdout_h100_2x_bs4096_200epoch_lustre/LPM_e0553ae76d7decce/seed_17/checkpoints/epoch-epoch=0018.ckpt	0.57402307	0.57293874	ok
all_datasets_morgan_fixed	17	cigs_tcm	CIGS TCM	lpm_paper10_morgan_fixed_all_data_plus_tahoe_novartis_op3_seed17_molholdout_h100_2x_bs4096_200epoch_lustre	/ictstr01/groups/ml01/workspace/artur.szalata/code/chem-perturbridge_lpm/.plib_cache/results/lpm_paper10_morgan_fixed_all_data_plus_tahoe_novartis_op3_seed17_molholdout_h100_2x_bs4096_200epoch_lustre/LPM_e0553ae76d7decce/seed_17/checkpoints/epoch-epoch=0040.ckpt	0.42427421	0.40753064	ok
all_datasets_morgan_fixed	17	dilimap_train	dilimap_train	lpm_paper10_morgan_fixed_all_data_plus_tahoe_novartis_op3_seed17_molholdout_h100_2x_bs4096_200epoch_lustre	/ictstr01/groups/ml01/workspace/artur.szalata/code/chem-perturbridge_lpm/.plib_cache/results/lpm_paper10_morgan_fixed_all_data_plus_tahoe_novartis_op3_seed17_molholdout_h100_2x_bs4096_200epoch_lustre/LPM_e0553ae76d7decce/seed_17/checkpoints/epoch-epoch=0014.ckpt	0.61900246	0.66217905	ok
all_datasets_morgan_fixed	17	gdpx2	Ginkgo GDPx2	lpm_paper10_morgan_fixed_all_data_plus_tahoe_novartis_op3_seed17_molholdout_h100_2x_bs4096_200epoch_lustre	/ictstr01/groups/ml01/workspace/artur.szalata/code/chem-perturbridge_lpm/.plib_cache/results/lpm_paper10_morgan_fixed_all_data_plus_tahoe_novartis_op3_seed17_molholdout_h100_2x_bs4096_200epoch_lustre/LPM_e0553ae76d7decce/seed_17/checkpoints/epoch-epoch=0033.ckpt	0.57840550	0.43427479	ok
all_datasets_morgan_fixed	17	lincs_phase1	LINCS_phase1_level3_epsilon	lpm_paper10_morgan_fixed_all_data_plus_tahoe_novartis_op3_seed17_molholdout_h100_2x_bs4096_200epoch_lustre	/ictstr01/groups/ml01/workspace/artur.szalata/code/chem-perturbridge_lpm/.plib_cache/results/lpm_paper10_morgan_fixed_all_data_plus_tahoe_novartis_op3_seed17_molholdout_h100_2x_bs4096_200epoch_lustre/LPM_e0553ae76d7decce/seed_17/checkpoints/epoch-epoch=0198.ckpt	0.61898106	0.62703711	ok
all_datasets_morgan_fixed	17	lincs_phase2	LINCS_phase2_level3	lpm_paper10_morgan_fixed_all_data_plus_tahoe_novartis_op3_seed17_molholdout_h100_2x_bs4096_200epoch_lustre	/ictstr01/groups/ml01/workspace/artur.szalata/code/chem-perturbridge_lpm/.plib_cache/results/lpm_paper10_morgan_fixed_all_data_plus_tahoe_novartis_op3_seed17_molholdout_h100_2x_bs4096_200epoch_lustre/LPM_e0553ae76d7decce/seed_17/checkpoints/epoch-epoch=0030.ckpt	0.48719689	0.48732901	ok
all_datasets_morgan_fixed	17	novartis	Novartis MoABox DRUG-seq	lpm_paper10_morgan_fixed_all_data_plus_tahoe_novartis_op3_seed17_molholdout_h100_2x_bs4096_200epoch_lustre	/ictstr01/groups/ml01/workspace/artur.szalata/code/chem-perturbridge_lpm/.plib_cache/results/lpm_paper10_morgan_fixed_all_data_plus_tahoe_novartis_op3_seed17_molholdout_h100_2x_bs4096_200epoch_lustre/LPM_e0553ae76d7decce/seed_17/checkpoints/epoch-epoch=0001.ckpt	0.68938404	0.55501896	ok
all_datasets_morgan_fixed	17	op3	op3	lpm_paper10_morgan_fixed_all_data_plus_tahoe_novartis_op3_seed17_molholdout_h100_2x_bs4096_200epoch_lustre	/ictstr01/groups/ml01/workspace/artur.szalata/code/chem-perturbridge_lpm/.plib_cache/results/lpm_paper10_morgan_fixed_all_data_plus_tahoe_novartis_op3_seed17_molholdout_h100_2x_bs4096_200epoch_lustre/LPM_e0553ae76d7decce/seed_17/checkpoints/epoch-epoch=0017.ckpt	0.39983135	0.35685053	ok
all_datasets_morgan_fixed	17	sciplex	srivatsan20_sciplex3	lpm_paper10_morgan_fixed_all_data_plus_tahoe_novartis_op3_seed17_molholdout_h100_2x_bs4096_200epoch_lustre	/ictstr01/groups/ml01/workspace/artur.szalata/code/chem-perturbridge_lpm/.plib_cache/results/lpm_paper10_morgan_fixed_all_data_plus_tahoe_novartis_op3_seed17_molholdout_h100_2x_bs4096_200epoch_lustre/LPM_e0553ae76d7decce/seed_17/checkpoints/epoch-epoch=0066.ckpt	0.65579027	0.68201172	ok
all_datasets_morgan_fixed	17	tahoe100	tahoe100	lpm_paper10_morgan_fixed_all_data_plus_tahoe_novartis_op3_seed17_molholdout_h100_2x_bs4096_200epoch_lustre	/ictstr01/groups/ml01/workspace/artur.szalata/code/chem-perturbridge_lpm/.plib_cache/results/lpm_paper10_morgan_fixed_all_data_plus_tahoe_novartis_op3_seed17_molholdout_h100_2x_bs4096_200epoch_lustre/LPM_e0553ae76d7decce/seed_17/checkpoints/epoch-epoch=0014.ckpt	0.73973554	0.72777879	ok
all_datasets_morgan_fixed	17	vcpi_0001	Ginkgo VCPI vcpi-0001 (tvc-bhr-009)	lpm_paper10_morgan_fixed_all_data_plus_tahoe_novartis_op3_seed17_molholdout_h100_2x_bs4096_200epoch_lustre	/ictstr01/groups/ml01/workspace/artur.szalata/code/chem-perturbridge_lpm/.plib_cache/results/lpm_paper10_morgan_fixed_all_data_plus_tahoe_novartis_op3_seed17_molholdout_h100_2x_bs4096_200epoch_lustre/LPM_e0553ae76d7decce/seed_17/checkpoints/epoch-epoch=0160.ckpt	0.55368996	0.57083547	ok
all_datasets_morgan_fixed	17	vcpi_0002	Ginkgo VCPI vcpi-0002 (tvc-kdl-010)	lpm_paper10_morgan_fixed_all_data_plus_tahoe_novartis_op3_seed17_molholdout_h100_2x_bs4096_200epoch_lustre	/ictstr01/groups/ml01/workspace/artur.szalata/code/chem-perturbridge_lpm/.plib_cache/results/lpm_paper10_morgan_fixed_all_data_plus_tahoe_novartis_op3_seed17_molholdout_h100_2x_bs4096_200epoch_lustre/LPM_e0553ae76d7decce/seed_17/checkpoints/epoch-epoch=0014.ckpt	0.51051342		ok
all_datasets_morgan_fixed	19	cigs_mce	CIGS MCE	lpm_paper10_morgan_fixed_all_data_plus_tahoe_novartis_op3_seed19_molholdout_h100_2x_bs4096_200epoch_lustre	/ictstr01/groups/ml01/workspace/artur.szalata/code/chem-perturbridge_lpm/.plib_cache/results/lpm_paper10_morgan_fixed_all_data_plus_tahoe_novartis_op3_seed19_molholdout_h100_2x_bs4096_200epoch_lustre/LPM_e0553ae76d7decce/seed_19/checkpoints/epoch-epoch=0036.ckpt	0.57452786	0.57344896	ok
all_datasets_morgan_fixed	19	cigs_tcm	CIGS TCM	lpm_paper10_morgan_fixed_all_data_plus_tahoe_novartis_op3_seed19_molholdout_h100_2x_bs4096_200epoch_lustre	/ictstr01/groups/ml01/workspace/artur.szalata/code/chem-perturbridge_lpm/.plib_cache/results/lpm_paper10_morgan_fixed_all_data_plus_tahoe_novartis_op3_seed19_molholdout_h100_2x_bs4096_200epoch_lustre/LPM_e0553ae76d7decce/seed_19/checkpoints/epoch-epoch=0069.ckpt	0.42324510	0.40710500	ok
all_datasets_morgan_fixed	19	dilimap_train	dilimap_train	lpm_paper10_morgan_fixed_all_data_plus_tahoe_novartis_op3_seed19_molholdout_h100_2x_bs4096_200epoch_lustre	/ictstr01/groups/ml01/workspace/artur.szalata/code/chem-perturbridge_lpm/.plib_cache/results/lpm_paper10_morgan_fixed_all_data_plus_tahoe_novartis_op3_seed19_molholdout_h100_2x_bs4096_200epoch_lustre/LPM_e0553ae76d7decce/seed_19/checkpoints/epoch-epoch=0027.ckpt	0.60842878	0.64980358	ok
all_datasets_morgan_fixed	19	gdpx2	Ginkgo GDPx2	lpm_paper10_morgan_fixed_all_data_plus_tahoe_novartis_op3_seed19_molholdout_h100_2x_bs4096_200epoch_lustre	/ictstr01/groups/ml01/workspace/artur.szalata/code/chem-perturbridge_lpm/.plib_cache/results/lpm_paper10_morgan_fixed_all_data_plus_tahoe_novartis_op3_seed19_molholdout_h100_2x_bs4096_200epoch_lustre/LPM_e0553ae76d7decce/seed_19/checkpoints/epoch-epoch=0092.ckpt	0.57627058	0.43188027	ok
all_datasets_morgan_fixed	19	lincs_phase1	LINCS_phase1_level3_epsilon	lpm_paper10_morgan_fixed_all_data_plus_tahoe_novartis_op3_seed19_molholdout_h100_2x_bs4096_200epoch_lustre	/ictstr01/groups/ml01/workspace/artur.szalata/code/chem-perturbridge_lpm/.plib_cache/results/lpm_paper10_morgan_fixed_all_data_plus_tahoe_novartis_op3_seed19_molholdout_h100_2x_bs4096_200epoch_lustre/LPM_e0553ae76d7decce/seed_19/checkpoints/epoch-epoch=0191.ckpt	0.61644840	0.62682235	ok
all_datasets_morgan_fixed	19	lincs_phase2	LINCS_phase2_level3	lpm_paper10_morgan_fixed_all_data_plus_tahoe_novartis_op3_seed19_molholdout_h100_2x_bs4096_200epoch_lustre	/ictstr01/groups/ml01/workspace/artur.szalata/code/chem-perturbridge_lpm/.plib_cache/results/lpm_paper10_morgan_fixed_all_data_plus_tahoe_novartis_op3_seed19_molholdout_h100_2x_bs4096_200epoch_lustre/LPM_e0553ae76d7decce/seed_19/checkpoints/epoch-epoch=0044.ckpt	0.48634550	0.48611331	ok
all_datasets_morgan_fixed	19	novartis	Novartis MoABox DRUG-seq	lpm_paper10_morgan_fixed_all_data_plus_tahoe_novartis_op3_seed19_molholdout_h100_2x_bs4096_200epoch_lustre	/ictstr01/groups/ml01/workspace/artur.szalata/code/chem-perturbridge_lpm/.plib_cache/results/lpm_paper10_morgan_fixed_all_data_plus_tahoe_novartis_op3_seed19_molholdout_h100_2x_bs4096_200epoch_lustre/LPM_e0553ae76d7decce/seed_19/checkpoints/epoch-epoch=0002.ckpt	0.68944716	0.55502361	ok
all_datasets_morgan_fixed	19	op3	op3	lpm_paper10_morgan_fixed_all_data_plus_tahoe_novartis_op3_seed19_molholdout_h100_2x_bs4096_200epoch_lustre	/ictstr01/groups/ml01/workspace/artur.szalata/code/chem-perturbridge_lpm/.plib_cache/results/lpm_paper10_morgan_fixed_all_data_plus_tahoe_novartis_op3_seed19_molholdout_h100_2x_bs4096_200epoch_lustre/LPM_e0553ae76d7decce/seed_19/checkpoints/epoch-epoch=0075.ckpt	0.39964432	0.35378760	ok
all_datasets_morgan_fixed	19	sciplex	srivatsan20_sciplex3	lpm_paper10_morgan_fixed_all_data_plus_tahoe_novartis_op3_seed19_molholdout_h100_2x_bs4096_200epoch_lustre	/ictstr01/groups/ml01/workspace/artur.szalata/code/chem-perturbridge_lpm/.plib_cache/results/lpm_paper10_morgan_fixed_all_data_plus_tahoe_novartis_op3_seed19_molholdout_h100_2x_bs4096_200epoch_lustre/LPM_e0553ae76d7decce/seed_19/checkpoints/epoch-epoch=0030.ckpt	0.65742469	0.68154424	ok
all_datasets_morgan_fixed	19	tahoe100	tahoe100	lpm_paper10_morgan_fixed_all_data_plus_tahoe_novartis_op3_seed19_molholdout_h100_2x_bs4096_200epoch_lustre	/ictstr01/groups/ml01/workspace/artur.szalata/code/chem-perturbridge_lpm/.plib_cache/results/lpm_paper10_morgan_fixed_all_data_plus_tahoe_novartis_op3_seed19_molholdout_h100_2x_bs4096_200epoch_lustre/LPM_e0553ae76d7decce/seed_19/checkpoints/epoch-epoch=0027.ckpt	0.74033636	0.72915071	ok
all_datasets_morgan_fixed	19	vcpi_0001	Ginkgo VCPI vcpi-0001 (tvc-bhr-009)	lpm_paper10_morgan_fixed_all_data_plus_tahoe_novartis_op3_seed19_molholdout_h100_2x_bs4096_200epoch_lustre	/ictstr01/groups/ml01/workspace/artur.szalata/code/chem-perturbridge_lpm/.plib_cache/results/lpm_paper10_morgan_fixed_all_data_plus_tahoe_novartis_op3_seed19_molholdout_h100_2x_bs4096_200epoch_lustre/LPM_e0553ae76d7decce/seed_19/checkpoints/epoch-epoch=0160.ckpt	0.55391473	0.57082450	ok
all_datasets_morgan_fixed	19	vcpi_0002	Ginkgo VCPI vcpi-0002 (tvc-kdl-010)	lpm_paper10_morgan_fixed_all_data_plus_tahoe_novartis_op3_seed19_molholdout_h100_2x_bs4096_200epoch_lustre	/ictstr01/groups/ml01/workspace/artur.szalata/code/chem-perturbridge_lpm/.plib_cache/results/lpm_paper10_morgan_fixed_all_data_plus_tahoe_novartis_op3_seed19_molholdout_h100_2x_bs4096_200epoch_lustre/LPM_e0553ae76d7decce/seed_19/checkpoints/epoch-epoch=0027.ckpt	0.51066929		ok
all_datasets_morgan_fixed	23	cigs_mce	CIGS MCE	lpm_paper10_morgan_fixed_all_data_plus_tahoe_novartis_op3_seed23_molholdout_h100_2x_bs4096_200epoch_lustre	/ictstr01/groups/ml01/workspace/artur.szalata/code/chem-perturbridge_lpm/.plib_cache/results/lpm_paper10_morgan_fixed_all_data_plus_tahoe_novartis_op3_seed23_molholdout_h100_2x_bs4096_200epoch_lustre/LPM_e0553ae76d7decce/seed_23/checkpoints/epoch-epoch=0032.ckpt	0.57427770	0.57306659	ok
all_datasets_morgan_fixed	23	cigs_tcm	CIGS TCM	lpm_paper10_morgan_fixed_all_data_plus_tahoe_novartis_op3_seed23_molholdout_h100_2x_bs4096_200epoch_lustre	/ictstr01/groups/ml01/workspace/artur.szalata/code/chem-perturbridge_lpm/.plib_cache/results/lpm_paper10_morgan_fixed_all_data_plus_tahoe_novartis_op3_seed23_molholdout_h100_2x_bs4096_200epoch_lustre/LPM_e0553ae76d7decce/seed_23/checkpoints/epoch-epoch=0199.ckpt	0.42292979	0.40681991	ok
all_datasets_morgan_fixed	23	dilimap_train	dilimap_train	lpm_paper10_morgan_fixed_all_data_plus_tahoe_novartis_op3_seed23_molholdout_h100_2x_bs4096_200epoch_lustre	/ictstr01/groups/ml01/workspace/artur.szalata/code/chem-perturbridge_lpm/.plib_cache/results/lpm_paper10_morgan_fixed_all_data_plus_tahoe_novartis_op3_seed23_molholdout_h100_2x_bs4096_200epoch_lustre/LPM_e0553ae76d7decce/seed_23/checkpoints/epoch-epoch=0045.ckpt	0.63698477	0.68003327	ok
all_datasets_morgan_fixed	23	gdpx2	Ginkgo GDPx2	lpm_paper10_morgan_fixed_all_data_plus_tahoe_novartis_op3_seed23_molholdout_h100_2x_bs4096_200epoch_lustre	/ictstr01/groups/ml01/workspace/artur.szalata/code/chem-perturbridge_lpm/.plib_cache/results/lpm_paper10_morgan_fixed_all_data_plus_tahoe_novartis_op3_seed23_molholdout_h100_2x_bs4096_200epoch_lustre/LPM_e0553ae76d7decce/seed_23/checkpoints/epoch-epoch=0079.ckpt	0.57144302	0.43005234	ok
all_datasets_morgan_fixed	23	lincs_phase1	LINCS_phase1_level3_epsilon	lpm_paper10_morgan_fixed_all_data_plus_tahoe_novartis_op3_seed23_molholdout_h100_2x_bs4096_200epoch_lustre	/ictstr01/groups/ml01/workspace/artur.szalata/code/chem-perturbridge_lpm/.plib_cache/results/lpm_paper10_morgan_fixed_all_data_plus_tahoe_novartis_op3_seed23_molholdout_h100_2x_bs4096_200epoch_lustre/LPM_e0553ae76d7decce/seed_23/checkpoints/epoch-epoch=0133.ckpt	0.61195546	0.62597096	ok
all_datasets_morgan_fixed	23	lincs_phase2	LINCS_phase2_level3	lpm_paper10_morgan_fixed_all_data_plus_tahoe_novartis_op3_seed23_molholdout_h100_2x_bs4096_200epoch_lustre	/ictstr01/groups/ml01/workspace/artur.szalata/code/chem-perturbridge_lpm/.plib_cache/results/lpm_paper10_morgan_fixed_all_data_plus_tahoe_novartis_op3_seed23_molholdout_h100_2x_bs4096_200epoch_lustre/LPM_e0553ae76d7decce/seed_23/checkpoints/epoch-epoch=0090.ckpt	0.48639226	0.48528039	ok
all_datasets_morgan_fixed	23	novartis	Novartis MoABox DRUG-seq	lpm_paper10_morgan_fixed_all_data_plus_tahoe_novartis_op3_seed23_molholdout_h100_2x_bs4096_200epoch_lustre	/ictstr01/groups/ml01/workspace/artur.szalata/code/chem-perturbridge_lpm/.plib_cache/results/lpm_paper10_morgan_fixed_all_data_plus_tahoe_novartis_op3_seed23_molholdout_h100_2x_bs4096_200epoch_lustre/LPM_e0553ae76d7decce/seed_23/checkpoints/epoch-epoch=0002.ckpt	0.68947893	0.55506927	ok
all_datasets_morgan_fixed	23	op3	op3	lpm_paper10_morgan_fixed_all_data_plus_tahoe_novartis_op3_seed23_molholdout_h100_2x_bs4096_200epoch_lustre	/ictstr01/groups/ml01/workspace/artur.szalata/code/chem-perturbridge_lpm/.plib_cache/results/lpm_paper10_morgan_fixed_all_data_plus_tahoe_novartis_op3_seed23_molholdout_h100_2x_bs4096_200epoch_lustre/LPM_e0553ae76d7decce/seed_23/checkpoints/epoch-epoch=0199.ckpt	0.39779511	0.35470918	ok
all_datasets_morgan_fixed	23	sciplex	srivatsan20_sciplex3	lpm_paper10_morgan_fixed_all_data_plus_tahoe_novartis_op3_seed23_molholdout_h100_2x_bs4096_200epoch_lustre	/ictstr01/groups/ml01/workspace/artur.szalata/code/chem-perturbridge_lpm/.plib_cache/results/lpm_paper10_morgan_fixed_all_data_plus_tahoe_novartis_op3_seed23_molholdout_h100_2x_bs4096_200epoch_lustre/LPM_e0553ae76d7decce/seed_23/checkpoints/epoch-epoch=0021.ckpt	0.65724677	0.68172967	ok
all_datasets_morgan_fixed	23	tahoe100	tahoe100	lpm_paper10_morgan_fixed_all_data_plus_tahoe_novartis_op3_seed23_molholdout_h100_2x_bs4096_200epoch_lustre	/ictstr01/groups/ml01/workspace/artur.szalata/code/chem-perturbridge_lpm/.plib_cache/results/lpm_paper10_morgan_fixed_all_data_plus_tahoe_novartis_op3_seed23_molholdout_h100_2x_bs4096_200epoch_lustre/LPM_e0553ae76d7decce/seed_23/checkpoints/epoch-epoch=0045.ckpt	0.73956096	0.72835630	ok
all_datasets_morgan_fixed	23	vcpi_0001	Ginkgo VCPI vcpi-0001 (tvc-bhr-009)	lpm_paper10_morgan_fixed_all_data_plus_tahoe_novartis_op3_seed23_molholdout_h100_2x_bs4096_200epoch_lustre	/ictstr01/groups/ml01/workspace/artur.szalata/code/chem-perturbridge_lpm/.plib_cache/results/lpm_paper10_morgan_fixed_all_data_plus_tahoe_novartis_op3_seed23_molholdout_h100_2x_bs4096_200epoch_lustre/LPM_e0553ae76d7decce/seed_23/checkpoints/epoch-epoch=0160.ckpt	0.55374306	0.57086176	ok
all_datasets_morgan_fixed	23	vcpi_0002	Ginkgo VCPI vcpi-0002 (tvc-kdl-010)	lpm_paper10_morgan_fixed_all_data_plus_tahoe_novartis_op3_seed23_molholdout_h100_2x_bs4096_200epoch_lustre	/ictstr01/groups/ml01/workspace/artur.szalata/code/chem-perturbridge_lpm/.plib_cache/results/lpm_paper10_morgan_fixed_all_data_plus_tahoe_novartis_op3_seed23_molholdout_h100_2x_bs4096_200epoch_lustre/LPM_e0553ae76d7decce/seed_23/checkpoints/epoch-epoch=0045.ckpt	0.51028693		ok
all_datasets_morgan_fixed	29	cigs_mce	CIGS MCE	lpm_paper10_morgan_fixed_all_data_plus_tahoe_novartis_op3_seed29_molholdout_h100_2x_bs4096_200epoch_lustre	/ictstr01/groups/ml01/workspace/artur.szalata/code/chem-perturbridge_lpm/.plib_cache/results/lpm_paper10_morgan_fixed_all_data_plus_tahoe_novartis_op3_seed29_molholdout_h100_2x_bs4096_200epoch_lustre/LPM_e0553ae76d7decce/seed_29/checkpoints/epoch-epoch=0026.ckpt	0.57422256	0.57305455	ok
all_datasets_morgan_fixed	29	cigs_tcm	CIGS TCM	lpm_paper10_morgan_fixed_all_data_plus_tahoe_novartis_op3_seed29_molholdout_h100_2x_bs4096_200epoch_lustre	/ictstr01/groups/ml01/workspace/artur.szalata/code/chem-perturbridge_lpm/.plib_cache/results/lpm_paper10_morgan_fixed_all_data_plus_tahoe_novartis_op3_seed29_molholdout_h100_2x_bs4096_200epoch_lustre/LPM_e0553ae76d7decce/seed_29/checkpoints/epoch-epoch=0121.ckpt	0.42363685	0.40749040	ok
all_datasets_morgan_fixed	29	dilimap_train	dilimap_train	lpm_paper10_morgan_fixed_all_data_plus_tahoe_novartis_op3_seed29_molholdout_h100_2x_bs4096_200epoch_lustre	/ictstr01/groups/ml01/workspace/artur.szalata/code/chem-perturbridge_lpm/.plib_cache/results/lpm_paper10_morgan_fixed_all_data_plus_tahoe_novartis_op3_seed29_molholdout_h100_2x_bs4096_200epoch_lustre/LPM_e0553ae76d7decce/seed_29/checkpoints/epoch-epoch=0048.ckpt	0.64065760	0.67542934	ok
all_datasets_morgan_fixed	29	gdpx2	Ginkgo GDPx2	lpm_paper10_morgan_fixed_all_data_plus_tahoe_novartis_op3_seed29_molholdout_h100_2x_bs4096_200epoch_lustre	/ictstr01/groups/ml01/workspace/artur.szalata/code/chem-perturbridge_lpm/.plib_cache/results/lpm_paper10_morgan_fixed_all_data_plus_tahoe_novartis_op3_seed29_molholdout_h100_2x_bs4096_200epoch_lustre/LPM_e0553ae76d7decce/seed_29/checkpoints/epoch-epoch=0194.ckpt	0.57920456	0.43351197	ok
all_datasets_morgan_fixed	29	lincs_phase1	LINCS_phase1_level3_epsilon	lpm_paper10_morgan_fixed_all_data_plus_tahoe_novartis_op3_seed29_molholdout_h100_2x_bs4096_200epoch_lustre	/ictstr01/groups/ml01/workspace/artur.szalata/code/chem-perturbridge_lpm/.plib_cache/results/lpm_paper10_morgan_fixed_all_data_plus_tahoe_novartis_op3_seed29_molholdout_h100_2x_bs4096_200epoch_lustre/LPM_e0553ae76d7decce/seed_29/checkpoints/epoch-epoch=0199.ckpt	0.61867744	0.62755638	ok
all_datasets_morgan_fixed	29	lincs_phase2	LINCS_phase2_level3	lpm_paper10_morgan_fixed_all_data_plus_tahoe_novartis_op3_seed29_molholdout_h100_2x_bs4096_200epoch_lustre	/ictstr01/groups/ml01/workspace/artur.szalata/code/chem-perturbridge_lpm/.plib_cache/results/lpm_paper10_morgan_fixed_all_data_plus_tahoe_novartis_op3_seed29_molholdout_h100_2x_bs4096_200epoch_lustre/LPM_e0553ae76d7decce/seed_29/checkpoints/epoch-epoch=0037.ckpt	0.48737755	0.48728633	ok
all_datasets_morgan_fixed	29	novartis	Novartis MoABox DRUG-seq	lpm_paper10_morgan_fixed_all_data_plus_tahoe_novartis_op3_seed29_molholdout_h100_2x_bs4096_200epoch_lustre	/ictstr01/groups/ml01/workspace/artur.szalata/code/chem-perturbridge_lpm/.plib_cache/results/lpm_paper10_morgan_fixed_all_data_plus_tahoe_novartis_op3_seed29_molholdout_h100_2x_bs4096_200epoch_lustre/LPM_e0553ae76d7decce/seed_29/checkpoints/epoch-epoch=0001.ckpt	0.68986189	0.55565441	ok
all_datasets_morgan_fixed	29	op3	op3	lpm_paper10_morgan_fixed_all_data_plus_tahoe_novartis_op3_seed29_molholdout_h100_2x_bs4096_200epoch_lustre	/ictstr01/groups/ml01/workspace/artur.szalata/code/chem-perturbridge_lpm/.plib_cache/results/lpm_paper10_morgan_fixed_all_data_plus_tahoe_novartis_op3_seed29_molholdout_h100_2x_bs4096_200epoch_lustre/LPM_e0553ae76d7decce/seed_29/checkpoints/epoch-epoch=0009.ckpt	0.40061885	0.35742137	ok
all_datasets_morgan_fixed	29	sciplex	srivatsan20_sciplex3	lpm_paper10_morgan_fixed_all_data_plus_tahoe_novartis_op3_seed29_molholdout_h100_2x_bs4096_200epoch_lustre	/ictstr01/groups/ml01/workspace/artur.szalata/code/chem-perturbridge_lpm/.plib_cache/results/lpm_paper10_morgan_fixed_all_data_plus_tahoe_novartis_op3_seed29_molholdout_h100_2x_bs4096_200epoch_lustre/LPM_e0553ae76d7decce/seed_29/checkpoints/epoch-epoch=0031.ckpt	0.65772253	0.68186593	ok
all_datasets_morgan_fixed	29	tahoe100	tahoe100	lpm_paper10_morgan_fixed_all_data_plus_tahoe_novartis_op3_seed29_molholdout_h100_2x_bs4096_200epoch_lustre	/ictstr01/groups/ml01/workspace/artur.szalata/code/chem-perturbridge_lpm/.plib_cache/results/lpm_paper10_morgan_fixed_all_data_plus_tahoe_novartis_op3_seed29_molholdout_h100_2x_bs4096_200epoch_lustre/LPM_e0553ae76d7decce/seed_29/checkpoints/epoch-epoch=0048.ckpt	0.73954880	0.72782487	ok
all_datasets_morgan_fixed	29	vcpi_0001	Ginkgo VCPI vcpi-0001 (tvc-bhr-009)	lpm_paper10_morgan_fixed_all_data_plus_tahoe_novartis_op3_seed29_molholdout_h100_2x_bs4096_200epoch_lustre	/ictstr01/groups/ml01/workspace/artur.szalata/code/chem-perturbridge_lpm/.plib_cache/results/lpm_paper10_morgan_fixed_all_data_plus_tahoe_novartis_op3_seed29_molholdout_h100_2x_bs4096_200epoch_lustre/LPM_e0553ae76d7decce/seed_29/checkpoints/epoch-epoch=0160.ckpt	0.55392331	0.57084697	ok
all_datasets_morgan_fixed	29	vcpi_0002	Ginkgo VCPI vcpi-0002 (tvc-kdl-010)	lpm_paper10_morgan_fixed_all_data_plus_tahoe_novartis_op3_seed29_molholdout_h100_2x_bs4096_200epoch_lustre	/ictstr01/groups/ml01/workspace/artur.szalata/code/chem-perturbridge_lpm/.plib_cache/results/lpm_paper10_morgan_fixed_all_data_plus_tahoe_novartis_op3_seed29_molholdout_h100_2x_bs4096_200epoch_lustre/LPM_e0553ae76d7decce/seed_29/checkpoints/epoch-epoch=0048.ckpt	0.51065463		ok
all_datasets_morgan_fixed	31	cigs_mce	CIGS MCE	lpm_paper10_morgan_fixed_all_data_plus_tahoe_novartis_op3_seed31_molholdout_h100_2x_bs4096_200epoch_lustre	/ictstr01/groups/ml01/workspace/artur.szalata/code/chem-perturbridge_lpm/.plib_cache/results/lpm_paper10_morgan_fixed_all_data_plus_tahoe_novartis_op3_seed31_molholdout_h100_2x_bs4096_200epoch_lustre/LPM_e0553ae76d7decce/seed_31/checkpoints/epoch-epoch=0059.ckpt	0.57432663	0.57312840	ok
all_datasets_morgan_fixed	31	cigs_tcm	CIGS TCM	lpm_paper10_morgan_fixed_all_data_plus_tahoe_novartis_op3_seed31_molholdout_h100_2x_bs4096_200epoch_lustre	/ictstr01/groups/ml01/workspace/artur.szalata/code/chem-perturbridge_lpm/.plib_cache/results/lpm_paper10_morgan_fixed_all_data_plus_tahoe_novartis_op3_seed31_molholdout_h100_2x_bs4096_200epoch_lustre/LPM_e0553ae76d7decce/seed_31/checkpoints/epoch-epoch=0175.ckpt	0.42314243	0.40710258	ok
all_datasets_morgan_fixed	31	dilimap_train	dilimap_train	lpm_paper10_morgan_fixed_all_data_plus_tahoe_novartis_op3_seed31_molholdout_h100_2x_bs4096_200epoch_lustre	/ictstr01/groups/ml01/workspace/artur.szalata/code/chem-perturbridge_lpm/.plib_cache/results/lpm_paper10_morgan_fixed_all_data_plus_tahoe_novartis_op3_seed31_molholdout_h100_2x_bs4096_200epoch_lustre/LPM_e0553ae76d7decce/seed_31/checkpoints/epoch-epoch=0022.ckpt	0.61772960	0.65918702	ok
all_datasets_morgan_fixed	31	gdpx2	Ginkgo GDPx2	lpm_paper10_morgan_fixed_all_data_plus_tahoe_novartis_op3_seed31_molholdout_h100_2x_bs4096_200epoch_lustre	/ictstr01/groups/ml01/workspace/artur.szalata/code/chem-perturbridge_lpm/.plib_cache/results/lpm_paper10_morgan_fixed_all_data_plus_tahoe_novartis_op3_seed31_molholdout_h100_2x_bs4096_200epoch_lustre/LPM_e0553ae76d7decce/seed_31/checkpoints/epoch-epoch=0122.ckpt	0.57286590	0.43093216	ok
all_datasets_morgan_fixed	31	lincs_phase1	LINCS_phase1_level3_epsilon	lpm_paper10_morgan_fixed_all_data_plus_tahoe_novartis_op3_seed31_molholdout_h100_2x_bs4096_200epoch_lustre	/ictstr01/groups/ml01/workspace/artur.szalata/code/chem-perturbridge_lpm/.plib_cache/results/lpm_paper10_morgan_fixed_all_data_plus_tahoe_novartis_op3_seed31_molholdout_h100_2x_bs4096_200epoch_lustre/LPM_e0553ae76d7decce/seed_31/checkpoints/epoch-epoch=0181.ckpt	0.61189717	0.62598765	ok
all_datasets_morgan_fixed	31	lincs_phase2	LINCS_phase2_level3	lpm_paper10_morgan_fixed_all_data_plus_tahoe_novartis_op3_seed31_molholdout_h100_2x_bs4096_200epoch_lustre	/ictstr01/groups/ml01/workspace/artur.szalata/code/chem-perturbridge_lpm/.plib_cache/results/lpm_paper10_morgan_fixed_all_data_plus_tahoe_novartis_op3_seed31_molholdout_h100_2x_bs4096_200epoch_lustre/LPM_e0553ae76d7decce/seed_31/checkpoints/epoch-epoch=0046.ckpt	0.48622724	0.48526713	ok
all_datasets_morgan_fixed	31	novartis	Novartis MoABox DRUG-seq	lpm_paper10_morgan_fixed_all_data_plus_tahoe_novartis_op3_seed31_molholdout_h100_2x_bs4096_200epoch_lustre	/ictstr01/groups/ml01/workspace/artur.szalata/code/chem-perturbridge_lpm/.plib_cache/results/lpm_paper10_morgan_fixed_all_data_plus_tahoe_novartis_op3_seed31_molholdout_h100_2x_bs4096_200epoch_lustre/LPM_e0553ae76d7decce/seed_31/checkpoints/epoch-epoch=0004.ckpt	0.68939394	0.55501091	ok
all_datasets_morgan_fixed	31	op3	op3	lpm_paper10_morgan_fixed_all_data_plus_tahoe_novartis_op3_seed31_molholdout_h100_2x_bs4096_200epoch_lustre	/ictstr01/groups/ml01/workspace/artur.szalata/code/chem-perturbridge_lpm/.plib_cache/results/lpm_paper10_morgan_fixed_all_data_plus_tahoe_novartis_op3_seed31_molholdout_h100_2x_bs4096_200epoch_lustre/LPM_e0553ae76d7decce/seed_31/checkpoints/epoch-epoch=0103.ckpt	0.39896646	0.35396892	ok
all_datasets_morgan_fixed	31	sciplex	srivatsan20_sciplex3	lpm_paper10_morgan_fixed_all_data_plus_tahoe_novartis_op3_seed31_molholdout_h100_2x_bs4096_200epoch_lustre	/ictstr01/groups/ml01/workspace/artur.szalata/code/chem-perturbridge_lpm/.plib_cache/results/lpm_paper10_morgan_fixed_all_data_plus_tahoe_novartis_op3_seed31_molholdout_h100_2x_bs4096_200epoch_lustre/LPM_e0553ae76d7decce/seed_31/checkpoints/epoch-epoch=0029.ckpt	0.65694261	0.68113184	ok
all_datasets_morgan_fixed	31	tahoe100	tahoe100	lpm_paper10_morgan_fixed_all_data_plus_tahoe_novartis_op3_seed31_molholdout_h100_2x_bs4096_200epoch_lustre	/ictstr01/groups/ml01/workspace/artur.szalata/code/chem-perturbridge_lpm/.plib_cache/results/lpm_paper10_morgan_fixed_all_data_plus_tahoe_novartis_op3_seed31_molholdout_h100_2x_bs4096_200epoch_lustre/LPM_e0553ae76d7decce/seed_31/checkpoints/epoch-epoch=0017.ckpt	0.74214548	0.73063344	ok
all_datasets_morgan_fixed	31	vcpi_0001	Ginkgo VCPI vcpi-0001 (tvc-bhr-009)	lpm_paper10_morgan_fixed_all_data_plus_tahoe_novartis_op3_seed31_molholdout_h100_2x_bs4096_200epoch_lustre	/ictstr01/groups/ml01/workspace/artur.szalata/code/chem-perturbridge_lpm/.plib_cache/results/lpm_paper10_morgan_fixed_all_data_plus_tahoe_novartis_op3_seed31_molholdout_h100_2x_bs4096_200epoch_lustre/LPM_e0553ae76d7decce/seed_31/checkpoints/epoch-epoch=0160.ckpt	0.55391705	0.57083184	ok
all_datasets_morgan_fixed	31	vcpi_0002	Ginkgo VCPI vcpi-0002 (tvc-kdl-010)	lpm_paper10_morgan_fixed_all_data_plus_tahoe_novartis_op3_seed31_molholdout_h100_2x_bs4096_200epoch_lustre	/ictstr01/groups/ml01/workspace/artur.szalata/code/chem-perturbridge_lpm/.plib_cache/results/lpm_paper10_morgan_fixed_all_data_plus_tahoe_novartis_op3_seed31_molholdout_h100_2x_bs4096_200epoch_lustre/LPM_e0553ae76d7decce/seed_31/checkpoints/epoch-epoch=0022.ckpt	0.51068240		ok
all_datasets_morgan_fixed	37	cigs_mce	CIGS MCE	lpm_paper10_morgan_fixed_all_data_plus_tahoe_novartis_op3_seed37_molholdout_h100_2x_bs4096_200epoch_lustre	/ictstr01/groups/ml01/workspace/artur.szalata/code/chem-perturbridge_lpm/.plib_cache/results/lpm_paper10_morgan_fixed_all_data_plus_tahoe_novartis_op3_seed37_molholdout_h100_2x_bs4096_200epoch_lustre/LPM_e0553ae76d7decce/seed_37/checkpoints/epoch-epoch=0141.ckpt	0.57489640	0.57338333	ok
all_datasets_morgan_fixed	37	cigs_tcm	CIGS TCM	lpm_paper10_morgan_fixed_all_data_plus_tahoe_novartis_op3_seed37_molholdout_h100_2x_bs4096_200epoch_lustre	/ictstr01/groups/ml01/workspace/artur.szalata/code/chem-perturbridge_lpm/.plib_cache/results/lpm_paper10_morgan_fixed_all_data_plus_tahoe_novartis_op3_seed37_molholdout_h100_2x_bs4096_200epoch_lustre/LPM_e0553ae76d7decce/seed_37/checkpoints/epoch-epoch=0087.ckpt	0.42315099	0.40719858	ok
all_datasets_morgan_fixed	37	dilimap_train	dilimap_train	lpm_paper10_morgan_fixed_all_data_plus_tahoe_novartis_op3_seed37_molholdout_h100_2x_bs4096_200epoch_lustre	/ictstr01/groups/ml01/workspace/artur.szalata/code/chem-perturbridge_lpm/.plib_cache/results/lpm_paper10_morgan_fixed_all_data_plus_tahoe_novartis_op3_seed37_molholdout_h100_2x_bs4096_200epoch_lustre/LPM_e0553ae76d7decce/seed_37/checkpoints/epoch-epoch=0042.ckpt	0.61183387	0.65717059	ok
all_datasets_morgan_fixed	37	gdpx2	Ginkgo GDPx2	lpm_paper10_morgan_fixed_all_data_plus_tahoe_novartis_op3_seed37_molholdout_h100_2x_bs4096_200epoch_lustre	/ictstr01/groups/ml01/workspace/artur.szalata/code/chem-perturbridge_lpm/.plib_cache/results/lpm_paper10_morgan_fixed_all_data_plus_tahoe_novartis_op3_seed37_molholdout_h100_2x_bs4096_200epoch_lustre/LPM_e0553ae76d7decce/seed_37/checkpoints/epoch-epoch=0063.ckpt	0.57521385	0.43274838	ok
all_datasets_morgan_fixed	37	lincs_phase1	LINCS_phase1_level3_epsilon	lpm_paper10_morgan_fixed_all_data_plus_tahoe_novartis_op3_seed37_molholdout_h100_2x_bs4096_200epoch_lustre	/ictstr01/groups/ml01/workspace/artur.szalata/code/chem-perturbridge_lpm/.plib_cache/results/lpm_paper10_morgan_fixed_all_data_plus_tahoe_novartis_op3_seed37_molholdout_h100_2x_bs4096_200epoch_lustre/LPM_e0553ae76d7decce/seed_37/checkpoints/epoch-epoch=0162.ckpt	0.61920464	0.62775332	ok
all_datasets_morgan_fixed	37	lincs_phase2	LINCS_phase2_level3	lpm_paper10_morgan_fixed_all_data_plus_tahoe_novartis_op3_seed37_molholdout_h100_2x_bs4096_200epoch_lustre	/ictstr01/groups/ml01/workspace/artur.szalata/code/chem-perturbridge_lpm/.plib_cache/results/lpm_paper10_morgan_fixed_all_data_plus_tahoe_novartis_op3_seed37_molholdout_h100_2x_bs4096_200epoch_lustre/LPM_e0553ae76d7decce/seed_37/checkpoints/epoch-epoch=0045.ckpt	0.48681828	0.48603186	ok
all_datasets_morgan_fixed	37	novartis	Novartis MoABox DRUG-seq	lpm_paper10_morgan_fixed_all_data_plus_tahoe_novartis_op3_seed37_molholdout_h100_2x_bs4096_200epoch_lustre	/ictstr01/groups/ml01/workspace/artur.szalata/code/chem-perturbridge_lpm/.plib_cache/results/lpm_paper10_morgan_fixed_all_data_plus_tahoe_novartis_op3_seed37_molholdout_h100_2x_bs4096_200epoch_lustre/LPM_e0553ae76d7decce/seed_37/checkpoints/epoch-epoch=0003.ckpt	0.68986094	0.55561906	ok
all_datasets_morgan_fixed	37	op3	op3	lpm_paper10_morgan_fixed_all_data_plus_tahoe_novartis_op3_seed37_molholdout_h100_2x_bs4096_200epoch_lustre	/ictstr01/groups/ml01/workspace/artur.szalata/code/chem-perturbridge_lpm/.plib_cache/results/lpm_paper10_morgan_fixed_all_data_plus_tahoe_novartis_op3_seed37_molholdout_h100_2x_bs4096_200epoch_lustre/LPM_e0553ae76d7decce/seed_37/checkpoints/epoch-epoch=0077.ckpt	0.39699763	0.35415256	ok
all_datasets_morgan_fixed	37	sciplex	srivatsan20_sciplex3	lpm_paper10_morgan_fixed_all_data_plus_tahoe_novartis_op3_seed37_molholdout_h100_2x_bs4096_200epoch_lustre	/ictstr01/groups/ml01/workspace/artur.szalata/code/chem-perturbridge_lpm/.plib_cache/results/lpm_paper10_morgan_fixed_all_data_plus_tahoe_novartis_op3_seed37_molholdout_h100_2x_bs4096_200epoch_lustre/LPM_e0553ae76d7decce/seed_37/checkpoints/epoch-epoch=0035.ckpt	0.65863544	0.68276262	ok
all_datasets_morgan_fixed	37	tahoe100	tahoe100	lpm_paper10_morgan_fixed_all_data_plus_tahoe_novartis_op3_seed37_molholdout_h100_2x_bs4096_200epoch_lustre	/ictstr01/groups/ml01/workspace/artur.szalata/code/chem-perturbridge_lpm/.plib_cache/results/lpm_paper10_morgan_fixed_all_data_plus_tahoe_novartis_op3_seed37_molholdout_h100_2x_bs4096_200epoch_lustre/LPM_e0553ae76d7decce/seed_37/checkpoints/epoch-epoch=0042.ckpt	0.74095309	0.72952503	ok
all_datasets_morgan_fixed	37	vcpi_0001	Ginkgo VCPI vcpi-0001 (tvc-bhr-009)	lpm_paper10_morgan_fixed_all_data_plus_tahoe_novartis_op3_seed37_molholdout_h100_2x_bs4096_200epoch_lustre	/ictstr01/groups/ml01/workspace/artur.szalata/code/chem-perturbridge_lpm/.plib_cache/results/lpm_paper10_morgan_fixed_all_data_plus_tahoe_novartis_op3_seed37_molholdout_h100_2x_bs4096_200epoch_lustre/LPM_e0553ae76d7decce/seed_37/checkpoints/epoch-epoch=0058.ckpt	0.55354738	0.57074589	ok
all_datasets_morgan_fixed	37	vcpi_0002	Ginkgo VCPI vcpi-0002 (tvc-kdl-010)	lpm_paper10_morgan_fixed_all_data_plus_tahoe_novartis_op3_seed37_molholdout_h100_2x_bs4096_200epoch_lustre	/ictstr01/groups/ml01/workspace/artur.szalata/code/chem-perturbridge_lpm/.plib_cache/results/lpm_paper10_morgan_fixed_all_data_plus_tahoe_novartis_op3_seed37_molholdout_h100_2x_bs4096_200epoch_lustre/LPM_e0553ae76d7decce/seed_37/checkpoints/epoch-epoch=0042.ckpt	0.51058668		ok
all_datasets_morgan_fixed	41	cigs_mce	CIGS MCE	lpm_paper10_morgan_fixed_all_data_plus_tahoe_novartis_op3_seed41_molholdout_h100_2x_bs4096_200epoch_lustre	/ictstr01/groups/ml01/workspace/artur.szalata/code/chem-perturbridge_lpm/.plib_cache/results/lpm_paper10_morgan_fixed_all_data_plus_tahoe_novartis_op3_seed41_molholdout_h100_2x_bs4096_200epoch_lustre/LPM_e0553ae76d7decce/seed_41/checkpoints/epoch-epoch=0021.ckpt	0.57470590	0.57365364	ok
all_datasets_morgan_fixed	41	cigs_tcm	CIGS TCM	lpm_paper10_morgan_fixed_all_data_plus_tahoe_novartis_op3_seed41_molholdout_h100_2x_bs4096_200epoch_lustre	/ictstr01/groups/ml01/workspace/artur.szalata/code/chem-perturbridge_lpm/.plib_cache/results/lpm_paper10_morgan_fixed_all_data_plus_tahoe_novartis_op3_seed41_molholdout_h100_2x_bs4096_200epoch_lustre/LPM_e0553ae76d7decce/seed_41/checkpoints/epoch-epoch=0088.ckpt	0.42373884	0.40740874	ok
all_datasets_morgan_fixed	41	dilimap_train	dilimap_train	lpm_paper10_morgan_fixed_all_data_plus_tahoe_novartis_op3_seed41_molholdout_h100_2x_bs4096_200epoch_lustre	/ictstr01/groups/ml01/workspace/artur.szalata/code/chem-perturbridge_lpm/.plib_cache/results/lpm_paper10_morgan_fixed_all_data_plus_tahoe_novartis_op3_seed41_molholdout_h100_2x_bs4096_200epoch_lustre/LPM_e0553ae76d7decce/seed_41/checkpoints/epoch-epoch=0042.ckpt	0.63779062	0.67820543	ok
all_datasets_morgan_fixed	41	gdpx2	Ginkgo GDPx2	lpm_paper10_morgan_fixed_all_data_plus_tahoe_novartis_op3_seed41_molholdout_h100_2x_bs4096_200epoch_lustre	/ictstr01/groups/ml01/workspace/artur.szalata/code/chem-perturbridge_lpm/.plib_cache/results/lpm_paper10_morgan_fixed_all_data_plus_tahoe_novartis_op3_seed41_molholdout_h100_2x_bs4096_200epoch_lustre/LPM_e0553ae76d7decce/seed_41/checkpoints/epoch-epoch=0069.ckpt	0.57304847	0.43131396	ok
all_datasets_morgan_fixed	41	lincs_phase1	LINCS_phase1_level3_epsilon	lpm_paper10_morgan_fixed_all_data_plus_tahoe_novartis_op3_seed41_molholdout_h100_2x_bs4096_200epoch_lustre	/ictstr01/groups/ml01/workspace/artur.szalata/code/chem-perturbridge_lpm/.plib_cache/results/lpm_paper10_morgan_fixed_all_data_plus_tahoe_novartis_op3_seed41_molholdout_h100_2x_bs4096_200epoch_lustre/LPM_e0553ae76d7decce/seed_41/checkpoints/epoch-epoch=0147.ckpt	0.61242253	0.62649488	ok
all_datasets_morgan_fixed	41	lincs_phase2	LINCS_phase2_level3	lpm_paper10_morgan_fixed_all_data_plus_tahoe_novartis_op3_seed41_molholdout_h100_2x_bs4096_200epoch_lustre	/ictstr01/groups/ml01/workspace/artur.szalata/code/chem-perturbridge_lpm/.plib_cache/results/lpm_paper10_morgan_fixed_all_data_plus_tahoe_novartis_op3_seed41_molholdout_h100_2x_bs4096_200epoch_lustre/LPM_e0553ae76d7decce/seed_41/checkpoints/epoch-epoch=0045.ckpt	0.48674461	0.48642221	ok
all_datasets_morgan_fixed	41	novartis	Novartis MoABox DRUG-seq	lpm_paper10_morgan_fixed_all_data_plus_tahoe_novartis_op3_seed41_molholdout_h100_2x_bs4096_200epoch_lustre	/ictstr01/groups/ml01/workspace/artur.szalata/code/chem-perturbridge_lpm/.plib_cache/results/lpm_paper10_morgan_fixed_all_data_plus_tahoe_novartis_op3_seed41_molholdout_h100_2x_bs4096_200epoch_lustre/LPM_e0553ae76d7decce/seed_41/checkpoints/epoch-epoch=0003.ckpt	0.68947256	0.55507493	ok
all_datasets_morgan_fixed	41	op3	op3	lpm_paper10_morgan_fixed_all_data_plus_tahoe_novartis_op3_seed41_molholdout_h100_2x_bs4096_200epoch_lustre	/ictstr01/groups/ml01/workspace/artur.szalata/code/chem-perturbridge_lpm/.plib_cache/results/lpm_paper10_morgan_fixed_all_data_plus_tahoe_novartis_op3_seed41_molholdout_h100_2x_bs4096_200epoch_lustre/LPM_e0553ae76d7decce/seed_41/checkpoints/epoch-epoch=0035.ckpt	0.40015492	0.35745266	ok
all_datasets_morgan_fixed	41	sciplex	srivatsan20_sciplex3	lpm_paper10_morgan_fixed_all_data_plus_tahoe_novartis_op3_seed41_molholdout_h100_2x_bs4096_200epoch_lustre	/ictstr01/groups/ml01/workspace/artur.szalata/code/chem-perturbridge_lpm/.plib_cache/results/lpm_paper10_morgan_fixed_all_data_plus_tahoe_novartis_op3_seed41_molholdout_h100_2x_bs4096_200epoch_lustre/LPM_e0553ae76d7decce/seed_41/checkpoints/epoch-epoch=0034.ckpt	0.65786290	0.68193418	ok
all_datasets_morgan_fixed	41	tahoe100	tahoe100	lpm_paper10_morgan_fixed_all_data_plus_tahoe_novartis_op3_seed41_molholdout_h100_2x_bs4096_200epoch_lustre	/ictstr01/groups/ml01/workspace/artur.szalata/code/chem-perturbridge_lpm/.plib_cache/results/lpm_paper10_morgan_fixed_all_data_plus_tahoe_novartis_op3_seed41_molholdout_h100_2x_bs4096_200epoch_lustre/LPM_e0553ae76d7decce/seed_41/checkpoints/epoch-epoch=0042.ckpt	0.74201262	0.72982109	ok
all_datasets_morgan_fixed	41	vcpi_0001	Ginkgo VCPI vcpi-0001 (tvc-bhr-009)	lpm_paper10_morgan_fixed_all_data_plus_tahoe_novartis_op3_seed41_molholdout_h100_2x_bs4096_200epoch_lustre	/ictstr01/groups/ml01/workspace/artur.szalata/code/chem-perturbridge_lpm/.plib_cache/results/lpm_paper10_morgan_fixed_all_data_plus_tahoe_novartis_op3_seed41_molholdout_h100_2x_bs4096_200epoch_lustre/LPM_e0553ae76d7decce/seed_41/checkpoints/epoch-epoch=0033.ckpt	0.55355442	0.57067221	ok
all_datasets_morgan_fixed	41	vcpi_0002	Ginkgo VCPI vcpi-0002 (tvc-kdl-010)	lpm_paper10_morgan_fixed_all_data_plus_tahoe_novartis_op3_seed41_molholdout_h100_2x_bs4096_200epoch_lustre	/ictstr01/groups/ml01/workspace/artur.szalata/code/chem-perturbridge_lpm/.plib_cache/results/lpm_paper10_morgan_fixed_all_data_plus_tahoe_novartis_op3_seed41_molholdout_h100_2x_bs4096_200epoch_lustre/LPM_e0553ae76d7decce/seed_41/checkpoints/epoch-epoch=0042.ckpt	0.51068789		ok
all_datasets_morgan_fixed	43	cigs_mce	CIGS MCE	lpm_paper10_morgan_fixed_all_data_plus_tahoe_novartis_op3_seed43_molholdout_h100_2x_bs4096_200epoch_lustre	/ictstr01/groups/ml01/workspace/artur.szalata/code/chem-perturbridge_lpm/.plib_cache/results/lpm_paper10_morgan_fixed_all_data_plus_tahoe_novartis_op3_seed43_molholdout_h100_2x_bs4096_200epoch_lustre/LPM_e0553ae76d7decce/seed_43/checkpoints/epoch-epoch=0116.ckpt	0.57396209	0.57284963	ok
all_datasets_morgan_fixed	43	cigs_tcm	CIGS TCM	lpm_paper10_morgan_fixed_all_data_plus_tahoe_novartis_op3_seed43_molholdout_h100_2x_bs4096_200epoch_lustre	/ictstr01/groups/ml01/workspace/artur.szalata/code/chem-perturbridge_lpm/.plib_cache/results/lpm_paper10_morgan_fixed_all_data_plus_tahoe_novartis_op3_seed43_molholdout_h100_2x_bs4096_200epoch_lustre/LPM_e0553ae76d7decce/seed_43/checkpoints/epoch-epoch=0191.ckpt	0.42322880	0.40711948	ok
all_datasets_morgan_fixed	43	dilimap_train	dilimap_train	lpm_paper10_morgan_fixed_all_data_plus_tahoe_novartis_op3_seed43_molholdout_h100_2x_bs4096_200epoch_lustre	/ictstr01/groups/ml01/workspace/artur.szalata/code/chem-perturbridge_lpm/.plib_cache/results/lpm_paper10_morgan_fixed_all_data_plus_tahoe_novartis_op3_seed43_molholdout_h100_2x_bs4096_200epoch_lustre/LPM_e0553ae76d7decce/seed_43/checkpoints/epoch-epoch=0025.ckpt	0.63070220	0.67605472	ok
all_datasets_morgan_fixed	43	gdpx2	Ginkgo GDPx2	lpm_paper10_morgan_fixed_all_data_plus_tahoe_novartis_op3_seed43_molholdout_h100_2x_bs4096_200epoch_lustre	/ictstr01/groups/ml01/workspace/artur.szalata/code/chem-perturbridge_lpm/.plib_cache/results/lpm_paper10_morgan_fixed_all_data_plus_tahoe_novartis_op3_seed43_molholdout_h100_2x_bs4096_200epoch_lustre/LPM_e0553ae76d7decce/seed_43/checkpoints/epoch-epoch=0091.ckpt	0.57268822	0.43142936	ok
all_datasets_morgan_fixed	43	lincs_phase1	LINCS_phase1_level3_epsilon	lpm_paper10_morgan_fixed_all_data_plus_tahoe_novartis_op3_seed43_molholdout_h100_2x_bs4096_200epoch_lustre	/ictstr01/groups/ml01/workspace/artur.szalata/code/chem-perturbridge_lpm/.plib_cache/results/lpm_paper10_morgan_fixed_all_data_plus_tahoe_novartis_op3_seed43_molholdout_h100_2x_bs4096_200epoch_lustre/LPM_e0553ae76d7decce/seed_43/checkpoints/epoch-epoch=0042.ckpt	0.61651540	0.62643570	ok
all_datasets_morgan_fixed	43	lincs_phase2	LINCS_phase2_level3	lpm_paper10_morgan_fixed_all_data_plus_tahoe_novartis_op3_seed43_molholdout_h100_2x_bs4096_200epoch_lustre	/ictstr01/groups/ml01/workspace/artur.szalata/code/chem-perturbridge_lpm/.plib_cache/results/lpm_paper10_morgan_fixed_all_data_plus_tahoe_novartis_op3_seed43_molholdout_h100_2x_bs4096_200epoch_lustre/LPM_e0553ae76d7decce/seed_43/checkpoints/epoch-epoch=0131.ckpt	0.48632270	0.48423812	ok
all_datasets_morgan_fixed	43	novartis	Novartis MoABox DRUG-seq	lpm_paper10_morgan_fixed_all_data_plus_tahoe_novartis_op3_seed43_molholdout_h100_2x_bs4096_200epoch_lustre	/ictstr01/groups/ml01/workspace/artur.szalata/code/chem-perturbridge_lpm/.plib_cache/results/lpm_paper10_morgan_fixed_all_data_plus_tahoe_novartis_op3_seed43_molholdout_h100_2x_bs4096_200epoch_lustre/LPM_e0553ae76d7decce/seed_43/checkpoints/epoch-epoch=0002.ckpt	0.68947685	0.55518281	ok
all_datasets_morgan_fixed	43	op3	op3	lpm_paper10_morgan_fixed_all_data_plus_tahoe_novartis_op3_seed43_molholdout_h100_2x_bs4096_200epoch_lustre	/ictstr01/groups/ml01/workspace/artur.szalata/code/chem-perturbridge_lpm/.plib_cache/results/lpm_paper10_morgan_fixed_all_data_plus_tahoe_novartis_op3_seed43_molholdout_h100_2x_bs4096_200epoch_lustre/LPM_e0553ae76d7decce/seed_43/checkpoints/epoch-epoch=0089.ckpt	0.38686487	0.34616262	ok
all_datasets_morgan_fixed	43	sciplex	srivatsan20_sciplex3	lpm_paper10_morgan_fixed_all_data_plus_tahoe_novartis_op3_seed43_molholdout_h100_2x_bs4096_200epoch_lustre	/ictstr01/groups/ml01/workspace/artur.szalata/code/chem-perturbridge_lpm/.plib_cache/results/lpm_paper10_morgan_fixed_all_data_plus_tahoe_novartis_op3_seed43_molholdout_h100_2x_bs4096_200epoch_lustre/LPM_e0553ae76d7decce/seed_43/checkpoints/epoch-epoch=0164.ckpt	0.65714759	0.68305999	ok
all_datasets_morgan_fixed	43	tahoe100	tahoe100	lpm_paper10_morgan_fixed_all_data_plus_tahoe_novartis_op3_seed43_molholdout_h100_2x_bs4096_200epoch_lustre	/ictstr01/groups/ml01/workspace/artur.szalata/code/chem-perturbridge_lpm/.plib_cache/results/lpm_paper10_morgan_fixed_all_data_plus_tahoe_novartis_op3_seed43_molholdout_h100_2x_bs4096_200epoch_lustre/LPM_e0553ae76d7decce/seed_43/checkpoints/epoch-epoch=0025.ckpt	0.73990375	0.72789234	ok
all_datasets_morgan_fixed	43	vcpi_0001	Ginkgo VCPI vcpi-0001 (tvc-bhr-009)	lpm_paper10_morgan_fixed_all_data_plus_tahoe_novartis_op3_seed43_molholdout_h100_2x_bs4096_200epoch_lustre	/ictstr01/groups/ml01/workspace/artur.szalata/code/chem-perturbridge_lpm/.plib_cache/results/lpm_paper10_morgan_fixed_all_data_plus_tahoe_novartis_op3_seed43_molholdout_h100_2x_bs4096_200epoch_lustre/LPM_e0553ae76d7decce/seed_43/checkpoints/epoch-epoch=0124.ckpt	0.55389208	0.57077807	ok
all_datasets_morgan_fixed	43	vcpi_0002	Ginkgo VCPI vcpi-0002 (tvc-kdl-010)	lpm_paper10_morgan_fixed_all_data_plus_tahoe_novartis_op3_seed43_molholdout_h100_2x_bs4096_200epoch_lustre	/ictstr01/groups/ml01/workspace/artur.szalata/code/chem-perturbridge_lpm/.plib_cache/results/lpm_paper10_morgan_fixed_all_data_plus_tahoe_novartis_op3_seed43_molholdout_h100_2x_bs4096_200epoch_lustre/LPM_e0553ae76d7decce/seed_43/checkpoints/epoch-epoch=0025.ckpt	0.51059186		ok
all_datasets_morgan_fixed	47	cigs_mce	CIGS MCE	lpm_paper10_morgan_fixed_all_data_plus_tahoe_novartis_op3_seed47_molholdout_h100_2x_bs4096_200epoch_lustre	/ictstr01/groups/ml01/workspace/artur.szalata/code/chem-perturbridge_lpm/.plib_cache/results/lpm_paper10_morgan_fixed_all_data_plus_tahoe_novartis_op3_seed47_molholdout_h100_2x_bs4096_200epoch_lustre/LPM_e0553ae76d7decce/seed_47/checkpoints/epoch-epoch=0023.ckpt	0.57414258	0.57286096	ok
all_datasets_morgan_fixed	47	cigs_tcm	CIGS TCM	lpm_paper10_morgan_fixed_all_data_plus_tahoe_novartis_op3_seed47_molholdout_h100_2x_bs4096_200epoch_lustre	/ictstr01/groups/ml01/workspace/artur.szalata/code/chem-perturbridge_lpm/.plib_cache/results/lpm_paper10_morgan_fixed_all_data_plus_tahoe_novartis_op3_seed47_molholdout_h100_2x_bs4096_200epoch_lustre/LPM_e0553ae76d7decce/seed_47/checkpoints/epoch-epoch=0198.ckpt	0.42330241	0.40698305	ok
all_datasets_morgan_fixed	47	dilimap_train	dilimap_train	lpm_paper10_morgan_fixed_all_data_plus_tahoe_novartis_op3_seed47_molholdout_h100_2x_bs4096_200epoch_lustre	/ictstr01/groups/ml01/workspace/artur.szalata/code/chem-perturbridge_lpm/.plib_cache/results/lpm_paper10_morgan_fixed_all_data_plus_tahoe_novartis_op3_seed47_molholdout_h100_2x_bs4096_200epoch_lustre/LPM_e0553ae76d7decce/seed_47/checkpoints/epoch-epoch=0050.ckpt	0.61651820	0.65305877	ok
all_datasets_morgan_fixed	47	gdpx2	Ginkgo GDPx2	lpm_paper10_morgan_fixed_all_data_plus_tahoe_novartis_op3_seed47_molholdout_h100_2x_bs4096_200epoch_lustre	/ictstr01/groups/ml01/workspace/artur.szalata/code/chem-perturbridge_lpm/.plib_cache/results/lpm_paper10_morgan_fixed_all_data_plus_tahoe_novartis_op3_seed47_molholdout_h100_2x_bs4096_200epoch_lustre/LPM_e0553ae76d7decce/seed_47/checkpoints/epoch-epoch=0025.ckpt	0.57241380	0.43279988	ok
all_datasets_morgan_fixed	47	lincs_phase1	LINCS_phase1_level3_epsilon	lpm_paper10_morgan_fixed_all_data_plus_tahoe_novartis_op3_seed47_molholdout_h100_2x_bs4096_200epoch_lustre	/ictstr01/groups/ml01/workspace/artur.szalata/code/chem-perturbridge_lpm/.plib_cache/results/lpm_paper10_morgan_fixed_all_data_plus_tahoe_novartis_op3_seed47_molholdout_h100_2x_bs4096_200epoch_lustre/LPM_e0553ae76d7decce/seed_47/checkpoints/epoch-epoch=0172.ckpt	0.61600494	0.62634259	ok
all_datasets_morgan_fixed	47	lincs_phase2	LINCS_phase2_level3	lpm_paper10_morgan_fixed_all_data_plus_tahoe_novartis_op3_seed47_molholdout_h100_2x_bs4096_200epoch_lustre	/ictstr01/groups/ml01/workspace/artur.szalata/code/chem-perturbridge_lpm/.plib_cache/results/lpm_paper10_morgan_fixed_all_data_plus_tahoe_novartis_op3_seed47_molholdout_h100_2x_bs4096_200epoch_lustre/LPM_e0553ae76d7decce/seed_47/checkpoints/epoch-epoch=0030.ckpt	0.48797795	0.48700520	ok
all_datasets_morgan_fixed	47	novartis	Novartis MoABox DRUG-seq	lpm_paper10_morgan_fixed_all_data_plus_tahoe_novartis_op3_seed47_molholdout_h100_2x_bs4096_200epoch_lustre	/ictstr01/groups/ml01/workspace/artur.szalata/code/chem-perturbridge_lpm/.plib_cache/results/lpm_paper10_morgan_fixed_all_data_plus_tahoe_novartis_op3_seed47_molholdout_h100_2x_bs4096_200epoch_lustre/LPM_e0553ae76d7decce/seed_47/checkpoints/epoch-epoch=0003.ckpt	0.68961722	0.55534202	ok
all_datasets_morgan_fixed	47	op3	op3	lpm_paper10_morgan_fixed_all_data_plus_tahoe_novartis_op3_seed47_molholdout_h100_2x_bs4096_200epoch_lustre	/ictstr01/groups/ml01/workspace/artur.szalata/code/chem-perturbridge_lpm/.plib_cache/results/lpm_paper10_morgan_fixed_all_data_plus_tahoe_novartis_op3_seed47_molholdout_h100_2x_bs4096_200epoch_lustre/LPM_e0553ae76d7decce/seed_47/checkpoints/epoch-epoch=0055.ckpt	0.39845777	0.35398719	ok
all_datasets_morgan_fixed	47	sciplex	srivatsan20_sciplex3	lpm_paper10_morgan_fixed_all_data_plus_tahoe_novartis_op3_seed47_molholdout_h100_2x_bs4096_200epoch_lustre	/ictstr01/groups/ml01/workspace/artur.szalata/code/chem-perturbridge_lpm/.plib_cache/results/lpm_paper10_morgan_fixed_all_data_plus_tahoe_novartis_op3_seed47_molholdout_h100_2x_bs4096_200epoch_lustre/LPM_e0553ae76d7decce/seed_47/checkpoints/epoch-epoch=0035.ckpt	0.65732712	0.68197024	ok
all_datasets_morgan_fixed	47	tahoe100	tahoe100	lpm_paper10_morgan_fixed_all_data_plus_tahoe_novartis_op3_seed47_molholdout_h100_2x_bs4096_200epoch_lustre	/ictstr01/groups/ml01/workspace/artur.szalata/code/chem-perturbridge_lpm/.plib_cache/results/lpm_paper10_morgan_fixed_all_data_plus_tahoe_novartis_op3_seed47_molholdout_h100_2x_bs4096_200epoch_lustre/LPM_e0553ae76d7decce/seed_47/checkpoints/epoch-epoch=0050.ckpt	0.74108571	0.72776091	ok
all_datasets_morgan_fixed	47	vcpi_0001	Ginkgo VCPI vcpi-0001 (tvc-bhr-009)	lpm_paper10_morgan_fixed_all_data_plus_tahoe_novartis_op3_seed47_molholdout_h100_2x_bs4096_200epoch_lustre	/ictstr01/groups/ml01/workspace/artur.szalata/code/chem-perturbridge_lpm/.plib_cache/results/lpm_paper10_morgan_fixed_all_data_plus_tahoe_novartis_op3_seed47_molholdout_h100_2x_bs4096_200epoch_lustre/LPM_e0553ae76d7decce/seed_47/checkpoints/epoch-epoch=0160.ckpt	0.55391675	0.57081378	ok
all_datasets_morgan_fixed	47	vcpi_0002	Ginkgo VCPI vcpi-0002 (tvc-kdl-010)	lpm_paper10_morgan_fixed_all_data_plus_tahoe_novartis_op3_seed47_molholdout_h100_2x_bs4096_200epoch_lustre	/ictstr01/groups/ml01/workspace/artur.szalata/code/chem-perturbridge_lpm/.plib_cache/results/lpm_paper10_morgan_fixed_all_data_plus_tahoe_novartis_op3_seed47_molholdout_h100_2x_bs4096_200epoch_lustre/LPM_e0553ae76d7decce/seed_47/checkpoints/epoch-epoch=0050.ckpt	0.51061237		ok
all_datasets_morgan_learned	13	cigs_mce	CIGS MCE	lpm_paper10_morgan_init_learned_all_data_plus_tahoe_novartis_op3_seed13_molholdout_h100_2x_bs4096_200epoch_lustre	/ictstr01/groups/ml01/workspace/artur.szalata/code/chem-perturbridge_lpm/.plib_cache/results/lpm_paper10_morgan_init_learned_all_data_plus_tahoe_novartis_op3_seed13_molholdout_h100_2x_bs4096_200epoch_lustre/LPM_6c2dba372bca1bda/seed_13/checkpoints/epoch-epoch=0147.ckpt	0.58200926	0.58670038	ok
all_datasets_morgan_learned	13	cigs_tcm	CIGS TCM	lpm_paper10_morgan_init_learned_all_data_plus_tahoe_novartis_op3_seed13_molholdout_h100_2x_bs4096_200epoch_lustre	/ictstr01/groups/ml01/workspace/artur.szalata/code/chem-perturbridge_lpm/.plib_cache/results/lpm_paper10_morgan_init_learned_all_data_plus_tahoe_novartis_op3_seed13_molholdout_h100_2x_bs4096_200epoch_lustre/LPM_6c2dba372bca1bda/seed_13/checkpoints/epoch-epoch=0009.ckpt	0.42496297	0.40821239	ok
all_datasets_morgan_learned	13	dilimap_train	dilimap_train	lpm_paper10_morgan_init_learned_all_data_plus_tahoe_novartis_op3_seed13_molholdout_h100_2x_bs4096_200epoch_lustre	/ictstr01/groups/ml01/workspace/artur.szalata/code/chem-perturbridge_lpm/.plib_cache/results/lpm_paper10_morgan_init_learned_all_data_plus_tahoe_novartis_op3_seed13_molholdout_h100_2x_bs4096_200epoch_lustre/LPM_6c2dba372bca1bda/seed_13/checkpoints/epoch-epoch=0024.ckpt	0.61569238	0.65452510	ok
all_datasets_morgan_learned	13	gdpx2	Ginkgo GDPx2	lpm_paper10_morgan_init_learned_all_data_plus_tahoe_novartis_op3_seed13_molholdout_h100_2x_bs4096_200epoch_lustre	/ictstr01/groups/ml01/workspace/artur.szalata/code/chem-perturbridge_lpm/.plib_cache/results/lpm_paper10_morgan_init_learned_all_data_plus_tahoe_novartis_op3_seed13_molholdout_h100_2x_bs4096_200epoch_lustre/LPM_6c2dba372bca1bda/seed_13/checkpoints/epoch-epoch=0099.ckpt	0.56838006	0.43626004	ok
all_datasets_morgan_learned	13	lincs_phase1	LINCS_phase1_level3_epsilon	lpm_paper10_morgan_init_learned_all_data_plus_tahoe_novartis_op3_seed13_molholdout_h100_2x_bs4096_200epoch_lustre	/ictstr01/groups/ml01/workspace/artur.szalata/code/chem-perturbridge_lpm/.plib_cache/results/lpm_paper10_morgan_init_learned_all_data_plus_tahoe_novartis_op3_seed13_molholdout_h100_2x_bs4096_200epoch_lustre/LPM_6c2dba372bca1bda/seed_13/checkpoints/epoch-epoch=0025.ckpt	0.61668795	0.62799078	ok
all_datasets_morgan_learned	13	lincs_phase2	LINCS_phase2_level3	lpm_paper10_morgan_init_learned_all_data_plus_tahoe_novartis_op3_seed13_molholdout_h100_2x_bs4096_200epoch_lustre	/ictstr01/groups/ml01/workspace/artur.szalata/code/chem-perturbridge_lpm/.plib_cache/results/lpm_paper10_morgan_init_learned_all_data_plus_tahoe_novartis_op3_seed13_molholdout_h100_2x_bs4096_200epoch_lustre/LPM_6c2dba372bca1bda/seed_13/checkpoints/epoch-epoch=0099.ckpt	0.48160130	0.48344171	ok
all_datasets_morgan_learned	13	novartis	Novartis MoABox DRUG-seq	lpm_paper10_morgan_init_learned_all_data_plus_tahoe_novartis_op3_seed13_molholdout_h100_2x_bs4096_200epoch_lustre	/ictstr01/groups/ml01/workspace/artur.szalata/code/chem-perturbridge_lpm/.plib_cache/results/lpm_paper10_morgan_init_learned_all_data_plus_tahoe_novartis_op3_seed13_molholdout_h100_2x_bs4096_200epoch_lustre/LPM_6c2dba372bca1bda/seed_13/checkpoints/epoch-epoch=0002.ckpt	0.68960297	0.55532998	ok
all_datasets_morgan_learned	13	op3	op3	lpm_paper10_morgan_init_learned_all_data_plus_tahoe_novartis_op3_seed13_molholdout_h100_2x_bs4096_200epoch_lustre	/ictstr01/groups/ml01/workspace/artur.szalata/code/chem-perturbridge_lpm/.plib_cache/results/lpm_paper10_morgan_init_learned_all_data_plus_tahoe_novartis_op3_seed13_molholdout_h100_2x_bs4096_200epoch_lustre/LPM_6c2dba372bca1bda/seed_13/checkpoints/epoch-epoch=0011.ckpt	0.40038979	0.35738513	ok
all_datasets_morgan_learned	13	sciplex	srivatsan20_sciplex3	lpm_paper10_morgan_init_learned_all_data_plus_tahoe_novartis_op3_seed13_molholdout_h100_2x_bs4096_200epoch_lustre	/ictstr01/groups/ml01/workspace/artur.szalata/code/chem-perturbridge_lpm/.plib_cache/results/lpm_paper10_morgan_init_learned_all_data_plus_tahoe_novartis_op3_seed13_molholdout_h100_2x_bs4096_200epoch_lustre/LPM_6c2dba372bca1bda/seed_13/checkpoints/epoch-epoch=0120.ckpt	0.65583539	0.68098372	ok
all_datasets_morgan_learned	13	tahoe100	tahoe100	lpm_paper10_morgan_init_learned_all_data_plus_tahoe_novartis_op3_seed13_molholdout_h100_2x_bs4096_200epoch_lustre	/ictstr01/groups/ml01/workspace/artur.szalata/code/chem-perturbridge_lpm/.plib_cache/results/lpm_paper10_morgan_init_learned_all_data_plus_tahoe_novartis_op3_seed13_molholdout_h100_2x_bs4096_200epoch_lustre/LPM_6c2dba372bca1bda/seed_13/checkpoints/epoch-epoch=0024.ckpt	0.74157590	0.73333871	ok
all_datasets_morgan_learned	13	vcpi_0001	Ginkgo VCPI vcpi-0001 (tvc-bhr-009)	lpm_paper10_morgan_init_learned_all_data_plus_tahoe_novartis_op3_seed13_molholdout_h100_2x_bs4096_200epoch_lustre	/ictstr01/groups/ml01/workspace/artur.szalata/code/chem-perturbridge_lpm/.plib_cache/results/lpm_paper10_morgan_init_learned_all_data_plus_tahoe_novartis_op3_seed13_molholdout_h100_2x_bs4096_200epoch_lustre/LPM_6c2dba372bca1bda/seed_13/checkpoints/epoch-epoch=0163.ckpt	0.55392081	0.57080442	ok
all_datasets_morgan_learned	13	vcpi_0002	Ginkgo VCPI vcpi-0002 (tvc-kdl-010)	lpm_paper10_morgan_init_learned_all_data_plus_tahoe_novartis_op3_seed13_molholdout_h100_2x_bs4096_200epoch_lustre	/ictstr01/groups/ml01/workspace/artur.szalata/code/chem-perturbridge_lpm/.plib_cache/results/lpm_paper10_morgan_init_learned_all_data_plus_tahoe_novartis_op3_seed13_molholdout_h100_2x_bs4096_200epoch_lustre/LPM_6c2dba372bca1bda/seed_13/checkpoints/epoch-epoch=0024.ckpt	0.51061338		ok
all_datasets_morgan_learned	17	cigs_mce	CIGS MCE	lpm_paper10_morgan_init_learned_all_data_plus_tahoe_novartis_op3_seed17_molholdout_h100_2x_bs4096_200epoch_lustre	/ictstr01/groups/ml01/workspace/artur.szalata/code/chem-perturbridge_lpm/.plib_cache/results/lpm_paper10_morgan_init_learned_all_data_plus_tahoe_novartis_op3_seed17_molholdout_h100_2x_bs4096_200epoch_lustre/LPM_6c2dba372bca1bda/seed_17/checkpoints/epoch-epoch=0088.ckpt	0.58006269	0.58451575	ok
all_datasets_morgan_learned	17	cigs_tcm	CIGS TCM	lpm_paper10_morgan_init_learned_all_data_plus_tahoe_novartis_op3_seed17_molholdout_h100_2x_bs4096_200epoch_lustre	/ictstr01/groups/ml01/workspace/artur.szalata/code/chem-perturbridge_lpm/.plib_cache/results/lpm_paper10_morgan_init_learned_all_data_plus_tahoe_novartis_op3_seed17_molholdout_h100_2x_bs4096_200epoch_lustre/LPM_6c2dba372bca1bda/seed_17/checkpoints/epoch-epoch=0009.ckpt	0.42463353	0.40788701	ok
all_datasets_morgan_learned	17	dilimap_train	dilimap_train	lpm_paper10_morgan_init_learned_all_data_plus_tahoe_novartis_op3_seed17_molholdout_h100_2x_bs4096_200epoch_lustre	/ictstr01/groups/ml01/workspace/artur.szalata/code/chem-perturbridge_lpm/.plib_cache/results/lpm_paper10_morgan_init_learned_all_data_plus_tahoe_novartis_op3_seed17_molholdout_h100_2x_bs4096_200epoch_lustre/LPM_6c2dba372bca1bda/seed_17/checkpoints/epoch-epoch=0010.ckpt	0.62761545	0.66978645	ok
all_datasets_morgan_learned	17	gdpx2	Ginkgo GDPx2	lpm_paper10_morgan_init_learned_all_data_plus_tahoe_novartis_op3_seed17_molholdout_h100_2x_bs4096_200epoch_lustre	/ictstr01/groups/ml01/workspace/artur.szalata/code/chem-perturbridge_lpm/.plib_cache/results/lpm_paper10_morgan_init_learned_all_data_plus_tahoe_novartis_op3_seed17_molholdout_h100_2x_bs4096_200epoch_lustre/LPM_6c2dba372bca1bda/seed_17/checkpoints/epoch-epoch=0021.ckpt	0.57141125	0.43714827	ok
all_datasets_morgan_learned	17	lincs_phase1	LINCS_phase1_level3_epsilon	lpm_paper10_morgan_init_learned_all_data_plus_tahoe_novartis_op3_seed17_molholdout_h100_2x_bs4096_200epoch_lustre	/ictstr01/groups/ml01/workspace/artur.szalata/code/chem-perturbridge_lpm/.plib_cache/results/lpm_paper10_morgan_init_learned_all_data_plus_tahoe_novartis_op3_seed17_molholdout_h100_2x_bs4096_200epoch_lustre/LPM_6c2dba372bca1bda/seed_17/checkpoints/epoch-epoch=0026.ckpt	0.61694849	0.62573087	ok
all_datasets_morgan_learned	17	lincs_phase2	LINCS_phase2_level3	lpm_paper10_morgan_init_learned_all_data_plus_tahoe_novartis_op3_seed17_molholdout_h100_2x_bs4096_200epoch_lustre	/ictstr01/groups/ml01/workspace/artur.szalata/code/chem-perturbridge_lpm/.plib_cache/results/lpm_paper10_morgan_init_learned_all_data_plus_tahoe_novartis_op3_seed17_molholdout_h100_2x_bs4096_200epoch_lustre/LPM_6c2dba372bca1bda/seed_17/checkpoints/epoch-epoch=0082.ckpt	0.48092175	0.48230535	ok
all_datasets_morgan_learned	17	novartis	Novartis MoABox DRUG-seq	lpm_paper10_morgan_init_learned_all_data_plus_tahoe_novartis_op3_seed17_molholdout_h100_2x_bs4096_200epoch_lustre	/ictstr01/groups/ml01/workspace/artur.szalata/code/chem-perturbridge_lpm/.plib_cache/results/lpm_paper10_morgan_init_learned_all_data_plus_tahoe_novartis_op3_seed17_molholdout_h100_2x_bs4096_200epoch_lustre/LPM_6c2dba372bca1bda/seed_17/checkpoints/epoch-epoch=0001.ckpt	0.68941933	0.55506074	ok
all_datasets_morgan_learned	17	op3	op3	lpm_paper10_morgan_init_learned_all_data_plus_tahoe_novartis_op3_seed17_molholdout_h100_2x_bs4096_200epoch_lustre	/ictstr01/groups/ml01/workspace/artur.szalata/code/chem-perturbridge_lpm/.plib_cache/results/lpm_paper10_morgan_init_learned_all_data_plus_tahoe_novartis_op3_seed17_molholdout_h100_2x_bs4096_200epoch_lustre/LPM_6c2dba372bca1bda/seed_17/checkpoints/epoch-epoch=0022.ckpt	0.39994013	0.35658440	ok
all_datasets_morgan_learned	17	sciplex	srivatsan20_sciplex3	lpm_paper10_morgan_init_learned_all_data_plus_tahoe_novartis_op3_seed17_molholdout_h100_2x_bs4096_200epoch_lustre	/ictstr01/groups/ml01/workspace/artur.szalata/code/chem-perturbridge_lpm/.plib_cache/results/lpm_paper10_morgan_init_learned_all_data_plus_tahoe_novartis_op3_seed17_molholdout_h100_2x_bs4096_200epoch_lustre/LPM_6c2dba372bca1bda/seed_17/checkpoints/epoch-epoch=0045.ckpt	0.65387994	0.68443131	ok
all_datasets_morgan_learned	17	tahoe100	tahoe100	lpm_paper10_morgan_init_learned_all_data_plus_tahoe_novartis_op3_seed17_molholdout_h100_2x_bs4096_200epoch_lustre	/ictstr01/groups/ml01/workspace/artur.szalata/code/chem-perturbridge_lpm/.plib_cache/results/lpm_paper10_morgan_init_learned_all_data_plus_tahoe_novartis_op3_seed17_molholdout_h100_2x_bs4096_200epoch_lustre/LPM_6c2dba372bca1bda/seed_17/checkpoints/epoch-epoch=0010.ckpt	0.73844486	0.73406404	ok
all_datasets_morgan_learned	17	vcpi_0001	Ginkgo VCPI vcpi-0001 (tvc-bhr-009)	lpm_paper10_morgan_init_learned_all_data_plus_tahoe_novartis_op3_seed17_molholdout_h100_2x_bs4096_200epoch_lustre	/ictstr01/groups/ml01/workspace/artur.szalata/code/chem-perturbridge_lpm/.plib_cache/results/lpm_paper10_morgan_init_learned_all_data_plus_tahoe_novartis_op3_seed17_molholdout_h100_2x_bs4096_200epoch_lustre/LPM_6c2dba372bca1bda/seed_17/checkpoints/epoch-epoch=0036.ckpt	0.55375522	0.57137805	ok
all_datasets_morgan_learned	17	vcpi_0002	Ginkgo VCPI vcpi-0002 (tvc-kdl-010)	lpm_paper10_morgan_init_learned_all_data_plus_tahoe_novartis_op3_seed17_molholdout_h100_2x_bs4096_200epoch_lustre	/ictstr01/groups/ml01/workspace/artur.szalata/code/chem-perturbridge_lpm/.plib_cache/results/lpm_paper10_morgan_init_learned_all_data_plus_tahoe_novartis_op3_seed17_molholdout_h100_2x_bs4096_200epoch_lustre/LPM_6c2dba372bca1bda/seed_17/checkpoints/epoch-epoch=0010.ckpt	0.51012850		ok
all_datasets_morgan_learned	19	cigs_mce	CIGS MCE	lpm_paper10_morgan_init_learned_all_data_plus_tahoe_novartis_op3_seed19_molholdout_h100_2x_bs4096_200epoch_lustre	/ictstr01/groups/ml01/workspace/artur.szalata/code/chem-perturbridge_lpm/.plib_cache/results/lpm_paper10_morgan_init_learned_all_data_plus_tahoe_novartis_op3_seed19_molholdout_h100_2x_bs4096_200epoch_lustre/LPM_6c2dba372bca1bda/seed_19/checkpoints/epoch-epoch=0010.ckpt	0.57664025	0.57531637	ok
all_datasets_morgan_learned	19	cigs_tcm	CIGS TCM	lpm_paper10_morgan_init_learned_all_data_plus_tahoe_novartis_op3_seed19_molholdout_h100_2x_bs4096_200epoch_lustre	/ictstr01/groups/ml01/workspace/artur.szalata/code/chem-perturbridge_lpm/.plib_cache/results/lpm_paper10_morgan_init_learned_all_data_plus_tahoe_novartis_op3_seed19_molholdout_h100_2x_bs4096_200epoch_lustre/LPM_6c2dba372bca1bda/seed_19/checkpoints/epoch-epoch=0013.ckpt	0.42487386	0.40812927	ok
all_datasets_morgan_learned	19	dilimap_train	dilimap_train	lpm_paper10_morgan_init_learned_all_data_plus_tahoe_novartis_op3_seed19_molholdout_h100_2x_bs4096_200epoch_lustre	/ictstr01/groups/ml01/workspace/artur.szalata/code/chem-perturbridge_lpm/.plib_cache/results/lpm_paper10_morgan_init_learned_all_data_plus_tahoe_novartis_op3_seed19_molholdout_h100_2x_bs4096_200epoch_lustre/LPM_6c2dba372bca1bda/seed_19/checkpoints/epoch-epoch=0037.ckpt	0.63198900	0.67006528	ok
all_datasets_morgan_learned	19	gdpx2	Ginkgo GDPx2	lpm_paper10_morgan_init_learned_all_data_plus_tahoe_novartis_op3_seed19_molholdout_h100_2x_bs4096_200epoch_lustre	/ictstr01/groups/ml01/workspace/artur.szalata/code/chem-perturbridge_lpm/.plib_cache/results/lpm_paper10_morgan_init_learned_all_data_plus_tahoe_novartis_op3_seed19_molholdout_h100_2x_bs4096_200epoch_lustre/LPM_6c2dba372bca1bda/seed_19/checkpoints/epoch-epoch=0026.ckpt	0.57974362	0.43711075	ok
all_datasets_morgan_learned	19	lincs_phase1	LINCS_phase1_level3_epsilon	lpm_paper10_morgan_init_learned_all_data_plus_tahoe_novartis_op3_seed19_molholdout_h100_2x_bs4096_200epoch_lustre	/ictstr01/groups/ml01/workspace/artur.szalata/code/chem-perturbridge_lpm/.plib_cache/results/lpm_paper10_morgan_init_learned_all_data_plus_tahoe_novartis_op3_seed19_molholdout_h100_2x_bs4096_200epoch_lustre/LPM_6c2dba372bca1bda/seed_19/checkpoints/epoch-epoch=0017.ckpt	0.61650389	0.62827516	ok
all_datasets_morgan_learned	19	lincs_phase2	LINCS_phase2_level3	lpm_paper10_morgan_init_learned_all_data_plus_tahoe_novartis_op3_seed19_molholdout_h100_2x_bs4096_200epoch_lustre	/ictstr01/groups/ml01/workspace/artur.szalata/code/chem-perturbridge_lpm/.plib_cache/results/lpm_paper10_morgan_init_learned_all_data_plus_tahoe_novartis_op3_seed19_molholdout_h100_2x_bs4096_200epoch_lustre/LPM_6c2dba372bca1bda/seed_19/checkpoints/epoch-epoch=0155.ckpt	0.48140308	0.48405725	ok
all_datasets_morgan_learned	19	novartis	Novartis MoABox DRUG-seq	lpm_paper10_morgan_init_learned_all_data_plus_tahoe_novartis_op3_seed19_molholdout_h100_2x_bs4096_200epoch_lustre	/ictstr01/groups/ml01/workspace/artur.szalata/code/chem-perturbridge_lpm/.plib_cache/results/lpm_paper10_morgan_init_learned_all_data_plus_tahoe_novartis_op3_seed19_molholdout_h100_2x_bs4096_200epoch_lustre/LPM_6c2dba372bca1bda/seed_19/checkpoints/epoch-epoch=0001.ckpt	0.68958366	0.55520678	ok
all_datasets_morgan_learned	19	op3	op3	lpm_paper10_morgan_init_learned_all_data_plus_tahoe_novartis_op3_seed19_molholdout_h100_2x_bs4096_200epoch_lustre	/ictstr01/groups/ml01/workspace/artur.szalata/code/chem-perturbridge_lpm/.plib_cache/results/lpm_paper10_morgan_init_learned_all_data_plus_tahoe_novartis_op3_seed19_molholdout_h100_2x_bs4096_200epoch_lustre/LPM_6c2dba372bca1bda/seed_19/checkpoints/epoch-epoch=0082.ckpt	0.39285886	0.35239232	ok
all_datasets_morgan_learned	19	sciplex	srivatsan20_sciplex3	lpm_paper10_morgan_init_learned_all_data_plus_tahoe_novartis_op3_seed19_molholdout_h100_2x_bs4096_200epoch_lustre	/ictstr01/groups/ml01/workspace/artur.szalata/code/chem-perturbridge_lpm/.plib_cache/results/lpm_paper10_morgan_init_learned_all_data_plus_tahoe_novartis_op3_seed19_molholdout_h100_2x_bs4096_200epoch_lustre/LPM_6c2dba372bca1bda/seed_19/checkpoints/epoch-epoch=0095.ckpt	0.65394574	0.68100923	ok
all_datasets_morgan_learned	19	tahoe100	tahoe100	lpm_paper10_morgan_init_learned_all_data_plus_tahoe_novartis_op3_seed19_molholdout_h100_2x_bs4096_200epoch_lustre	/ictstr01/groups/ml01/workspace/artur.szalata/code/chem-perturbridge_lpm/.plib_cache/results/lpm_paper10_morgan_init_learned_all_data_plus_tahoe_novartis_op3_seed19_molholdout_h100_2x_bs4096_200epoch_lustre/LPM_6c2dba372bca1bda/seed_19/checkpoints/epoch-epoch=0037.ckpt	0.74135321	0.73122680	ok
all_datasets_morgan_learned	19	vcpi_0001	Ginkgo VCPI vcpi-0001 (tvc-bhr-009)	lpm_paper10_morgan_init_learned_all_data_plus_tahoe_novartis_op3_seed19_molholdout_h100_2x_bs4096_200epoch_lustre	/ictstr01/groups/ml01/workspace/artur.szalata/code/chem-perturbridge_lpm/.plib_cache/results/lpm_paper10_morgan_init_learned_all_data_plus_tahoe_novartis_op3_seed19_molholdout_h100_2x_bs4096_200epoch_lustre/LPM_6c2dba372bca1bda/seed_19/checkpoints/epoch-epoch=0121.ckpt	0.55395555	0.57096112	ok
all_datasets_morgan_learned	19	vcpi_0002	Ginkgo VCPI vcpi-0002 (tvc-kdl-010)	lpm_paper10_morgan_init_learned_all_data_plus_tahoe_novartis_op3_seed19_molholdout_h100_2x_bs4096_200epoch_lustre	/ictstr01/groups/ml01/workspace/artur.szalata/code/chem-perturbridge_lpm/.plib_cache/results/lpm_paper10_morgan_init_learned_all_data_plus_tahoe_novartis_op3_seed19_molholdout_h100_2x_bs4096_200epoch_lustre/LPM_6c2dba372bca1bda/seed_19/checkpoints/epoch-epoch=0037.ckpt	0.51061565		ok
all_datasets_morgan_learned	23	cigs_mce	CIGS MCE	lpm_paper10_morgan_init_learned_all_data_plus_tahoe_novartis_op3_seed23_molholdout_h100_2x_bs4096_200epoch_lustre	/ictstr01/groups/ml01/workspace/artur.szalata/code/chem-perturbridge_lpm/.plib_cache/results/lpm_paper10_morgan_init_learned_all_data_plus_tahoe_novartis_op3_seed23_molholdout_h100_2x_bs4096_200epoch_lustre/LPM_6c2dba372bca1bda/seed_23/checkpoints/epoch-epoch=0020.ckpt	0.57841736	0.58140844	ok
all_datasets_morgan_learned	23	cigs_tcm	CIGS TCM	lpm_paper10_morgan_init_learned_all_data_plus_tahoe_novartis_op3_seed23_molholdout_h100_2x_bs4096_200epoch_lustre	/ictstr01/groups/ml01/workspace/artur.szalata/code/chem-perturbridge_lpm/.plib_cache/results/lpm_paper10_morgan_init_learned_all_data_plus_tahoe_novartis_op3_seed23_molholdout_h100_2x_bs4096_200epoch_lustre/LPM_6c2dba372bca1bda/seed_23/checkpoints/epoch-epoch=0084.ckpt	0.42478558	0.40903085	ok
all_datasets_morgan_learned	23	dilimap_train	dilimap_train	lpm_paper10_morgan_init_learned_all_data_plus_tahoe_novartis_op3_seed23_molholdout_h100_2x_bs4096_200epoch_lustre	/ictstr01/groups/ml01/workspace/artur.szalata/code/chem-perturbridge_lpm/.plib_cache/results/lpm_paper10_morgan_init_learned_all_data_plus_tahoe_novartis_op3_seed23_molholdout_h100_2x_bs4096_200epoch_lustre/LPM_6c2dba372bca1bda/seed_23/checkpoints/epoch-epoch=0026.ckpt	0.62479907	0.66486365	ok
all_datasets_morgan_learned	23	gdpx2	Ginkgo GDPx2	lpm_paper10_morgan_init_learned_all_data_plus_tahoe_novartis_op3_seed23_molholdout_h100_2x_bs4096_200epoch_lustre	/ictstr01/groups/ml01/workspace/artur.szalata/code/chem-perturbridge_lpm/.plib_cache/results/lpm_paper10_morgan_init_learned_all_data_plus_tahoe_novartis_op3_seed23_molholdout_h100_2x_bs4096_200epoch_lustre/LPM_6c2dba372bca1bda/seed_23/checkpoints/epoch-epoch=0044.ckpt	0.56887597	0.43651494	ok
all_datasets_morgan_learned	23	lincs_phase1	LINCS_phase1_level3_epsilon	lpm_paper10_morgan_init_learned_all_data_plus_tahoe_novartis_op3_seed23_molholdout_h100_2x_bs4096_200epoch_lustre	/ictstr01/groups/ml01/workspace/artur.szalata/code/chem-perturbridge_lpm/.plib_cache/results/lpm_paper10_morgan_init_learned_all_data_plus_tahoe_novartis_op3_seed23_molholdout_h100_2x_bs4096_200epoch_lustre/LPM_6c2dba372bca1bda/seed_23/checkpoints/epoch-epoch=0029.ckpt	0.61593908	0.62666875	ok
all_datasets_morgan_learned	23	lincs_phase2	LINCS_phase2_level3	lpm_paper10_morgan_init_learned_all_data_plus_tahoe_novartis_op3_seed23_molholdout_h100_2x_bs4096_200epoch_lustre	/ictstr01/groups/ml01/workspace/artur.szalata/code/chem-perturbridge_lpm/.plib_cache/results/lpm_paper10_morgan_init_learned_all_data_plus_tahoe_novartis_op3_seed23_molholdout_h100_2x_bs4096_200epoch_lustre/LPM_6c2dba372bca1bda/seed_23/checkpoints/epoch-epoch=0073.ckpt	0.48198202	0.48347464	ok
all_datasets_morgan_learned	23	novartis	Novartis MoABox DRUG-seq	lpm_paper10_morgan_init_learned_all_data_plus_tahoe_novartis_op3_seed23_molholdout_h100_2x_bs4096_200epoch_lustre	/ictstr01/groups/ml01/workspace/artur.szalata/code/chem-perturbridge_lpm/.plib_cache/results/lpm_paper10_morgan_init_learned_all_data_plus_tahoe_novartis_op3_seed23_molholdout_h100_2x_bs4096_200epoch_lustre/LPM_6c2dba372bca1bda/seed_23/checkpoints/epoch-epoch=0002.ckpt	0.68953025	0.55517095	ok
all_datasets_morgan_learned	23	op3	op3	lpm_paper10_morgan_init_learned_all_data_plus_tahoe_novartis_op3_seed23_molholdout_h100_2x_bs4096_200epoch_lustre	/ictstr01/groups/ml01/workspace/artur.szalata/code/chem-perturbridge_lpm/.plib_cache/results/lpm_paper10_morgan_init_learned_all_data_plus_tahoe_novartis_op3_seed23_molholdout_h100_2x_bs4096_200epoch_lustre/LPM_6c2dba372bca1bda/seed_23/checkpoints/epoch-epoch=0018.ckpt	0.40043288	0.35739452	ok
all_datasets_morgan_learned	23	sciplex	srivatsan20_sciplex3	lpm_paper10_morgan_init_learned_all_data_plus_tahoe_novartis_op3_seed23_molholdout_h100_2x_bs4096_200epoch_lustre	/ictstr01/groups/ml01/workspace/artur.szalata/code/chem-perturbridge_lpm/.plib_cache/results/lpm_paper10_morgan_init_learned_all_data_plus_tahoe_novartis_op3_seed23_molholdout_h100_2x_bs4096_200epoch_lustre/LPM_6c2dba372bca1bda/seed_23/checkpoints/epoch-epoch=0031.ckpt	0.65910745	0.68543428	ok
all_datasets_morgan_learned	23	tahoe100	tahoe100	lpm_paper10_morgan_init_learned_all_data_plus_tahoe_novartis_op3_seed23_molholdout_h100_2x_bs4096_200epoch_lustre	/ictstr01/groups/ml01/workspace/artur.szalata/code/chem-perturbridge_lpm/.plib_cache/results/lpm_paper10_morgan_init_learned_all_data_plus_tahoe_novartis_op3_seed23_molholdout_h100_2x_bs4096_200epoch_lustre/LPM_6c2dba372bca1bda/seed_23/checkpoints/epoch-epoch=0026.ckpt	0.74070048	0.73094887	ok
all_datasets_morgan_learned	23	vcpi_0001	Ginkgo VCPI vcpi-0001 (tvc-bhr-009)	lpm_paper10_morgan_init_learned_all_data_plus_tahoe_novartis_op3_seed23_molholdout_h100_2x_bs4096_200epoch_lustre	/ictstr01/groups/ml01/workspace/artur.szalata/code/chem-perturbridge_lpm/.plib_cache/results/lpm_paper10_morgan_init_learned_all_data_plus_tahoe_novartis_op3_seed23_molholdout_h100_2x_bs4096_200epoch_lustre/LPM_6c2dba372bca1bda/seed_23/checkpoints/epoch-epoch=0152.ckpt	0.55392385	0.57073915	ok
all_datasets_morgan_learned	23	vcpi_0002	Ginkgo VCPI vcpi-0002 (tvc-kdl-010)	lpm_paper10_morgan_init_learned_all_data_plus_tahoe_novartis_op3_seed23_molholdout_h100_2x_bs4096_200epoch_lustre	/ictstr01/groups/ml01/workspace/artur.szalata/code/chem-perturbridge_lpm/.plib_cache/results/lpm_paper10_morgan_init_learned_all_data_plus_tahoe_novartis_op3_seed23_molholdout_h100_2x_bs4096_200epoch_lustre/LPM_6c2dba372bca1bda/seed_23/checkpoints/epoch-epoch=0026.ckpt	0.51062459		ok
all_datasets_morgan_learned	29	cigs_mce	CIGS MCE	lpm_paper10_morgan_init_learned_all_data_plus_tahoe_novartis_op3_seed29_molholdout_h100_2x_bs4096_200epoch_lustre	/ictstr01/groups/ml01/workspace/artur.szalata/code/chem-perturbridge_lpm/.plib_cache/results/lpm_paper10_morgan_init_learned_all_data_plus_tahoe_novartis_op3_seed29_molholdout_h100_2x_bs4096_200epoch_lustre/LPM_6c2dba372bca1bda/seed_29/checkpoints/epoch-epoch=0053.ckpt	0.58012223	0.58570153	ok
all_datasets_morgan_learned	29	cigs_tcm	CIGS TCM	lpm_paper10_morgan_init_learned_all_data_plus_tahoe_novartis_op3_seed29_molholdout_h100_2x_bs4096_200epoch_lustre	/ictstr01/groups/ml01/workspace/artur.szalata/code/chem-perturbridge_lpm/.plib_cache/results/lpm_paper10_morgan_init_learned_all_data_plus_tahoe_novartis_op3_seed29_molholdout_h100_2x_bs4096_200epoch_lustre/LPM_6c2dba372bca1bda/seed_29/checkpoints/epoch-epoch=0006.ckpt	0.42493233	0.40805194	ok
all_datasets_morgan_learned	29	dilimap_train	dilimap_train	lpm_paper10_morgan_init_learned_all_data_plus_tahoe_novartis_op3_seed29_molholdout_h100_2x_bs4096_200epoch_lustre	/ictstr01/groups/ml01/workspace/artur.szalata/code/chem-perturbridge_lpm/.plib_cache/results/lpm_paper10_morgan_init_learned_all_data_plus_tahoe_novartis_op3_seed29_molholdout_h100_2x_bs4096_200epoch_lustre/LPM_6c2dba372bca1bda/seed_29/checkpoints/epoch-epoch=0026.ckpt	0.66899824	0.71608269	ok
all_datasets_morgan_learned	29	gdpx2	Ginkgo GDPx2	lpm_paper10_morgan_init_learned_all_data_plus_tahoe_novartis_op3_seed29_molholdout_h100_2x_bs4096_200epoch_lustre	/ictstr01/groups/ml01/workspace/artur.szalata/code/chem-perturbridge_lpm/.plib_cache/results/lpm_paper10_morgan_init_learned_all_data_plus_tahoe_novartis_op3_seed29_molholdout_h100_2x_bs4096_200epoch_lustre/LPM_6c2dba372bca1bda/seed_29/checkpoints/epoch-epoch=0197.ckpt	0.57363236	0.43655300	ok
all_datasets_morgan_learned	29	lincs_phase1	LINCS_phase1_level3_epsilon	lpm_paper10_morgan_init_learned_all_data_plus_tahoe_novartis_op3_seed29_molholdout_h100_2x_bs4096_200epoch_lustre	/ictstr01/groups/ml01/workspace/artur.szalata/code/chem-perturbridge_lpm/.plib_cache/results/lpm_paper10_morgan_init_learned_all_data_plus_tahoe_novartis_op3_seed29_molholdout_h100_2x_bs4096_200epoch_lustre/LPM_6c2dba372bca1bda/seed_29/checkpoints/epoch-epoch=0023.ckpt	0.61682147	0.62749368	ok
all_datasets_morgan_learned	29	lincs_phase2	LINCS_phase2_level3	lpm_paper10_morgan_init_learned_all_data_plus_tahoe_novartis_op3_seed29_molholdout_h100_2x_bs4096_200epoch_lustre	/ictstr01/groups/ml01/workspace/artur.szalata/code/chem-perturbridge_lpm/.plib_cache/results/lpm_paper10_morgan_init_learned_all_data_plus_tahoe_novartis_op3_seed29_molholdout_h100_2x_bs4096_200epoch_lustre/LPM_6c2dba372bca1bda/seed_29/checkpoints/epoch-epoch=0058.ckpt	0.48220202	0.48363593	ok
all_datasets_morgan_learned	29	novartis	Novartis MoABox DRUG-seq	lpm_paper10_morgan_init_learned_all_data_plus_tahoe_novartis_op3_seed29_molholdout_h100_2x_bs4096_200epoch_lustre	/ictstr01/groups/ml01/workspace/artur.szalata/code/chem-perturbridge_lpm/.plib_cache/results/lpm_paper10_morgan_init_learned_all_data_plus_tahoe_novartis_op3_seed29_molholdout_h100_2x_bs4096_200epoch_lustre/LPM_6c2dba372bca1bda/seed_29/checkpoints/epoch-epoch=0003.ckpt	0.68975043	0.55551153	ok
all_datasets_morgan_learned	29	op3	op3	lpm_paper10_morgan_init_learned_all_data_plus_tahoe_novartis_op3_seed29_molholdout_h100_2x_bs4096_200epoch_lustre	/ictstr01/groups/ml01/workspace/artur.szalata/code/chem-perturbridge_lpm/.plib_cache/results/lpm_paper10_morgan_init_learned_all_data_plus_tahoe_novartis_op3_seed29_molholdout_h100_2x_bs4096_200epoch_lustre/LPM_6c2dba372bca1bda/seed_29/checkpoints/epoch-epoch=0022.ckpt	0.40044051	0.35703370	ok
all_datasets_morgan_learned	29	sciplex	srivatsan20_sciplex3	lpm_paper10_morgan_init_learned_all_data_plus_tahoe_novartis_op3_seed29_molholdout_h100_2x_bs4096_200epoch_lustre	/ictstr01/groups/ml01/workspace/artur.szalata/code/chem-perturbridge_lpm/.plib_cache/results/lpm_paper10_morgan_init_learned_all_data_plus_tahoe_novartis_op3_seed29_molholdout_h100_2x_bs4096_200epoch_lustre/LPM_6c2dba372bca1bda/seed_29/checkpoints/epoch-epoch=0151.ckpt	0.65631747	0.68580425	ok
all_datasets_morgan_learned	29	tahoe100	tahoe100	lpm_paper10_morgan_init_learned_all_data_plus_tahoe_novartis_op3_seed29_molholdout_h100_2x_bs4096_200epoch_lustre	/ictstr01/groups/ml01/workspace/artur.szalata/code/chem-perturbridge_lpm/.plib_cache/results/lpm_paper10_morgan_init_learned_all_data_plus_tahoe_novartis_op3_seed29_molholdout_h100_2x_bs4096_200epoch_lustre/LPM_6c2dba372bca1bda/seed_29/checkpoints/epoch-epoch=0026.ckpt	0.74175984	0.73250401	ok
all_datasets_morgan_learned	29	vcpi_0001	Ginkgo VCPI vcpi-0001 (tvc-bhr-009)	lpm_paper10_morgan_init_learned_all_data_plus_tahoe_novartis_op3_seed29_molholdout_h100_2x_bs4096_200epoch_lustre	/ictstr01/groups/ml01/workspace/artur.szalata/code/chem-perturbridge_lpm/.plib_cache/results/lpm_paper10_morgan_init_learned_all_data_plus_tahoe_novartis_op3_seed29_molholdout_h100_2x_bs4096_200epoch_lustre/LPM_6c2dba372bca1bda/seed_29/checkpoints/epoch-epoch=0026.ckpt	0.55388290	0.57117277	ok
all_datasets_morgan_learned	29	vcpi_0002	Ginkgo VCPI vcpi-0002 (tvc-kdl-010)	lpm_paper10_morgan_init_learned_all_data_plus_tahoe_novartis_op3_seed29_molholdout_h100_2x_bs4096_200epoch_lustre	/ictstr01/groups/ml01/workspace/artur.szalata/code/chem-perturbridge_lpm/.plib_cache/results/lpm_paper10_morgan_init_learned_all_data_plus_tahoe_novartis_op3_seed29_molholdout_h100_2x_bs4096_200epoch_lustre/LPM_6c2dba372bca1bda/seed_29/checkpoints/epoch-epoch=0026.ckpt	0.51061809		ok
all_datasets_morgan_learned	31	cigs_mce	CIGS MCE	lpm_paper10_morgan_init_learned_all_data_plus_tahoe_novartis_op3_seed31_molholdout_h100_2x_bs4096_200epoch_lustre	/ictstr01/groups/ml01/workspace/artur.szalata/code/chem-perturbridge_lpm/.plib_cache/results/lpm_paper10_morgan_init_learned_all_data_plus_tahoe_novartis_op3_seed31_molholdout_h100_2x_bs4096_200epoch_lustre/LPM_6c2dba372bca1bda/seed_31/checkpoints/epoch-epoch=0006.ckpt	0.57642692	0.57557821	ok
all_datasets_morgan_learned	31	cigs_tcm	CIGS TCM	lpm_paper10_morgan_init_learned_all_data_plus_tahoe_novartis_op3_seed31_molholdout_h100_2x_bs4096_200epoch_lustre	/ictstr01/groups/ml01/workspace/artur.szalata/code/chem-perturbridge_lpm/.plib_cache/results/lpm_paper10_morgan_init_learned_all_data_plus_tahoe_novartis_op3_seed31_molholdout_h100_2x_bs4096_200epoch_lustre/LPM_6c2dba372bca1bda/seed_31/checkpoints/epoch-epoch=0007.ckpt	0.42486623	0.40794486	ok
all_datasets_morgan_learned	31	dilimap_train	dilimap_train	lpm_paper10_morgan_init_learned_all_data_plus_tahoe_novartis_op3_seed31_molholdout_h100_2x_bs4096_200epoch_lustre	/ictstr01/groups/ml01/workspace/artur.szalata/code/chem-perturbridge_lpm/.plib_cache/results/lpm_paper10_morgan_init_learned_all_data_plus_tahoe_novartis_op3_seed31_molholdout_h100_2x_bs4096_200epoch_lustre/LPM_6c2dba372bca1bda/seed_31/checkpoints/epoch-epoch=0028.ckpt	0.66697162	0.72390348	ok
all_datasets_morgan_learned	31	gdpx2	Ginkgo GDPx2	lpm_paper10_morgan_init_learned_all_data_plus_tahoe_novartis_op3_seed31_molholdout_h100_2x_bs4096_200epoch_lustre	/ictstr01/groups/ml01/workspace/artur.szalata/code/chem-perturbridge_lpm/.plib_cache/results/lpm_paper10_morgan_init_learned_all_data_plus_tahoe_novartis_op3_seed31_molholdout_h100_2x_bs4096_200epoch_lustre/LPM_6c2dba372bca1bda/seed_31/checkpoints/epoch-epoch=0045.ckpt	0.57189012	0.43620858	ok
all_datasets_morgan_learned	31	lincs_phase1	LINCS_phase1_level3_epsilon	lpm_paper10_morgan_init_learned_all_data_plus_tahoe_novartis_op3_seed31_molholdout_h100_2x_bs4096_200epoch_lustre	/ictstr01/groups/ml01/workspace/artur.szalata/code/chem-perturbridge_lpm/.plib_cache/results/lpm_paper10_morgan_init_learned_all_data_plus_tahoe_novartis_op3_seed31_molholdout_h100_2x_bs4096_200epoch_lustre/LPM_6c2dba372bca1bda/seed_31/checkpoints/epoch-epoch=0024.ckpt	0.61560470	0.62726772	ok
all_datasets_morgan_learned	31	lincs_phase2	LINCS_phase2_level3	lpm_paper10_morgan_init_learned_all_data_plus_tahoe_novartis_op3_seed31_molholdout_h100_2x_bs4096_200epoch_lustre	/ictstr01/groups/ml01/workspace/artur.szalata/code/chem-perturbridge_lpm/.plib_cache/results/lpm_paper10_morgan_init_learned_all_data_plus_tahoe_novartis_op3_seed31_molholdout_h100_2x_bs4096_200epoch_lustre/LPM_6c2dba372bca1bda/seed_31/checkpoints/epoch-epoch=0104.ckpt	0.48102400	0.48236048	ok
all_datasets_morgan_learned	31	novartis	Novartis MoABox DRUG-seq	lpm_paper10_morgan_init_learned_all_data_plus_tahoe_novartis_op3_seed31_molholdout_h100_2x_bs4096_200epoch_lustre	/ictstr01/groups/ml01/workspace/artur.szalata/code/chem-perturbridge_lpm/.plib_cache/results/lpm_paper10_morgan_init_learned_all_data_plus_tahoe_novartis_op3_seed31_molholdout_h100_2x_bs4096_200epoch_lustre/LPM_6c2dba372bca1bda/seed_31/checkpoints/epoch-epoch=0004.ckpt	0.68922591	0.55490923	ok
all_datasets_morgan_learned	31	op3	op3	lpm_paper10_morgan_init_learned_all_data_plus_tahoe_novartis_op3_seed31_molholdout_h100_2x_bs4096_200epoch_lustre	/ictstr01/groups/ml01/workspace/artur.szalata/code/chem-perturbridge_lpm/.plib_cache/results/lpm_paper10_morgan_init_learned_all_data_plus_tahoe_novartis_op3_seed31_molholdout_h100_2x_bs4096_200epoch_lustre/LPM_6c2dba372bca1bda/seed_31/checkpoints/epoch-epoch=0078.ckpt	0.40027633	0.35721499	ok
all_datasets_morgan_learned	31	sciplex	srivatsan20_sciplex3	lpm_paper10_morgan_init_learned_all_data_plus_tahoe_novartis_op3_seed31_molholdout_h100_2x_bs4096_200epoch_lustre	/ictstr01/groups/ml01/workspace/artur.szalata/code/chem-perturbridge_lpm/.plib_cache/results/lpm_paper10_morgan_init_learned_all_data_plus_tahoe_novartis_op3_seed31_molholdout_h100_2x_bs4096_200epoch_lustre/LPM_6c2dba372bca1bda/seed_31/checkpoints/epoch-epoch=0062.ckpt	0.65404975	0.68105286	ok
all_datasets_morgan_learned	31	tahoe100	tahoe100	lpm_paper10_morgan_init_learned_all_data_plus_tahoe_novartis_op3_seed31_molholdout_h100_2x_bs4096_200epoch_lustre	/ictstr01/groups/ml01/workspace/artur.szalata/code/chem-perturbridge_lpm/.plib_cache/results/lpm_paper10_morgan_init_learned_all_data_plus_tahoe_novartis_op3_seed31_molholdout_h100_2x_bs4096_200epoch_lustre/LPM_6c2dba372bca1bda/seed_31/checkpoints/epoch-epoch=0028.ckpt	0.74227315	0.73143077	ok
all_datasets_morgan_learned	31	vcpi_0001	Ginkgo VCPI vcpi-0001 (tvc-bhr-009)	lpm_paper10_morgan_init_learned_all_data_plus_tahoe_novartis_op3_seed31_molholdout_h100_2x_bs4096_200epoch_lustre	/ictstr01/groups/ml01/workspace/artur.szalata/code/chem-perturbridge_lpm/.plib_cache/results/lpm_paper10_morgan_init_learned_all_data_plus_tahoe_novartis_op3_seed31_molholdout_h100_2x_bs4096_200epoch_lustre/LPM_6c2dba372bca1bda/seed_31/checkpoints/epoch-epoch=0046.ckpt	0.55396187	0.57086438	ok
all_datasets_morgan_learned	31	vcpi_0002	Ginkgo VCPI vcpi-0002 (tvc-kdl-010)	lpm_paper10_morgan_init_learned_all_data_plus_tahoe_novartis_op3_seed31_molholdout_h100_2x_bs4096_200epoch_lustre	/ictstr01/groups/ml01/workspace/artur.szalata/code/chem-perturbridge_lpm/.plib_cache/results/lpm_paper10_morgan_init_learned_all_data_plus_tahoe_novartis_op3_seed31_molholdout_h100_2x_bs4096_200epoch_lustre/LPM_6c2dba372bca1bda/seed_31/checkpoints/epoch-epoch=0028.ckpt	0.51059419		ok
all_datasets_morgan_learned	37	cigs_mce	CIGS MCE	lpm_paper10_morgan_init_learned_all_data_plus_tahoe_novartis_op3_seed37_molholdout_h100_2x_bs4096_200epoch_lustre	/ictstr01/groups/ml01/workspace/artur.szalata/code/chem-perturbridge_lpm/.plib_cache/results/lpm_paper10_morgan_init_learned_all_data_plus_tahoe_novartis_op3_seed37_molholdout_h100_2x_bs4096_200epoch_lustre/LPM_6c2dba372bca1bda/seed_37/checkpoints/epoch-epoch=0014.ckpt	0.57497168	0.57387161	ok
all_datasets_morgan_learned	37	cigs_tcm	CIGS TCM	lpm_paper10_morgan_init_learned_all_data_plus_tahoe_novartis_op3_seed37_molholdout_h100_2x_bs4096_200epoch_lustre	/ictstr01/groups/ml01/workspace/artur.szalata/code/chem-perturbridge_lpm/.plib_cache/results/lpm_paper10_morgan_init_learned_all_data_plus_tahoe_novartis_op3_seed37_molholdout_h100_2x_bs4096_200epoch_lustre/LPM_6c2dba372bca1bda/seed_37/checkpoints/epoch-epoch=0025.ckpt	0.42378503	0.40841788	ok
all_datasets_morgan_learned	37	dilimap_train	dilimap_train	lpm_paper10_morgan_init_learned_all_data_plus_tahoe_novartis_op3_seed37_molholdout_h100_2x_bs4096_200epoch_lustre	/ictstr01/groups/ml01/workspace/artur.szalata/code/chem-perturbridge_lpm/.plib_cache/results/lpm_paper10_morgan_init_learned_all_data_plus_tahoe_novartis_op3_seed37_molholdout_h100_2x_bs4096_200epoch_lustre/LPM_6c2dba372bca1bda/seed_37/checkpoints/epoch-epoch=0020.ckpt	0.61440039	0.66671401	ok
all_datasets_morgan_learned	37	gdpx2	Ginkgo GDPx2	lpm_paper10_morgan_init_learned_all_data_plus_tahoe_novartis_op3_seed37_molholdout_h100_2x_bs4096_200epoch_lustre	/ictstr01/groups/ml01/workspace/artur.szalata/code/chem-perturbridge_lpm/.plib_cache/results/lpm_paper10_morgan_init_learned_all_data_plus_tahoe_novartis_op3_seed37_molholdout_h100_2x_bs4096_200epoch_lustre/LPM_6c2dba372bca1bda/seed_37/checkpoints/epoch-epoch=0063.ckpt	0.57528710	0.44007507	ok
all_datasets_morgan_learned	37	lincs_phase1	LINCS_phase1_level3_epsilon	lpm_paper10_morgan_init_learned_all_data_plus_tahoe_novartis_op3_seed37_molholdout_h100_2x_bs4096_200epoch_lustre	/ictstr01/groups/ml01/workspace/artur.szalata/code/chem-perturbridge_lpm/.plib_cache/results/lpm_paper10_morgan_init_learned_all_data_plus_tahoe_novartis_op3_seed37_molholdout_h100_2x_bs4096_200epoch_lustre/LPM_6c2dba372bca1bda/seed_37/checkpoints/epoch-epoch=0034.ckpt	0.61497730	0.62860602	ok
all_datasets_morgan_learned	37	lincs_phase2	LINCS_phase2_level3	lpm_paper10_morgan_init_learned_all_data_plus_tahoe_novartis_op3_seed37_molholdout_h100_2x_bs4096_200epoch_lustre	/ictstr01/groups/ml01/workspace/artur.szalata/code/chem-perturbridge_lpm/.plib_cache/results/lpm_paper10_morgan_init_learned_all_data_plus_tahoe_novartis_op3_seed37_molholdout_h100_2x_bs4096_200epoch_lustre/LPM_6c2dba372bca1bda/seed_37/checkpoints/epoch-epoch=0099.ckpt	0.48296183	0.48222312	ok
all_datasets_morgan_learned	37	novartis	Novartis MoABox DRUG-seq	lpm_paper10_morgan_init_learned_all_data_plus_tahoe_novartis_op3_seed37_molholdout_h100_2x_bs4096_200epoch_lustre	/ictstr01/groups/ml01/workspace/artur.szalata/code/chem-perturbridge_lpm/.plib_cache/results/lpm_paper10_morgan_init_learned_all_data_plus_tahoe_novartis_op3_seed37_molholdout_h100_2x_bs4096_200epoch_lustre/LPM_6c2dba372bca1bda/seed_37/checkpoints/epoch-epoch=0001.ckpt	0.68989402	0.55573201	ok
all_datasets_morgan_learned	37	op3	op3	lpm_paper10_morgan_init_learned_all_data_plus_tahoe_novartis_op3_seed37_molholdout_h100_2x_bs4096_200epoch_lustre	/ictstr01/groups/ml01/workspace/artur.szalata/code/chem-perturbridge_lpm/.plib_cache/results/lpm_paper10_morgan_init_learned_all_data_plus_tahoe_novartis_op3_seed37_molholdout_h100_2x_bs4096_200epoch_lustre/LPM_6c2dba372bca1bda/seed_37/checkpoints/epoch-epoch=0064.ckpt	0.40032175	0.35711735	ok
all_datasets_morgan_learned	37	sciplex	srivatsan20_sciplex3	lpm_paper10_morgan_init_learned_all_data_plus_tahoe_novartis_op3_seed37_molholdout_h100_2x_bs4096_200epoch_lustre	/ictstr01/groups/ml01/workspace/artur.szalata/code/chem-perturbridge_lpm/.plib_cache/results/lpm_paper10_morgan_init_learned_all_data_plus_tahoe_novartis_op3_seed37_molholdout_h100_2x_bs4096_200epoch_lustre/LPM_6c2dba372bca1bda/seed_37/checkpoints/epoch-epoch=0056.ckpt	0.65754384	0.68266034	ok
all_datasets_morgan_learned	37	tahoe100	tahoe100	lpm_paper10_morgan_init_learned_all_data_plus_tahoe_novartis_op3_seed37_molholdout_h100_2x_bs4096_200epoch_lustre	/ictstr01/groups/ml01/workspace/artur.szalata/code/chem-perturbridge_lpm/.plib_cache/results/lpm_paper10_morgan_init_learned_all_data_plus_tahoe_novartis_op3_seed37_molholdout_h100_2x_bs4096_200epoch_lustre/LPM_6c2dba372bca1bda/seed_37/checkpoints/epoch-epoch=0020.ckpt	0.74283850	0.73276287	ok
all_datasets_morgan_learned	37	vcpi_0001	Ginkgo VCPI vcpi-0001 (tvc-bhr-009)	lpm_paper10_morgan_init_learned_all_data_plus_tahoe_novartis_op3_seed37_molholdout_h100_2x_bs4096_200epoch_lustre	/ictstr01/groups/ml01/workspace/artur.szalata/code/chem-perturbridge_lpm/.plib_cache/results/lpm_paper10_morgan_init_learned_all_data_plus_tahoe_novartis_op3_seed37_molholdout_h100_2x_bs4096_200epoch_lustre/LPM_6c2dba372bca1bda/seed_37/checkpoints/epoch-epoch=0160.ckpt	0.55394095	0.57080084	ok
all_datasets_morgan_learned	37	vcpi_0002	Ginkgo VCPI vcpi-0002 (tvc-kdl-010)	lpm_paper10_morgan_init_learned_all_data_plus_tahoe_novartis_op3_seed37_molholdout_h100_2x_bs4096_200epoch_lustre	/ictstr01/groups/ml01/workspace/artur.szalata/code/chem-perturbridge_lpm/.plib_cache/results/lpm_paper10_morgan_init_learned_all_data_plus_tahoe_novartis_op3_seed37_molholdout_h100_2x_bs4096_200epoch_lustre/LPM_6c2dba372bca1bda/seed_37/checkpoints/epoch-epoch=0020.ckpt	0.51072061		ok
all_datasets_morgan_learned	41	cigs_mce	CIGS MCE	lpm_paper10_morgan_init_learned_all_data_plus_tahoe_novartis_op3_seed41_molholdout_h100_2x_bs4096_200epoch_lustre	/ictstr01/groups/ml01/workspace/artur.szalata/code/chem-perturbridge_lpm/.plib_cache/results/lpm_paper10_morgan_init_learned_all_data_plus_tahoe_novartis_op3_seed41_molholdout_h100_2x_bs4096_200epoch_lustre/LPM_6c2dba372bca1bda/seed_41/checkpoints/epoch-epoch=0008.ckpt	0.57770014	0.57677847	ok
all_datasets_morgan_learned	41	cigs_tcm	CIGS TCM	lpm_paper10_morgan_init_learned_all_data_plus_tahoe_novartis_op3_seed41_molholdout_h100_2x_bs4096_200epoch_lustre	/ictstr01/groups/ml01/workspace/artur.szalata/code/chem-perturbridge_lpm/.plib_cache/results/lpm_paper10_morgan_init_learned_all_data_plus_tahoe_novartis_op3_seed41_molholdout_h100_2x_bs4096_200epoch_lustre/LPM_6c2dba372bca1bda/seed_41/checkpoints/epoch-epoch=0006.ckpt	0.42481416	0.40808138	ok
all_datasets_morgan_learned	41	dilimap_train	dilimap_train	lpm_paper10_morgan_init_learned_all_data_plus_tahoe_novartis_op3_seed41_molholdout_h100_2x_bs4096_200epoch_lustre	/ictstr01/groups/ml01/workspace/artur.szalata/code/chem-perturbridge_lpm/.plib_cache/results/lpm_paper10_morgan_init_learned_all_data_plus_tahoe_novartis_op3_seed41_molholdout_h100_2x_bs4096_200epoch_lustre/LPM_6c2dba372bca1bda/seed_41/checkpoints/epoch-epoch=0026.ckpt	0.62829077	0.66555279	ok
all_datasets_morgan_learned	41	gdpx2	Ginkgo GDPx2	lpm_paper10_morgan_init_learned_all_data_plus_tahoe_novartis_op3_seed41_molholdout_h100_2x_bs4096_200epoch_lustre	/ictstr01/groups/ml01/workspace/artur.szalata/code/chem-perturbridge_lpm/.plib_cache/results/lpm_paper10_morgan_init_learned_all_data_plus_tahoe_novartis_op3_seed41_molholdout_h100_2x_bs4096_200epoch_lustre/LPM_6c2dba372bca1bda/seed_41/checkpoints/epoch-epoch=0118.ckpt	0.57045931	0.44009721	ok
all_datasets_morgan_learned	41	lincs_phase1	LINCS_phase1_level3_epsilon	lpm_paper10_morgan_init_learned_all_data_plus_tahoe_novartis_op3_seed41_molholdout_h100_2x_bs4096_200epoch_lustre	/ictstr01/groups/ml01/workspace/artur.szalata/code/chem-perturbridge_lpm/.plib_cache/results/lpm_paper10_morgan_init_learned_all_data_plus_tahoe_novartis_op3_seed41_molholdout_h100_2x_bs4096_200epoch_lustre/LPM_6c2dba372bca1bda/seed_41/checkpoints/epoch-epoch=0036.ckpt	0.61616790	0.62603414	ok
all_datasets_morgan_learned	41	lincs_phase2	LINCS_phase2_level3	lpm_paper10_morgan_init_learned_all_data_plus_tahoe_novartis_op3_seed41_molholdout_h100_2x_bs4096_200epoch_lustre	/ictstr01/groups/ml01/workspace/artur.szalata/code/chem-perturbridge_lpm/.plib_cache/results/lpm_paper10_morgan_init_learned_all_data_plus_tahoe_novartis_op3_seed41_molholdout_h100_2x_bs4096_200epoch_lustre/LPM_6c2dba372bca1bda/seed_41/checkpoints/epoch-epoch=0042.ckpt	0.48206574	0.48450336	ok
all_datasets_morgan_learned	41	novartis	Novartis MoABox DRUG-seq	lpm_paper10_morgan_init_learned_all_data_plus_tahoe_novartis_op3_seed41_molholdout_h100_2x_bs4096_200epoch_lustre	/ictstr01/groups/ml01/workspace/artur.szalata/code/chem-perturbridge_lpm/.plib_cache/results/lpm_paper10_morgan_init_learned_all_data_plus_tahoe_novartis_op3_seed41_molholdout_h100_2x_bs4096_200epoch_lustre/LPM_6c2dba372bca1bda/seed_41/checkpoints/epoch-epoch=0002.ckpt	0.68950635	0.55513650	ok
all_datasets_morgan_learned	41	op3	op3	lpm_paper10_morgan_init_learned_all_data_plus_tahoe_novartis_op3_seed41_molholdout_h100_2x_bs4096_200epoch_lustre	/ictstr01/groups/ml01/workspace/artur.szalata/code/chem-perturbridge_lpm/.plib_cache/results/lpm_paper10_morgan_init_learned_all_data_plus_tahoe_novartis_op3_seed41_molholdout_h100_2x_bs4096_200epoch_lustre/LPM_6c2dba372bca1bda/seed_41/checkpoints/epoch-epoch=0146.ckpt	0.39654183	0.35488379	ok
all_datasets_morgan_learned	41	sciplex	srivatsan20_sciplex3	lpm_paper10_morgan_init_learned_all_data_plus_tahoe_novartis_op3_seed41_molholdout_h100_2x_bs4096_200epoch_lustre	/ictstr01/groups/ml01/workspace/artur.szalata/code/chem-perturbridge_lpm/.plib_cache/results/lpm_paper10_morgan_init_learned_all_data_plus_tahoe_novartis_op3_seed41_molholdout_h100_2x_bs4096_200epoch_lustre/LPM_6c2dba372bca1bda/seed_41/checkpoints/epoch-epoch=0026.ckpt	0.66035342	0.68704480	ok
all_datasets_morgan_learned	41	tahoe100	tahoe100	lpm_paper10_morgan_init_learned_all_data_plus_tahoe_novartis_op3_seed41_molholdout_h100_2x_bs4096_200epoch_lustre	/ictstr01/groups/ml01/workspace/artur.szalata/code/chem-perturbridge_lpm/.plib_cache/results/lpm_paper10_morgan_init_learned_all_data_plus_tahoe_novartis_op3_seed41_molholdout_h100_2x_bs4096_200epoch_lustre/LPM_6c2dba372bca1bda/seed_41/checkpoints/epoch-epoch=0029.ckpt	0.74158382	0.73246068	ok
all_datasets_morgan_learned	41	vcpi_0001	Ginkgo VCPI vcpi-0001 (tvc-bhr-009)	lpm_paper10_morgan_init_learned_all_data_plus_tahoe_novartis_op3_seed41_molholdout_h100_2x_bs4096_200epoch_lustre	/ictstr01/groups/ml01/workspace/artur.szalata/code/chem-perturbridge_lpm/.plib_cache/results/lpm_paper10_morgan_init_learned_all_data_plus_tahoe_novartis_op3_seed41_molholdout_h100_2x_bs4096_200epoch_lustre/LPM_6c2dba372bca1bda/seed_41/checkpoints/epoch-epoch=0041.ckpt	0.55397052	0.57066417	ok
all_datasets_morgan_learned	41	vcpi_0002	Ginkgo VCPI vcpi-0002 (tvc-kdl-010)	lpm_paper10_morgan_init_learned_all_data_plus_tahoe_novartis_op3_seed41_molholdout_h100_2x_bs4096_200epoch_lustre	/ictstr01/groups/ml01/workspace/artur.szalata/code/chem-perturbridge_lpm/.plib_cache/results/lpm_paper10_morgan_init_learned_all_data_plus_tahoe_novartis_op3_seed41_molholdout_h100_2x_bs4096_200epoch_lustre/LPM_6c2dba372bca1bda/seed_41/checkpoints/epoch-epoch=0026.ckpt	0.51058459		ok
all_datasets_morgan_learned	43	cigs_mce	CIGS MCE	lpm_paper10_morgan_init_learned_all_data_plus_tahoe_novartis_op3_seed43_molholdout_h100_2x_bs4096_200epoch_lustre	/ictstr01/groups/ml01/workspace/artur.szalata/code/chem-perturbridge_lpm/.plib_cache/results/lpm_paper10_morgan_init_learned_all_data_plus_tahoe_novartis_op3_seed43_molholdout_h100_2x_bs4096_200epoch_lustre/LPM_6c2dba372bca1bda/seed_43/checkpoints/epoch-epoch=0009.ckpt	0.57600796	0.57550281	ok
all_datasets_morgan_learned	43	cigs_tcm	CIGS TCM	lpm_paper10_morgan_init_learned_all_data_plus_tahoe_novartis_op3_seed43_molholdout_h100_2x_bs4096_200epoch_lustre	/ictstr01/groups/ml01/workspace/artur.szalata/code/chem-perturbridge_lpm/.plib_cache/results/lpm_paper10_morgan_init_learned_all_data_plus_tahoe_novartis_op3_seed43_molholdout_h100_2x_bs4096_200epoch_lustre/LPM_6c2dba372bca1bda/seed_43/checkpoints/epoch-epoch=0006.ckpt	0.42482623	0.40785202	ok
all_datasets_morgan_learned	43	dilimap_train	dilimap_train	lpm_paper10_morgan_init_learned_all_data_plus_tahoe_novartis_op3_seed43_molholdout_h100_2x_bs4096_200epoch_lustre	/ictstr01/groups/ml01/workspace/artur.szalata/code/chem-perturbridge_lpm/.plib_cache/results/lpm_paper10_morgan_init_learned_all_data_plus_tahoe_novartis_op3_seed43_molholdout_h100_2x_bs4096_200epoch_lustre/LPM_6c2dba372bca1bda/seed_43/checkpoints/epoch-epoch=0024.ckpt	0.66252208	0.72049433	ok
all_datasets_morgan_learned	43	gdpx2	Ginkgo GDPx2	lpm_paper10_morgan_init_learned_all_data_plus_tahoe_novartis_op3_seed43_molholdout_h100_2x_bs4096_200epoch_lustre	/ictstr01/groups/ml01/workspace/artur.szalata/code/chem-perturbridge_lpm/.plib_cache/results/lpm_paper10_morgan_init_learned_all_data_plus_tahoe_novartis_op3_seed43_molholdout_h100_2x_bs4096_200epoch_lustre/LPM_6c2dba372bca1bda/seed_43/checkpoints/epoch-epoch=0028.ckpt	0.57861596	0.43935743	ok
all_datasets_morgan_learned	43	lincs_phase1	LINCS_phase1_level3_epsilon	lpm_paper10_morgan_init_learned_all_data_plus_tahoe_novartis_op3_seed43_molholdout_h100_2x_bs4096_200epoch_lustre	/ictstr01/groups/ml01/workspace/artur.szalata/code/chem-perturbridge_lpm/.plib_cache/results/lpm_paper10_morgan_init_learned_all_data_plus_tahoe_novartis_op3_seed43_molholdout_h100_2x_bs4096_200epoch_lustre/LPM_6c2dba372bca1bda/seed_43/checkpoints/epoch-epoch=0033.ckpt	0.61603147	0.62652212	ok
all_datasets_morgan_learned	43	lincs_phase2	LINCS_phase2_level3	lpm_paper10_morgan_init_learned_all_data_plus_tahoe_novartis_op3_seed43_molholdout_h100_2x_bs4096_200epoch_lustre	/ictstr01/groups/ml01/workspace/artur.szalata/code/chem-perturbridge_lpm/.plib_cache/results/lpm_paper10_morgan_init_learned_all_data_plus_tahoe_novartis_op3_seed43_molholdout_h100_2x_bs4096_200epoch_lustre/LPM_6c2dba372bca1bda/seed_43/checkpoints/epoch-epoch=0045.ckpt	0.48287174	0.48381212	ok
all_datasets_morgan_learned	43	novartis	Novartis MoABox DRUG-seq	lpm_paper10_morgan_init_learned_all_data_plus_tahoe_novartis_op3_seed43_molholdout_h100_2x_bs4096_200epoch_lustre	/ictstr01/groups/ml01/workspace/artur.szalata/code/chem-perturbridge_lpm/.plib_cache/results/lpm_paper10_morgan_init_learned_all_data_plus_tahoe_novartis_op3_seed43_molholdout_h100_2x_bs4096_200epoch_lustre/LPM_6c2dba372bca1bda/seed_43/checkpoints/epoch-epoch=0005.ckpt	0.68944925	0.55521631	ok
all_datasets_morgan_learned	43	op3	op3	lpm_paper10_morgan_init_learned_all_data_plus_tahoe_novartis_op3_seed43_molholdout_h100_2x_bs4096_200epoch_lustre	/ictstr01/groups/ml01/workspace/artur.szalata/code/chem-perturbridge_lpm/.plib_cache/results/lpm_paper10_morgan_init_learned_all_data_plus_tahoe_novartis_op3_seed43_molholdout_h100_2x_bs4096_200epoch_lustre/LPM_6c2dba372bca1bda/seed_43/checkpoints/epoch-epoch=0045.ckpt	0.39977840	0.35703203	ok
all_datasets_morgan_learned	43	sciplex	srivatsan20_sciplex3	lpm_paper10_morgan_init_learned_all_data_plus_tahoe_novartis_op3_seed43_molholdout_h100_2x_bs4096_200epoch_lustre	/ictstr01/groups/ml01/workspace/artur.szalata/code/chem-perturbridge_lpm/.plib_cache/results/lpm_paper10_morgan_init_learned_all_data_plus_tahoe_novartis_op3_seed43_molholdout_h100_2x_bs4096_200epoch_lustre/LPM_6c2dba372bca1bda/seed_43/checkpoints/epoch-epoch=0115.ckpt	0.65836620	0.68438047	ok
all_datasets_morgan_learned	43	tahoe100	tahoe100	lpm_paper10_morgan_init_learned_all_data_plus_tahoe_novartis_op3_seed43_molholdout_h100_2x_bs4096_200epoch_lustre	/ictstr01/groups/ml01/workspace/artur.szalata/code/chem-perturbridge_lpm/.plib_cache/results/lpm_paper10_morgan_init_learned_all_data_plus_tahoe_novartis_op3_seed43_molholdout_h100_2x_bs4096_200epoch_lustre/LPM_6c2dba372bca1bda/seed_43/checkpoints/epoch-epoch=0024.ckpt	0.74107087	0.72990978	ok
all_datasets_morgan_learned	43	vcpi_0001	Ginkgo VCPI vcpi-0001 (tvc-bhr-009)	lpm_paper10_morgan_init_learned_all_data_plus_tahoe_novartis_op3_seed43_molholdout_h100_2x_bs4096_200epoch_lustre	/ictstr01/groups/ml01/workspace/artur.szalata/code/chem-perturbridge_lpm/.plib_cache/results/lpm_paper10_morgan_init_learned_all_data_plus_tahoe_novartis_op3_seed43_molholdout_h100_2x_bs4096_200epoch_lustre/LPM_6c2dba372bca1bda/seed_43/checkpoints/epoch-epoch=0160.ckpt	0.55391610	0.57063770	ok
all_datasets_morgan_learned	43	vcpi_0002	Ginkgo VCPI vcpi-0002 (tvc-kdl-010)	lpm_paper10_morgan_init_learned_all_data_plus_tahoe_novartis_op3_seed43_molholdout_h100_2x_bs4096_200epoch_lustre	/ictstr01/groups/ml01/workspace/artur.szalata/code/chem-perturbridge_lpm/.plib_cache/results/lpm_paper10_morgan_init_learned_all_data_plus_tahoe_novartis_op3_seed43_molholdout_h100_2x_bs4096_200epoch_lustre/LPM_6c2dba372bca1bda/seed_43/checkpoints/epoch-epoch=0024.ckpt	0.51060319		ok
all_datasets_morgan_learned	47	cigs_mce	CIGS MCE	lpm_paper10_morgan_init_learned_all_data_plus_tahoe_novartis_op3_seed47_molholdout_h100_2x_bs4096_200epoch_lustre	/ictstr01/groups/ml01/workspace/artur.szalata/code/chem-perturbridge_lpm/.plib_cache/results/lpm_paper10_morgan_init_learned_all_data_plus_tahoe_novartis_op3_seed47_molholdout_h100_2x_bs4096_200epoch_lustre/LPM_6c2dba372bca1bda/seed_47/checkpoints/epoch-epoch=0036.ckpt	0.58390111	0.58715284	ok
all_datasets_morgan_learned	47	cigs_tcm	CIGS TCM	lpm_paper10_morgan_init_learned_all_data_plus_tahoe_novartis_op3_seed47_molholdout_h100_2x_bs4096_200epoch_lustre	/ictstr01/groups/ml01/workspace/artur.szalata/code/chem-perturbridge_lpm/.plib_cache/results/lpm_paper10_morgan_init_learned_all_data_plus_tahoe_novartis_op3_seed47_molholdout_h100_2x_bs4096_200epoch_lustre/LPM_6c2dba372bca1bda/seed_47/checkpoints/epoch-epoch=0006.ckpt	0.42477727	0.40789515	ok
all_datasets_morgan_learned	47	dilimap_train	dilimap_train	lpm_paper10_morgan_init_learned_all_data_plus_tahoe_novartis_op3_seed47_molholdout_h100_2x_bs4096_200epoch_lustre	/ictstr01/groups/ml01/workspace/artur.szalata/code/chem-perturbridge_lpm/.plib_cache/results/lpm_paper10_morgan_init_learned_all_data_plus_tahoe_novartis_op3_seed47_molholdout_h100_2x_bs4096_200epoch_lustre/LPM_6c2dba372bca1bda/seed_47/checkpoints/epoch-epoch=0022.ckpt	0.62176114	0.66141492	ok
all_datasets_morgan_learned	47	gdpx2	Ginkgo GDPx2	lpm_paper10_morgan_init_learned_all_data_plus_tahoe_novartis_op3_seed47_molholdout_h100_2x_bs4096_200epoch_lustre	/ictstr01/groups/ml01/workspace/artur.szalata/code/chem-perturbridge_lpm/.plib_cache/results/lpm_paper10_morgan_init_learned_all_data_plus_tahoe_novartis_op3_seed47_molholdout_h100_2x_bs4096_200epoch_lustre/LPM_6c2dba372bca1bda/seed_47/checkpoints/epoch-epoch=0060.ckpt	0.56791222	0.43462715	ok
all_datasets_morgan_learned	47	lincs_phase1	LINCS_phase1_level3_epsilon	lpm_paper10_morgan_init_learned_all_data_plus_tahoe_novartis_op3_seed47_molholdout_h100_2x_bs4096_200epoch_lustre	/ictstr01/groups/ml01/workspace/artur.szalata/code/chem-perturbridge_lpm/.plib_cache/results/lpm_paper10_morgan_init_learned_all_data_plus_tahoe_novartis_op3_seed47_molholdout_h100_2x_bs4096_200epoch_lustre/LPM_6c2dba372bca1bda/seed_47/checkpoints/epoch-epoch=0025.ckpt	0.61596650	0.62645698	ok
all_datasets_morgan_learned	47	lincs_phase2	LINCS_phase2_level3	lpm_paper10_morgan_init_learned_all_data_plus_tahoe_novartis_op3_seed47_molholdout_h100_2x_bs4096_200epoch_lustre	/ictstr01/groups/ml01/workspace/artur.szalata/code/chem-perturbridge_lpm/.plib_cache/results/lpm_paper10_morgan_init_learned_all_data_plus_tahoe_novartis_op3_seed47_molholdout_h100_2x_bs4096_200epoch_lustre/LPM_6c2dba372bca1bda/seed_47/checkpoints/epoch-epoch=0050.ckpt	0.48256633	0.48400366	ok
all_datasets_morgan_learned	47	novartis	Novartis MoABox DRUG-seq	lpm_paper10_morgan_init_learned_all_data_plus_tahoe_novartis_op3_seed47_molholdout_h100_2x_bs4096_200epoch_lustre	/ictstr01/groups/ml01/workspace/artur.szalata/code/chem-perturbridge_lpm/.plib_cache/results/lpm_paper10_morgan_init_learned_all_data_plus_tahoe_novartis_op3_seed47_molholdout_h100_2x_bs4096_200epoch_lustre/LPM_6c2dba372bca1bda/seed_47/checkpoints/epoch-epoch=0007.ckpt	0.68950832	0.55558854	ok
all_datasets_morgan_learned	47	op3	op3	lpm_paper10_morgan_init_learned_all_data_plus_tahoe_novartis_op3_seed47_molholdout_h100_2x_bs4096_200epoch_lustre	/ictstr01/groups/ml01/workspace/artur.szalata/code/chem-perturbridge_lpm/.plib_cache/results/lpm_paper10_morgan_init_learned_all_data_plus_tahoe_novartis_op3_seed47_molholdout_h100_2x_bs4096_200epoch_lustre/LPM_6c2dba372bca1bda/seed_47/checkpoints/epoch-epoch=0115.ckpt	0.39920217	0.35694414	ok
all_datasets_morgan_learned	47	sciplex	srivatsan20_sciplex3	lpm_paper10_morgan_init_learned_all_data_plus_tahoe_novartis_op3_seed47_molholdout_h100_2x_bs4096_200epoch_lustre	/ictstr01/groups/ml01/workspace/artur.szalata/code/chem-perturbridge_lpm/.plib_cache/results/lpm_paper10_morgan_init_learned_all_data_plus_tahoe_novartis_op3_seed47_molholdout_h100_2x_bs4096_200epoch_lustre/LPM_6c2dba372bca1bda/seed_47/checkpoints/epoch-epoch=0034.ckpt	0.65556127	0.68404567	ok
all_datasets_morgan_learned	47	tahoe100	tahoe100	lpm_paper10_morgan_init_learned_all_data_plus_tahoe_novartis_op3_seed47_molholdout_h100_2x_bs4096_200epoch_lustre	/ictstr01/groups/ml01/workspace/artur.szalata/code/chem-perturbridge_lpm/.plib_cache/results/lpm_paper10_morgan_init_learned_all_data_plus_tahoe_novartis_op3_seed47_molholdout_h100_2x_bs4096_200epoch_lustre/LPM_6c2dba372bca1bda/seed_47/checkpoints/epoch-epoch=0022.ckpt	0.74043441	0.73048282	ok
all_datasets_morgan_learned	47	vcpi_0001	Ginkgo VCPI vcpi-0001 (tvc-bhr-009)	lpm_paper10_morgan_init_learned_all_data_plus_tahoe_novartis_op3_seed47_molholdout_h100_2x_bs4096_200epoch_lustre	/ictstr01/groups/ml01/workspace/artur.szalata/code/chem-perturbridge_lpm/.plib_cache/results/lpm_paper10_morgan_init_learned_all_data_plus_tahoe_novartis_op3_seed47_molholdout_h100_2x_bs4096_200epoch_lustre/LPM_6c2dba372bca1bda/seed_47/checkpoints/epoch-epoch=0133.ckpt	0.55391556	0.57071584	ok
all_datasets_morgan_learned	47	vcpi_0002	Ginkgo VCPI vcpi-0002 (tvc-kdl-010)	lpm_paper10_morgan_init_learned_all_data_plus_tahoe_novartis_op3_seed47_molholdout_h100_2x_bs4096_200epoch_lustre	/ictstr01/groups/ml01/workspace/artur.szalata/code/chem-perturbridge_lpm/.plib_cache/results/lpm_paper10_morgan_init_learned_all_data_plus_tahoe_novartis_op3_seed47_molholdout_h100_2x_bs4096_200epoch_lustre/LPM_6c2dba372bca1bda/seed_47/checkpoints/epoch-epoch=0022.ckpt	0.51060510		ok
scratch_target_only	13	cigs_mce	CIGS MCE	lpm_paper10_scratch_cigs_mce_seed13_molholdout_h100_2x_bs4096_200epoch_lustre	/ictstr01/groups/ml01/workspace/artur.szalata/code/chem-perturbridge_lpm/.plib_cache/results/lpm_paper10_scratch_cigs_mce_seed13_molholdout_h100_2x_bs4096_200epoch_lustre/LPM_1627e7de5ad288b4/seed_13/checkpoints/best-validation-rmse-epoch0020.ckpt	0.58703411	0.57220000	ok
scratch_target_only	13	cigs_tcm	CIGS TCM	lpm_paper10_scratch_cigs_tcm_seed13_molholdout_h100_2x_bs4096_200epoch_lustre	/ictstr01/groups/ml01/workspace/artur.szalata/code/chem-perturbridge_lpm/.plib_cache/results/lpm_paper10_scratch_cigs_tcm_seed13_molholdout_h100_2x_bs4096_200epoch_lustre/LPM_78507308ed947ca6/seed_13/checkpoints/best-validation-rmse-epoch0040.ckpt	0.44870777	0.40810000	ok
scratch_target_only	13	dilimap_train	dilimap_train	lpm_paper10_scratch_dilimap_train_seed13_molholdout_h100_1x_bs4096_200epoch_lustre	/ictstr01/groups/ml01/workspace/artur.szalata/code/chem-perturbridge_lpm/.plib_cache/results/lpm_paper10_scratch_dilimap_train_seed13_molholdout_h100_1x_bs4096_200epoch_lustre/LPM_80c22dac4801950d/seed_13/checkpoints/best-validation-rmse-epoch0199.ckpt	0.58378663	0.60880000	ok
scratch_target_only	13	gdpx2	Ginkgo GDPx2	lpm_paper10_scratch_gdpx2_seed13_molholdout_h100_2x_bs4096_200epoch_lustre	/ictstr01/groups/ml01/workspace/artur.szalata/code/chem-perturbridge_lpm/.plib_cache/results/lpm_paper10_scratch_gdpx2_seed13_molholdout_h100_2x_bs4096_200epoch_lustre/LPM_2c7627599d005a2b/seed_13/checkpoints/best-validation-rmse-epoch0109.ckpt	0.57108151	0.43120000	ok
scratch_target_only	13	lincs_phase1	LINCS_phase1_level3_epsilon	lpm_paper10_scratch_lincs_phase1_seed13_molholdout_h100_2x_bs4096_200epoch_lustre	/ictstr01/groups/ml01/workspace/artur.szalata/code/chem-perturbridge_lpm/.plib_cache/results/lpm_paper10_scratch_lincs_phase1_seed13_molholdout_h100_2x_bs4096_200epoch_lustre/LPM_8a5894aa3c36c9f2/seed_13/checkpoints/best-validation-rmse-epoch0007.ckpt	0.61924252	0.63260000	ok
scratch_target_only	13	lincs_phase2	LINCS_phase2_level3	lpm_paper10_scratch_lincs_phase2_seed13_molholdout_h100_2x_bs4096_200epoch_lustre	/ictstr01/groups/ml01/workspace/artur.szalata/code/chem-perturbridge_lpm/.plib_cache/results/lpm_paper10_scratch_lincs_phase2_seed13_molholdout_h100_2x_bs4096_200epoch_lustre/LPM_519688f6efd3cc2c/seed_13/checkpoints/best-validation-rmse-epoch0006.ckpt	0.47208785	0.48780000	ok
scratch_target_only	13	novartis	Novartis MoABox DRUG-seq	lpm_paper10_scratch_novartis_seed13_molholdout_h100_1x_bs4096_200epoch_lustre	/ictstr01/groups/ml01/workspace/artur.szalata/code/chem-perturbridge_lpm/.plib_cache/results/lpm_paper10_scratch_novartis_seed13_molholdout_h100_1x_bs4096_200epoch_lustre/LPM_4ec072a2e99a007e/seed_13/checkpoints/best-validation-rmse-epoch0035.ckpt	0.67798885	0.54040000	ok
scratch_target_only	13	op3	op3	lpm_paper10_scratch_op3_seed13_molholdout_h100_2x_bs4096_200epoch_lustre	/ictstr01/groups/ml01/workspace/artur.szalata/code/chem-perturbridge_lpm/.plib_cache/results/lpm_paper10_scratch_op3_seed13_molholdout_h100_2x_bs4096_200epoch_lustre/LPM_73dd39a880d7dd25/seed_13/checkpoints/best-validation-rmse-epoch0042.ckpt	0.41782449	0.34720000	ok
scratch_target_only	13	sciplex	srivatsan20_sciplex3	lpm_paper10_scratch_sciplex_seed13_molholdout_h100_2x_bs4096_200epoch_lustre	/ictstr01/groups/ml01/workspace/artur.szalata/code/chem-perturbridge_lpm/.plib_cache/results/lpm_paper10_scratch_sciplex_seed13_molholdout_h100_2x_bs4096_200epoch_lustre/LPM_bd9e95d87de7d9a8/seed_13/checkpoints/best-validation-rmse-epoch0199.ckpt	0.71844327	0.68430000	ok
scratch_target_only	13	tahoe100	tahoe100	lpm_paper10_scratch_tahoe100_seed13_molholdout_h100_2x_bs4096_200epoch_lustre	/ictstr01/groups/ml01/workspace/artur.szalata/code/chem-perturbridge_lpm/.plib_cache/results/lpm_paper10_scratch_tahoe100_seed13_molholdout_h100_2x_bs4096_200epoch_lustre/LPM_9c288dbbb7f9288d/seed_13/checkpoints/best-validation-rmse-epoch0005.ckpt	0.74488725	0.73810000	ok
scratch_target_only	13	vcpi_0001	Ginkgo VCPI vcpi-0001 (tvc-bhr-009)	lpm_paper10_scratch_vcpi_0001_seed13_molholdout_h100_1x_bs4096_200epoch_lustre	/ictstr01/groups/ml01/workspace/artur.szalata/code/chem-perturbridge_lpm/.plib_cache/results/lpm_paper10_scratch_vcpi_0001_seed13_molholdout_h100_1x_bs4096_200epoch_lustre/LPM_c5c4977e30439248/seed_13/checkpoints/best-validation-rmse-epoch0067.ckpt	0.55354558	0.57060000	ok
scratch_target_only	13	vcpi_0002	Ginkgo VCPI vcpi-0002 (tvc-kdl-010)	lpm_paper10_scratch_vcpi_0002_seed13_molholdout_h100_1x_bs4096_200epoch_lustre	/ictstr01/groups/ml01/workspace/artur.szalata/code/chem-perturbridge_lpm/.plib_cache/results/lpm_paper10_scratch_vcpi_0002_seed13_molholdout_h100_1x_bs4096_200epoch_lustre/LPM_0203c331c6be7440/seed_13/checkpoints/best-validation-rmse-epoch0025.ckpt	0.51000524		ok
scratch_target_only	17	cigs_mce	CIGS MCE	lpm_paper10_scratch_cigs_mce_seed17_molholdout_h100_2x_bs4096_200epoch_lustre	/ictstr01/groups/ml01/workspace/artur.szalata/code/chem-perturbridge_lpm/.plib_cache/results/lpm_paper10_scratch_cigs_mce_seed17_molholdout_h100_2x_bs4096_200epoch_lustre/LPM_1627e7de5ad288b4/seed_17/checkpoints/best-validation-rmse-epoch0017.ckpt	0.58727580	0.56940000	ok
scratch_target_only	17	cigs_tcm	CIGS TCM	lpm_paper10_scratch_cigs_tcm_seed17_molholdout_h100_2x_bs4096_200epoch_lustre	/ictstr01/groups/ml01/workspace/artur.szalata/code/chem-perturbridge_lpm/.plib_cache/results/lpm_paper10_scratch_cigs_tcm_seed17_molholdout_h100_2x_bs4096_200epoch_lustre/LPM_78507308ed947ca6/seed_17/checkpoints/best-validation-rmse-epoch0034.ckpt	0.44868088	0.40870000	ok
scratch_target_only	17	dilimap_train	dilimap_train	lpm_paper10_scratch_dilimap_train_seed17_molholdout_h100_1x_bs4096_200epoch_lustre	/ictstr01/groups/ml01/workspace/artur.szalata/code/chem-perturbridge_lpm/.plib_cache/results/lpm_paper10_scratch_dilimap_train_seed17_molholdout_h100_1x_bs4096_200epoch_lustre/LPM_80c22dac4801950d/seed_17/checkpoints/best-validation-rmse-epoch0199.ckpt	0.58329997	0.60700000	ok
scratch_target_only	17	gdpx2	Ginkgo GDPx2	lpm_paper10_scratch_gdpx2_seed17_molholdout_h100_2x_bs4096_200epoch_lustre	/ictstr01/groups/ml01/workspace/artur.szalata/code/chem-perturbridge_lpm/.plib_cache/results/lpm_paper10_scratch_gdpx2_seed17_molholdout_h100_2x_bs4096_200epoch_lustre/LPM_2c7627599d005a2b/seed_17/checkpoints/best-validation-rmse-epoch0123.ckpt	0.57286073	0.43380000	ok
scratch_target_only	17	lincs_phase1	LINCS_phase1_level3_epsilon	lpm_paper10_scratch_lincs_phase1_seed17_molholdout_h100_2x_bs4096_200epoch_lustre	/ictstr01/groups/ml01/workspace/artur.szalata/code/chem-perturbridge_lpm/.plib_cache/results/lpm_paper10_scratch_lincs_phase1_seed17_molholdout_h100_2x_bs4096_200epoch_lustre/LPM_8a5894aa3c36c9f2/seed_17/checkpoints/best-validation-rmse-epoch0003.ckpt	0.62009040	0.63310000	ok
scratch_target_only	17	lincs_phase2	LINCS_phase2_level3	lpm_paper10_scratch_lincs_phase2_seed17_molholdout_h100_2x_bs4096_200epoch_lustre	/ictstr01/groups/ml01/workspace/artur.szalata/code/chem-perturbridge_lpm/.plib_cache/results/lpm_paper10_scratch_lincs_phase2_seed17_molholdout_h100_2x_bs4096_200epoch_lustre/LPM_519688f6efd3cc2c/seed_17/checkpoints/best-validation-rmse-epoch0006.ckpt	0.47186390	0.48900000	ok
scratch_target_only	17	novartis	Novartis MoABox DRUG-seq	lpm_paper10_scratch_novartis_seed17_molholdout_h100_1x_bs4096_200epoch_lustre	/ictstr01/groups/ml01/workspace/artur.szalata/code/chem-perturbridge_lpm/.plib_cache/results/lpm_paper10_scratch_novartis_seed17_molholdout_h100_1x_bs4096_200epoch_lustre/LPM_4ec072a2e99a007e/seed_17/checkpoints/best-validation-rmse-epoch0055.ckpt	0.67843616	0.54070000	ok
scratch_target_only	17	op3	op3	lpm_paper10_scratch_op3_seed17_molholdout_h100_2x_bs4096_200epoch_lustre	/ictstr01/groups/ml01/workspace/artur.szalata/code/chem-perturbridge_lpm/.plib_cache/results/lpm_paper10_scratch_op3_seed17_molholdout_h100_2x_bs4096_200epoch_lustre/LPM_73dd39a880d7dd25/seed_17/checkpoints/best-validation-rmse-epoch0091.ckpt	0.40985970	0.34710000	ok
scratch_target_only	17	sciplex	srivatsan20_sciplex3	lpm_paper10_scratch_sciplex_seed17_molholdout_h100_2x_bs4096_200epoch_lustre	/ictstr01/groups/ml01/workspace/artur.szalata/code/chem-perturbridge_lpm/.plib_cache/results/lpm_paper10_scratch_sciplex_seed17_molholdout_h100_2x_bs4096_200epoch_lustre/LPM_bd9e95d87de7d9a8/seed_17/checkpoints/best-validation-rmse-epoch0178.ckpt	0.71533693	0.68440000	ok
scratch_target_only	17	tahoe100	tahoe100	lpm_paper10_scratch_tahoe100_seed17_molholdout_h100_2x_bs4096_200epoch_lustre	/ictstr01/groups/ml01/workspace/artur.szalata/code/chem-perturbridge_lpm/.plib_cache/results/lpm_paper10_scratch_tahoe100_seed17_molholdout_h100_2x_bs4096_200epoch_lustre/LPM_9c288dbbb7f9288d/seed_17/checkpoints/best-validation-rmse-epoch0004.ckpt	0.74491272	0.73790000	ok
scratch_target_only	17	vcpi_0001	Ginkgo VCPI vcpi-0001 (tvc-bhr-009)	lpm_paper10_scratch_vcpi_0001_seed17_molholdout_h100_1x_bs4096_200epoch_lustre	/ictstr01/groups/ml01/workspace/artur.szalata/code/chem-perturbridge_lpm/.plib_cache/results/lpm_paper10_scratch_vcpi_0001_seed17_molholdout_h100_1x_bs4096_200epoch_lustre/LPM_c5c4977e30439248/seed_17/checkpoints/best-validation-rmse-epoch0016.ckpt	0.55352915	0.57080000	ok
scratch_target_only	17	vcpi_0002	Ginkgo VCPI vcpi-0002 (tvc-kdl-010)	lpm_paper10_scratch_vcpi_0002_seed17_molholdout_h100_1x_bs4096_200epoch_lustre	/ictstr01/groups/ml01/workspace/artur.szalata/code/chem-perturbridge_lpm/.plib_cache/results/lpm_paper10_scratch_vcpi_0002_seed17_molholdout_h100_1x_bs4096_200epoch_lustre/LPM_0203c331c6be7440/seed_17/checkpoints/best-validation-rmse-epoch0035.ckpt	0.51000483		ok
scratch_target_only	19	cigs_mce	CIGS MCE	lpm_paper10_scratch_cigs_mce_seed19_molholdout_h100_2x_bs4096_200epoch_lustre	/ictstr01/groups/ml01/workspace/artur.szalata/code/chem-perturbridge_lpm/.plib_cache/results/lpm_paper10_scratch_cigs_mce_seed19_molholdout_h100_2x_bs4096_200epoch_lustre/LPM_1627e7de5ad288b4/seed_19/checkpoints/best-validation-rmse-epoch0021.ckpt	0.58712145	0.57240000	ok
scratch_target_only	19	cigs_tcm	CIGS TCM	lpm_paper10_scratch_cigs_tcm_seed19_molholdout_h100_2x_bs4096_200epoch_lustre	/ictstr01/groups/ml01/workspace/artur.szalata/code/chem-perturbridge_lpm/.plib_cache/results/lpm_paper10_scratch_cigs_tcm_seed19_molholdout_h100_2x_bs4096_200epoch_lustre/LPM_78507308ed947ca6/seed_19/checkpoints/best-validation-rmse-epoch0040.ckpt	0.44867252	0.40790000	ok
scratch_target_only	19	dilimap_train	dilimap_train	lpm_paper10_scratch_dilimap_train_seed19_molholdout_h100_1x_bs4096_200epoch_lustre	/ictstr01/groups/ml01/workspace/artur.szalata/code/chem-perturbridge_lpm/.plib_cache/results/lpm_paper10_scratch_dilimap_train_seed19_molholdout_h100_1x_bs4096_200epoch_lustre/LPM_80c22dac4801950d/seed_19/checkpoints/best-validation-rmse-epoch0160.ckpt	0.58442563	0.61040000	ok
scratch_target_only	19	gdpx2	Ginkgo GDPx2	lpm_paper10_scratch_gdpx2_seed19_molholdout_h100_2x_bs4096_200epoch_lustre	/ictstr01/groups/ml01/workspace/artur.szalata/code/chem-perturbridge_lpm/.plib_cache/results/lpm_paper10_scratch_gdpx2_seed19_molholdout_h100_2x_bs4096_200epoch_lustre/LPM_2c7627599d005a2b/seed_19/checkpoints/best-validation-rmse-epoch0085.ckpt	0.57004944	0.43830000	ok
scratch_target_only	19	lincs_phase1	LINCS_phase1_level3_epsilon	lpm_paper10_scratch_lincs_phase1_seed19_molholdout_h100_2x_bs4096_200epoch_lustre	/ictstr01/groups/ml01/workspace/artur.szalata/code/chem-perturbridge_lpm/.plib_cache/results/lpm_paper10_scratch_lincs_phase1_seed19_molholdout_h100_2x_bs4096_200epoch_lustre/LPM_8a5894aa3c36c9f2/seed_19/checkpoints/best-validation-rmse-epoch0007.ckpt	0.61912184	0.63520000	ok
scratch_target_only	19	lincs_phase2	LINCS_phase2_level3	lpm_paper10_scratch_lincs_phase2_seed19_molholdout_h100_2x_bs4096_200epoch_lustre	/ictstr01/groups/ml01/workspace/artur.szalata/code/chem-perturbridge_lpm/.plib_cache/results/lpm_paper10_scratch_lincs_phase2_seed19_molholdout_h100_2x_bs4096_200epoch_lustre/LPM_519688f6efd3cc2c/seed_19/checkpoints/best-validation-rmse-epoch0006.ckpt	0.47278201	0.48890000	ok
scratch_target_only	19	novartis	Novartis MoABox DRUG-seq	lpm_paper10_scratch_novartis_seed19_molholdout_h100_1x_bs4096_200epoch_lustre	/ictstr01/groups/ml01/workspace/artur.szalata/code/chem-perturbridge_lpm/.plib_cache/results/lpm_paper10_scratch_novartis_seed19_molholdout_h100_1x_bs4096_200epoch_lustre/LPM_4ec072a2e99a007e/seed_19/checkpoints/best-validation-rmse-epoch0057.ckpt	0.67810583	0.54040000	ok
scratch_target_only	19	op3	op3	lpm_paper10_scratch_op3_seed19_molholdout_h100_2x_bs4096_200epoch_lustre	/ictstr01/groups/ml01/workspace/artur.szalata/code/chem-perturbridge_lpm/.plib_cache/results/lpm_paper10_scratch_op3_seed19_molholdout_h100_2x_bs4096_200epoch_lustre/LPM_73dd39a880d7dd25/seed_19/checkpoints/best-validation-rmse-epoch0027.ckpt	0.41608126	0.34890000	ok
scratch_target_only	19	sciplex	srivatsan20_sciplex3	lpm_paper10_scratch_sciplex_seed19_molholdout_h100_2x_bs4096_200epoch_lustre	/ictstr01/groups/ml01/workspace/artur.szalata/code/chem-perturbridge_lpm/.plib_cache/results/lpm_paper10_scratch_sciplex_seed19_molholdout_h100_2x_bs4096_200epoch_lustre/LPM_bd9e95d87de7d9a8/seed_19/checkpoints/best-validation-rmse-epoch0199.ckpt	0.71489172	0.68420000	ok
scratch_target_only	19	tahoe100	tahoe100	lpm_paper10_scratch_tahoe100_seed19_molholdout_h100_2x_bs4096_200epoch_lustre	/ictstr01/groups/ml01/workspace/artur.szalata/code/chem-perturbridge_lpm/.plib_cache/results/lpm_paper10_scratch_tahoe100_seed19_molholdout_h100_2x_bs4096_200epoch_lustre/LPM_9c288dbbb7f9288d/seed_19/checkpoints/best-validation-rmse-epoch0004.ckpt	0.74467541	0.73770000	ok
scratch_target_only	19	vcpi_0001	Ginkgo VCPI vcpi-0001 (tvc-bhr-009)	lpm_paper10_scratch_vcpi_0001_seed19_molholdout_h100_1x_bs4096_200epoch_lustre	/ictstr01/groups/ml01/workspace/artur.szalata/code/chem-perturbridge_lpm/.plib_cache/results/lpm_paper10_scratch_vcpi_0001_seed19_molholdout_h100_1x_bs4096_200epoch_lustre/LPM_c5c4977e30439248/seed_19/checkpoints/best-validation-rmse-epoch0051.ckpt	0.55352181	0.57070000	ok
scratch_target_only	19	vcpi_0002	Ginkgo VCPI vcpi-0002 (tvc-kdl-010)	lpm_paper10_scratch_vcpi_0002_seed19_molholdout_h100_1x_bs4096_200epoch_lustre	/ictstr01/groups/ml01/workspace/artur.szalata/code/chem-perturbridge_lpm/.plib_cache/results/lpm_paper10_scratch_vcpi_0002_seed19_molholdout_h100_1x_bs4096_200epoch_lustre/LPM_0203c331c6be7440/seed_19/checkpoints/best-validation-rmse-epoch0026.ckpt	0.51003117		ok
scratch_target_only	23	cigs_mce	CIGS MCE	lpm_paper10_scratch_cigs_mce_seed23_molholdout_h100_2x_bs4096_200epoch_lustre	/ictstr01/groups/ml01/workspace/artur.szalata/code/chem-perturbridge_lpm/.plib_cache/results/lpm_paper10_scratch_cigs_mce_seed23_molholdout_h100_2x_bs4096_200epoch_lustre/LPM_1627e7de5ad288b4/seed_23/checkpoints/best-validation-rmse-epoch0017.ckpt	0.58734416	0.57130000	ok
scratch_target_only	23	cigs_tcm	CIGS TCM	lpm_paper10_scratch_cigs_tcm_seed23_molholdout_h100_2x_bs4096_200epoch_lustre	/ictstr01/groups/ml01/workspace/artur.szalata/code/chem-perturbridge_lpm/.plib_cache/results/lpm_paper10_scratch_cigs_tcm_seed23_molholdout_h100_2x_bs4096_200epoch_lustre/LPM_78507308ed947ca6/seed_23/checkpoints/best-validation-rmse-epoch0072.ckpt	0.44824592	0.40780000	ok
scratch_target_only	23	dilimap_train	dilimap_train	lpm_paper10_scratch_dilimap_train_seed23_molholdout_h100_1x_bs4096_200epoch_lustre	/ictstr01/groups/ml01/workspace/artur.szalata/code/chem-perturbridge_lpm/.plib_cache/results/lpm_paper10_scratch_dilimap_train_seed23_molholdout_h100_1x_bs4096_200epoch_lustre/LPM_80c22dac4801950d/seed_23/checkpoints/best-validation-rmse-epoch0119.ckpt	0.58379787	0.61020000	ok
scratch_target_only	23	gdpx2	Ginkgo GDPx2	lpm_paper10_scratch_gdpx2_seed23_molholdout_h100_2x_bs4096_200epoch_lustre	/ictstr01/groups/ml01/workspace/artur.szalata/code/chem-perturbridge_lpm/.plib_cache/results/lpm_paper10_scratch_gdpx2_seed23_molholdout_h100_2x_bs4096_200epoch_lustre/LPM_2c7627599d005a2b/seed_23/checkpoints/best-validation-rmse-epoch0011.ckpt	0.57561629	0.43290000	ok
scratch_target_only	23	lincs_phase1	LINCS_phase1_level3_epsilon	lpm_paper10_scratch_lincs_phase1_seed23_molholdout_h100_2x_bs4096_200epoch_lustre	/ictstr01/groups/ml01/workspace/artur.szalata/code/chem-perturbridge_lpm/.plib_cache/results/lpm_paper10_scratch_lincs_phase1_seed23_molholdout_h100_2x_bs4096_200epoch_lustre/LPM_8a5894aa3c36c9f2/seed_23/checkpoints/best-validation-rmse-epoch0007.ckpt	0.61919380	0.63310000	ok
scratch_target_only	23	lincs_phase2	LINCS_phase2_level3	lpm_paper10_scratch_lincs_phase2_seed23_molholdout_h100_2x_bs4096_200epoch_lustre	/ictstr01/groups/ml01/workspace/artur.szalata/code/chem-perturbridge_lpm/.plib_cache/results/lpm_paper10_scratch_lincs_phase2_seed23_molholdout_h100_2x_bs4096_200epoch_lustre/LPM_519688f6efd3cc2c/seed_23/checkpoints/best-validation-rmse-epoch0005.ckpt	0.47285752	0.48870000	ok
scratch_target_only	23	novartis	Novartis MoABox DRUG-seq	lpm_paper10_scratch_novartis_seed23_molholdout_h100_1x_bs4096_200epoch_lustre	/ictstr01/groups/ml01/workspace/artur.szalata/code/chem-perturbridge_lpm/.plib_cache/results/lpm_paper10_scratch_novartis_seed23_molholdout_h100_1x_bs4096_200epoch_lustre/LPM_4ec072a2e99a007e/seed_23/checkpoints/best-validation-rmse-epoch0042.ckpt	0.67898675	0.54170000	ok
scratch_target_only	23	op3	op3	lpm_paper10_scratch_op3_seed23_molholdout_h100_2x_bs4096_200epoch_lustre	/ictstr01/groups/ml01/workspace/artur.szalata/code/chem-perturbridge_lpm/.plib_cache/results/lpm_paper10_scratch_op3_seed23_molholdout_h100_2x_bs4096_200epoch_lustre/LPM_73dd39a880d7dd25/seed_23/checkpoints/best-validation-rmse-epoch0037.ckpt	0.41573212	0.34660000	ok
scratch_target_only	23	sciplex	srivatsan20_sciplex3	lpm_paper10_scratch_sciplex_seed23_molholdout_h100_2x_bs4096_200epoch_lustre	/ictstr01/groups/ml01/workspace/artur.szalata/code/chem-perturbridge_lpm/.plib_cache/results/lpm_paper10_scratch_sciplex_seed23_molholdout_h100_2x_bs4096_200epoch_lustre/LPM_bd9e95d87de7d9a8/seed_23/checkpoints/best-validation-rmse-epoch0131.ckpt	0.71567641	0.68480000	ok
scratch_target_only	23	tahoe100	tahoe100	lpm_paper10_scratch_tahoe100_seed23_molholdout_h100_2x_bs4096_200epoch_lustre	/ictstr01/groups/ml01/workspace/artur.szalata/code/chem-perturbridge_lpm/.plib_cache/results/lpm_paper10_scratch_tahoe100_seed23_molholdout_h100_2x_bs4096_200epoch_lustre/LPM_9c288dbbb7f9288d/seed_23/checkpoints/best-validation-rmse-epoch0006.ckpt	0.74477750	0.73810000	ok
scratch_target_only	23	vcpi_0001	Ginkgo VCPI vcpi-0001 (tvc-bhr-009)	lpm_paper10_scratch_vcpi_0001_seed23_molholdout_h100_1x_bs4096_200epoch_lustre	/ictstr01/groups/ml01/workspace/artur.szalata/code/chem-perturbridge_lpm/.plib_cache/results/lpm_paper10_scratch_vcpi_0001_seed23_molholdout_h100_1x_bs4096_200epoch_lustre/LPM_c5c4977e30439248/seed_23/checkpoints/best-validation-rmse-epoch0026.ckpt	0.55352636	0.57070000	ok
scratch_target_only	23	vcpi_0002	Ginkgo VCPI vcpi-0002 (tvc-kdl-010)	lpm_paper10_scratch_vcpi_0002_seed23_molholdout_h100_1x_bs4096_200epoch_lustre	/ictstr01/groups/ml01/workspace/artur.szalata/code/chem-perturbridge_lpm/.plib_cache/results/lpm_paper10_scratch_vcpi_0002_seed23_molholdout_h100_1x_bs4096_200epoch_lustre/LPM_0203c331c6be7440/seed_23/checkpoints/best-validation-rmse-epoch0066.ckpt	0.51004719		ok
scratch_target_only	29	cigs_mce	CIGS MCE	lpm_paper10_scratch_cigs_mce_seed29_molholdout_h100_2x_bs4096_200epoch_lustre	/ictstr01/groups/ml01/workspace/artur.szalata/code/chem-perturbridge_lpm/.plib_cache/results/lpm_paper10_scratch_cigs_mce_seed29_molholdout_h100_2x_bs4096_200epoch_lustre/LPM_1627e7de5ad288b4/seed_29/checkpoints/best-validation-rmse-epoch0021.ckpt	0.58734000	0.57460000	ok
scratch_target_only	29	cigs_tcm	CIGS TCM	lpm_paper10_scratch_cigs_tcm_seed29_molholdout_h100_2x_bs4096_200epoch_lustre	/ictstr01/groups/ml01/workspace/artur.szalata/code/chem-perturbridge_lpm/.plib_cache/results/lpm_paper10_scratch_cigs_tcm_seed29_molholdout_h100_2x_bs4096_200epoch_lustre/LPM_78507308ed947ca6/seed_29/checkpoints/best-validation-rmse-epoch0029.ckpt	0.44843502	0.40790000	ok
scratch_target_only	29	dilimap_train	dilimap_train	lpm_paper10_scratch_dilimap_train_seed29_molholdout_h100_1x_bs4096_200epoch_lustre	/ictstr01/groups/ml01/workspace/artur.szalata/code/chem-perturbridge_lpm/.plib_cache/results/lpm_paper10_scratch_dilimap_train_seed29_molholdout_h100_1x_bs4096_200epoch_lustre/LPM_80c22dac4801950d/seed_29/checkpoints/best-validation-rmse-epoch0043.ckpt	0.58409504	0.61110000	ok
scratch_target_only	29	gdpx2	Ginkgo GDPx2	lpm_paper10_scratch_gdpx2_seed29_molholdout_h100_2x_bs4096_200epoch_lustre	/ictstr01/groups/ml01/workspace/artur.szalata/code/chem-perturbridge_lpm/.plib_cache/results/lpm_paper10_scratch_gdpx2_seed29_molholdout_h100_2x_bs4096_200epoch_lustre/LPM_2c7627599d005a2b/seed_29/checkpoints/best-validation-rmse-epoch0011.ckpt	0.57544251	0.43270000	ok
scratch_target_only	29	lincs_phase1	LINCS_phase1_level3_epsilon	lpm_paper10_scratch_lincs_phase1_seed29_molholdout_h100_2x_bs4096_200epoch_lustre	/ictstr01/groups/ml01/workspace/artur.szalata/code/chem-perturbridge_lpm/.plib_cache/results/lpm_paper10_scratch_lincs_phase1_seed29_molholdout_h100_2x_bs4096_200epoch_lustre/LPM_8a5894aa3c36c9f2/seed_29/checkpoints/best-validation-rmse-epoch0007.ckpt	0.62035089	0.63320000	ok
scratch_target_only	29	lincs_phase2	LINCS_phase2_level3	lpm_paper10_scratch_lincs_phase2_seed29_molholdout_h100_2x_bs4096_200epoch_lustre	/ictstr01/groups/ml01/workspace/artur.szalata/code/chem-perturbridge_lpm/.plib_cache/results/lpm_paper10_scratch_lincs_phase2_seed29_molholdout_h100_2x_bs4096_200epoch_lustre/LPM_519688f6efd3cc2c/seed_29/checkpoints/best-validation-rmse-epoch0006.ckpt	0.47268497	0.48820000	ok
scratch_target_only	29	novartis	Novartis MoABox DRUG-seq	lpm_paper10_scratch_novartis_seed29_molholdout_h100_1x_bs4096_200epoch_lustre	/ictstr01/groups/ml01/workspace/artur.szalata/code/chem-perturbridge_lpm/.plib_cache/results/lpm_paper10_scratch_novartis_seed29_molholdout_h100_1x_bs4096_200epoch_lustre/LPM_4ec072a2e99a007e/seed_29/checkpoints/best-validation-rmse-epoch0171.ckpt	0.67748864	0.54030000	ok
scratch_target_only	29	op3	op3	lpm_paper10_scratch_op3_seed29_molholdout_h100_2x_bs4096_200epoch_lustre	/ictstr01/groups/ml01/workspace/artur.szalata/code/chem-perturbridge_lpm/.plib_cache/results/lpm_paper10_scratch_op3_seed29_molholdout_h100_2x_bs4096_200epoch_lustre/LPM_73dd39a880d7dd25/seed_29/checkpoints/best-validation-rmse-epoch0034.ckpt	0.41636534	0.35010000	ok
scratch_target_only	29	sciplex	srivatsan20_sciplex3	lpm_paper10_scratch_sciplex_seed29_molholdout_h100_2x_bs4096_200epoch_lustre	/ictstr01/groups/ml01/workspace/artur.szalata/code/chem-perturbridge_lpm/.plib_cache/results/lpm_paper10_scratch_sciplex_seed29_molholdout_h100_2x_bs4096_200epoch_lustre/LPM_bd9e95d87de7d9a8/seed_29/checkpoints/best-validation-rmse-epoch0199.ckpt	0.71586270	0.68560000	ok
scratch_target_only	29	tahoe100	tahoe100	lpm_paper10_scratch_tahoe100_seed29_molholdout_h100_2x_bs4096_200epoch_lustre	/ictstr01/groups/ml01/workspace/artur.szalata/code/chem-perturbridge_lpm/.plib_cache/results/lpm_paper10_scratch_tahoe100_seed29_molholdout_h100_2x_bs4096_200epoch_lustre/LPM_9c288dbbb7f9288d/seed_29/checkpoints/best-validation-rmse-epoch0006.ckpt	0.74455302	0.73800000	ok
scratch_target_only	29	vcpi_0001	Ginkgo VCPI vcpi-0001 (tvc-bhr-009)	lpm_paper10_scratch_vcpi_0001_seed29_molholdout_h100_1x_bs4096_200epoch_lustre	/ictstr01/groups/ml01/workspace/artur.szalata/code/chem-perturbridge_lpm/.plib_cache/results/lpm_paper10_scratch_vcpi_0001_seed29_molholdout_h100_1x_bs4096_200epoch_lustre/LPM_c5c4977e30439248/seed_29/checkpoints/best-validation-rmse-epoch0023.ckpt	0.55344962	0.57080000	ok
scratch_target_only	29	vcpi_0002	Ginkgo VCPI vcpi-0002 (tvc-kdl-010)	lpm_paper10_scratch_vcpi_0002_seed29_molholdout_h100_1x_bs4096_200epoch_lustre	/ictstr01/groups/ml01/workspace/artur.szalata/code/chem-perturbridge_lpm/.plib_cache/results/lpm_paper10_scratch_vcpi_0002_seed29_molholdout_h100_1x_bs4096_200epoch_lustre/LPM_0203c331c6be7440/seed_29/checkpoints/best-validation-rmse-epoch0042.ckpt	0.51007038		ok
scratch_target_only	31	cigs_mce	CIGS MCE	lpm_paper10_scratch_cigs_mce_seed31_molholdout_h100_2x_bs4096_200epoch_lustre	/ictstr01/groups/ml01/workspace/artur.szalata/code/chem-perturbridge_lpm/.plib_cache/results/lpm_paper10_scratch_cigs_mce_seed31_molholdout_h100_2x_bs4096_200epoch_lustre/LPM_1627e7de5ad288b4/seed_31/checkpoints/best-validation-rmse-epoch0021.ckpt	0.58743840	0.56890000	ok
scratch_target_only	31	cigs_tcm	CIGS TCM	lpm_paper10_scratch_cigs_tcm_seed31_molholdout_h100_2x_bs4096_200epoch_lustre	/ictstr01/groups/ml01/workspace/artur.szalata/code/chem-perturbridge_lpm/.plib_cache/results/lpm_paper10_scratch_cigs_tcm_seed31_molholdout_h100_2x_bs4096_200epoch_lustre/LPM_78507308ed947ca6/seed_31/checkpoints/best-validation-rmse-epoch0033.ckpt	0.44862369	0.40790000	ok
scratch_target_only	31	dilimap_train	dilimap_train	lpm_paper10_scratch_dilimap_train_seed31_molholdout_h100_1x_bs4096_200epoch_lustre	/ictstr01/groups/ml01/workspace/artur.szalata/code/chem-perturbridge_lpm/.plib_cache/results/lpm_paper10_scratch_dilimap_train_seed31_molholdout_h100_1x_bs4096_200epoch_lustre/LPM_80c22dac4801950d/seed_31/checkpoints/best-validation-rmse-epoch0199.ckpt	0.57790948	0.60920000	ok
scratch_target_only	31	gdpx2	Ginkgo GDPx2	lpm_paper10_scratch_gdpx2_seed31_molholdout_h100_2x_bs4096_200epoch_lustre	/ictstr01/groups/ml01/workspace/artur.szalata/code/chem-perturbridge_lpm/.plib_cache/results/lpm_paper10_scratch_gdpx2_seed31_molholdout_h100_2x_bs4096_200epoch_lustre/LPM_2c7627599d005a2b/seed_31/checkpoints/best-validation-rmse-epoch0025.ckpt	0.57308834	0.43620000	ok
scratch_target_only	31	lincs_phase1	LINCS_phase1_level3_epsilon	lpm_paper10_scratch_lincs_phase1_seed31_molholdout_h100_2x_bs4096_200epoch_lustre	/ictstr01/groups/ml01/workspace/artur.szalata/code/chem-perturbridge_lpm/.plib_cache/results/lpm_paper10_scratch_lincs_phase1_seed31_molholdout_h100_2x_bs4096_200epoch_lustre/LPM_8a5894aa3c36c9f2/seed_31/checkpoints/best-validation-rmse-epoch0007.ckpt	0.61808517	0.63010000	ok
scratch_target_only	31	lincs_phase2	LINCS_phase2_level3	lpm_paper10_scratch_lincs_phase2_seed31_molholdout_h100_2x_bs4096_200epoch_lustre	/ictstr01/groups/ml01/workspace/artur.szalata/code/chem-perturbridge_lpm/.plib_cache/results/lpm_paper10_scratch_lincs_phase2_seed31_molholdout_h100_2x_bs4096_200epoch_lustre/LPM_519688f6efd3cc2c/seed_31/checkpoints/best-validation-rmse-epoch0004.ckpt	0.47301303	0.48890000	ok
scratch_target_only	31	novartis	Novartis MoABox DRUG-seq	lpm_paper10_scratch_novartis_seed31_molholdout_h100_1x_bs4096_200epoch_lustre	/ictstr01/groups/ml01/workspace/artur.szalata/code/chem-perturbridge_lpm/.plib_cache/results/lpm_paper10_scratch_novartis_seed31_molholdout_h100_1x_bs4096_200epoch_lustre/LPM_4ec072a2e99a007e/seed_31/checkpoints/best-validation-rmse-epoch0108.ckpt	0.67694414	0.54070000	ok
scratch_target_only	31	op3	op3	lpm_paper10_scratch_op3_seed31_molholdout_h100_2x_bs4096_200epoch_lustre	/ictstr01/groups/ml01/workspace/artur.szalata/code/chem-perturbridge_lpm/.plib_cache/results/lpm_paper10_scratch_op3_seed31_molholdout_h100_2x_bs4096_200epoch_lustre/LPM_73dd39a880d7dd25/seed_31/checkpoints/best-validation-rmse-epoch0047.ckpt	0.41103112	0.34730000	ok
scratch_target_only	31	sciplex	srivatsan20_sciplex3	lpm_paper10_scratch_sciplex_seed31_molholdout_h100_2x_bs4096_200epoch_lustre	/ictstr01/groups/ml01/workspace/artur.szalata/code/chem-perturbridge_lpm/.plib_cache/results/lpm_paper10_scratch_sciplex_seed31_molholdout_h100_2x_bs4096_200epoch_lustre/LPM_bd9e95d87de7d9a8/seed_31/checkpoints/best-validation-rmse-epoch0082.ckpt	0.71477267	0.68490000	ok
scratch_target_only	31	tahoe100	tahoe100	lpm_paper10_scratch_tahoe100_seed31_molholdout_h100_2x_bs4096_200epoch_lustre	/ictstr01/groups/ml01/workspace/artur.szalata/code/chem-perturbridge_lpm/.plib_cache/results/lpm_paper10_scratch_tahoe100_seed31_molholdout_h100_2x_bs4096_200epoch_lustre/LPM_9c288dbbb7f9288d/seed_31/checkpoints/best-validation-rmse-epoch0008.ckpt	0.74502105	0.73770000	ok
scratch_target_only	31	vcpi_0001	Ginkgo VCPI vcpi-0001 (tvc-bhr-009)	lpm_paper10_scratch_vcpi_0001_seed31_molholdout_h100_1x_bs4096_200epoch_lustre	/ictstr01/groups/ml01/workspace/artur.szalata/code/chem-perturbridge_lpm/.plib_cache/results/lpm_paper10_scratch_vcpi_0001_seed31_molholdout_h100_1x_bs4096_200epoch_lustre/LPM_c5c4977e30439248/seed_31/checkpoints/best-validation-rmse-epoch0010.ckpt	0.55353197	0.57070000	ok
scratch_target_only	31	vcpi_0002	Ginkgo VCPI vcpi-0002 (tvc-kdl-010)	lpm_paper10_scratch_vcpi_0002_seed31_molholdout_h100_1x_bs4096_200epoch_lustre	/ictstr01/groups/ml01/workspace/artur.szalata/code/chem-perturbridge_lpm/.plib_cache/results/lpm_paper10_scratch_vcpi_0002_seed31_molholdout_h100_1x_bs4096_200epoch_lustre/LPM_0203c331c6be7440/seed_31/checkpoints/best-validation-rmse-epoch0026.ckpt	0.50999381		ok
scratch_target_only	37	cigs_mce	CIGS MCE	lpm_paper10_scratch_cigs_mce_seed37_molholdout_h100_2x_bs4096_200epoch_lustre	/ictstr01/groups/ml01/workspace/artur.szalata/code/chem-perturbridge_lpm/.plib_cache/results/lpm_paper10_scratch_cigs_mce_seed37_molholdout_h100_2x_bs4096_200epoch_lustre/LPM_1627e7de5ad288b4/seed_37/checkpoints/best-validation-rmse-epoch0033.ckpt	0.58699286	0.57410000	ok
scratch_target_only	37	cigs_tcm	CIGS TCM	lpm_paper10_scratch_cigs_tcm_seed37_molholdout_h100_2x_bs4096_200epoch_lustre	/ictstr01/groups/ml01/workspace/artur.szalata/code/chem-perturbridge_lpm/.plib_cache/results/lpm_paper10_scratch_cigs_tcm_seed37_molholdout_h100_2x_bs4096_200epoch_lustre/LPM_78507308ed947ca6/seed_37/checkpoints/best-validation-rmse-epoch0054.ckpt	0.44851835	0.40800000	ok
scratch_target_only	37	dilimap_train	dilimap_train	lpm_paper10_scratch_dilimap_train_seed37_molholdout_h100_1x_bs4096_200epoch_lustre	/ictstr01/groups/ml01/workspace/artur.szalata/code/chem-perturbridge_lpm/.plib_cache/results/lpm_paper10_scratch_dilimap_train_seed37_molholdout_h100_1x_bs4096_200epoch_lustre/LPM_80c22dac4801950d/seed_37/checkpoints/best-validation-rmse-epoch0199.ckpt	0.58402470	0.60900000	ok
scratch_target_only	37	gdpx2	Ginkgo GDPx2	lpm_paper10_scratch_gdpx2_seed37_molholdout_h100_2x_bs4096_200epoch_lustre	/ictstr01/groups/ml01/workspace/artur.szalata/code/chem-perturbridge_lpm/.plib_cache/results/lpm_paper10_scratch_gdpx2_seed37_molholdout_h100_2x_bs4096_200epoch_lustre/LPM_2c7627599d005a2b/seed_37/checkpoints/best-validation-rmse-epoch0012.ckpt	0.57426241	0.43270000	ok
scratch_target_only	37	lincs_phase1	LINCS_phase1_level3_epsilon	lpm_paper10_scratch_lincs_phase1_seed37_molholdout_h100_2x_bs4096_200epoch_lustre	/ictstr01/groups/ml01/workspace/artur.szalata/code/chem-perturbridge_lpm/.plib_cache/results/lpm_paper10_scratch_lincs_phase1_seed37_molholdout_h100_2x_bs4096_200epoch_lustre/LPM_8a5894aa3c36c9f2/seed_37/checkpoints/best-validation-rmse-epoch0005.ckpt	0.62020249	0.63310000	ok
scratch_target_only	37	lincs_phase2	LINCS_phase2_level3	lpm_paper10_scratch_lincs_phase2_seed37_molholdout_h100_2x_bs4096_200epoch_lustre	/ictstr01/groups/ml01/workspace/artur.szalata/code/chem-perturbridge_lpm/.plib_cache/results/lpm_paper10_scratch_lincs_phase2_seed37_molholdout_h100_2x_bs4096_200epoch_lustre/LPM_519688f6efd3cc2c/seed_37/checkpoints/best-validation-rmse-epoch0005.ckpt	0.47255847	0.48870000	ok
scratch_target_only	37	novartis	Novartis MoABox DRUG-seq	lpm_paper10_scratch_novartis_seed37_molholdout_h100_1x_bs4096_200epoch_lustre	/ictstr01/groups/ml01/workspace/artur.szalata/code/chem-perturbridge_lpm/.plib_cache/results/lpm_paper10_scratch_novartis_seed37_molholdout_h100_1x_bs4096_200epoch_lustre/LPM_4ec072a2e99a007e/seed_37/checkpoints/best-validation-rmse-epoch0042.ckpt	0.67857498	0.54110000	ok
scratch_target_only	37	op3	op3	lpm_paper10_scratch_op3_seed37_molholdout_h100_2x_bs4096_200epoch_lustre	/ictstr01/groups/ml01/workspace/artur.szalata/code/chem-perturbridge_lpm/.plib_cache/results/lpm_paper10_scratch_op3_seed37_molholdout_h100_2x_bs4096_200epoch_lustre/LPM_73dd39a880d7dd25/seed_37/checkpoints/best-validation-rmse-epoch0064.ckpt	0.41687453	0.34740000	ok
scratch_target_only	37	sciplex	srivatsan20_sciplex3	lpm_paper10_scratch_sciplex_seed37_molholdout_h100_2x_bs4096_200epoch_lustre	/ictstr01/groups/ml01/workspace/artur.szalata/code/chem-perturbridge_lpm/.plib_cache/results/lpm_paper10_scratch_sciplex_seed37_molholdout_h100_2x_bs4096_200epoch_lustre/LPM_bd9e95d87de7d9a8/seed_37/checkpoints/best-validation-rmse-epoch0198.ckpt	0.71614837	0.68410000	ok
scratch_target_only	37	tahoe100	tahoe100	lpm_paper10_scratch_tahoe100_seed37_molholdout_h100_2x_bs4096_200epoch_lustre	/ictstr01/groups/ml01/workspace/artur.szalata/code/chem-perturbridge_lpm/.plib_cache/results/lpm_paper10_scratch_tahoe100_seed37_molholdout_h100_2x_bs4096_200epoch_lustre/LPM_9c288dbbb7f9288d/seed_37/checkpoints/best-validation-rmse-epoch0005.ckpt	0.74485701	0.73810000	ok
scratch_target_only	37	vcpi_0001	Ginkgo VCPI vcpi-0001 (tvc-bhr-009)	lpm_paper10_scratch_vcpi_0001_seed37_molholdout_h100_1x_bs4096_200epoch_lustre	/ictstr01/groups/ml01/workspace/artur.szalata/code/chem-perturbridge_lpm/.plib_cache/results/lpm_paper10_scratch_vcpi_0001_seed37_molholdout_h100_1x_bs4096_200epoch_lustre/LPM_c5c4977e30439248/seed_37/checkpoints/best-validation-rmse-epoch0023.ckpt	0.55348783	0.57080000	ok
scratch_target_only	37	vcpi_0002	Ginkgo VCPI vcpi-0002 (tvc-kdl-010)	lpm_paper10_scratch_vcpi_0002_seed37_molholdout_h100_1x_bs4096_200epoch_lustre	/ictstr01/groups/ml01/workspace/artur.szalata/code/chem-perturbridge_lpm/.plib_cache/results/lpm_paper10_scratch_vcpi_0002_seed37_molholdout_h100_1x_bs4096_200epoch_lustre/LPM_0203c331c6be7440/seed_37/checkpoints/best-validation-rmse-epoch0041.ckpt	0.50997119		ok
scratch_target_only	41	cigs_mce	CIGS MCE	lpm_paper10_scratch_cigs_mce_seed41_molholdout_h100_2x_bs4096_200epoch_lustre	/ictstr01/groups/ml01/workspace/artur.szalata/code/chem-perturbridge_lpm/.plib_cache/results/lpm_paper10_scratch_cigs_mce_seed41_molholdout_h100_2x_bs4096_200epoch_lustre/LPM_1627e7de5ad288b4/seed_41/checkpoints/best-validation-rmse-epoch0017.ckpt	0.58766783	0.57120000	ok
scratch_target_only	41	cigs_tcm	CIGS TCM	lpm_paper10_scratch_cigs_tcm_seed41_molholdout_h100_2x_bs4096_200epoch_lustre	/ictstr01/groups/ml01/workspace/artur.szalata/code/chem-perturbridge_lpm/.plib_cache/results/lpm_paper10_scratch_cigs_tcm_seed41_molholdout_h100_2x_bs4096_200epoch_lustre/LPM_78507308ed947ca6/seed_41/checkpoints/best-validation-rmse-epoch0028.ckpt	0.44852491	0.40820000	ok
scratch_target_only	41	dilimap_train	dilimap_train	lpm_paper10_scratch_dilimap_train_seed41_molholdout_h100_1x_bs4096_200epoch_lustre	/ictstr01/groups/ml01/workspace/artur.szalata/code/chem-perturbridge_lpm/.plib_cache/results/lpm_paper10_scratch_dilimap_train_seed41_molholdout_h100_1x_bs4096_200epoch_lustre/LPM_80c22dac4801950d/seed_41/checkpoints/best-validation-rmse-epoch0096.ckpt	0.58301821	0.61110000	ok
scratch_target_only	41	gdpx2	Ginkgo GDPx2	lpm_paper10_scratch_gdpx2_seed41_molholdout_h100_2x_bs4096_200epoch_lustre	/ictstr01/groups/ml01/workspace/artur.szalata/code/chem-perturbridge_lpm/.plib_cache/results/lpm_paper10_scratch_gdpx2_seed41_molholdout_h100_2x_bs4096_200epoch_lustre/LPM_2c7627599d005a2b/seed_41/checkpoints/best-validation-rmse-epoch0033.ckpt	0.56662447	0.43490000	ok
scratch_target_only	41	lincs_phase1	LINCS_phase1_level3_epsilon	lpm_paper10_scratch_lincs_phase1_seed41_molholdout_h100_2x_bs4096_200epoch_lustre	/ictstr01/groups/ml01/workspace/artur.szalata/code/chem-perturbridge_lpm/.plib_cache/results/lpm_paper10_scratch_lincs_phase1_seed41_molholdout_h100_2x_bs4096_200epoch_lustre/LPM_8a5894aa3c36c9f2/seed_41/checkpoints/best-validation-rmse-epoch0006.ckpt	0.61826869	0.63090000	ok
scratch_target_only	41	lincs_phase2	LINCS_phase2_level3	lpm_paper10_scratch_lincs_phase2_seed41_molholdout_h100_2x_bs4096_200epoch_lustre	/ictstr01/groups/ml01/workspace/artur.szalata/code/chem-perturbridge_lpm/.plib_cache/results/lpm_paper10_scratch_lincs_phase2_seed41_molholdout_h100_2x_bs4096_200epoch_lustre/LPM_519688f6efd3cc2c/seed_41/checkpoints/best-validation-rmse-epoch0005.ckpt	0.47261734	0.48850000	ok
scratch_target_only	41	novartis	Novartis MoABox DRUG-seq	lpm_paper10_scratch_novartis_seed41_molholdout_h100_1x_bs4096_200epoch_lustre	/ictstr01/groups/ml01/workspace/artur.szalata/code/chem-perturbridge_lpm/.plib_cache/results/lpm_paper10_scratch_novartis_seed41_molholdout_h100_1x_bs4096_200epoch_lustre/LPM_4ec072a2e99a007e/seed_41/checkpoints/best-validation-rmse-epoch0041.ckpt	0.67780313	0.54090000	ok
scratch_target_only	41	op3	op3	lpm_paper10_scratch_op3_seed41_molholdout_h100_2x_bs4096_200epoch_lustre	/ictstr01/groups/ml01/workspace/artur.szalata/code/chem-perturbridge_lpm/.plib_cache/results/lpm_paper10_scratch_op3_seed41_molholdout_h100_2x_bs4096_200epoch_lustre/LPM_73dd39a880d7dd25/seed_41/checkpoints/best-validation-rmse-epoch0023.ckpt	0.42161152	0.34760000	ok
scratch_target_only	41	sciplex	srivatsan20_sciplex3	lpm_paper10_scratch_sciplex_seed41_molholdout_h100_2x_bs4096_200epoch_lustre	/ictstr01/groups/ml01/workspace/artur.szalata/code/chem-perturbridge_lpm/.plib_cache/results/lpm_paper10_scratch_sciplex_seed41_molholdout_h100_2x_bs4096_200epoch_lustre/LPM_bd9e95d87de7d9a8/seed_41/checkpoints/best-validation-rmse-epoch0150.ckpt	0.71437500	0.68410000	ok
scratch_target_only	41	tahoe100	tahoe100	lpm_paper10_scratch_tahoe100_seed41_molholdout_h100_2x_bs4096_200epoch_lustre	/ictstr01/groups/ml01/workspace/artur.szalata/code/chem-perturbridge_lpm/.plib_cache/results/lpm_paper10_scratch_tahoe100_seed41_molholdout_h100_2x_bs4096_200epoch_lustre/LPM_9c288dbbb7f9288d/seed_41/checkpoints/best-validation-rmse-epoch0008.ckpt	0.74458078	0.73760000	ok
scratch_target_only	41	vcpi_0001	Ginkgo VCPI vcpi-0001 (tvc-bhr-009)	lpm_paper10_scratch_vcpi_0001_seed41_molholdout_h100_1x_bs4096_200epoch_lustre	/ictstr01/groups/ml01/workspace/artur.szalata/code/chem-perturbridge_lpm/.plib_cache/results/lpm_paper10_scratch_vcpi_0001_seed41_molholdout_h100_1x_bs4096_200epoch_lustre/LPM_c5c4977e30439248/seed_41/checkpoints/best-validation-rmse-epoch0016.ckpt	0.55351885	0.57070000	ok
scratch_target_only	41	vcpi_0002	Ginkgo VCPI vcpi-0002 (tvc-kdl-010)	lpm_paper10_scratch_vcpi_0002_seed41_molholdout_h100_1x_bs4096_200epoch_lustre	/ictstr01/groups/ml01/workspace/artur.szalata/code/chem-perturbridge_lpm/.plib_cache/results/lpm_paper10_scratch_vcpi_0002_seed41_molholdout_h100_1x_bs4096_200epoch_lustre/LPM_0203c331c6be7440/seed_41/checkpoints/best-validation-rmse-epoch0025.ckpt	0.51008383		ok
scratch_target_only	43	cigs_mce	CIGS MCE	lpm_paper10_scratch_cigs_mce_seed43_molholdout_h100_2x_bs4096_200epoch_lustre	/ictstr01/groups/ml01/workspace/artur.szalata/code/chem-perturbridge_lpm/.plib_cache/results/lpm_paper10_scratch_cigs_mce_seed43_molholdout_h100_2x_bs4096_200epoch_lustre/LPM_1627e7de5ad288b4/seed_43/checkpoints/best-validation-rmse-epoch0021.ckpt	0.58731267	0.57000000	ok
scratch_target_only	43	cigs_tcm	CIGS TCM	lpm_paper10_scratch_cigs_tcm_seed43_molholdout_h100_2x_bs4096_200epoch_lustre	/ictstr01/groups/ml01/workspace/artur.szalata/code/chem-perturbridge_lpm/.plib_cache/results/lpm_paper10_scratch_cigs_tcm_seed43_molholdout_h100_2x_bs4096_200epoch_lustre/LPM_78507308ed947ca6/seed_43/checkpoints/best-validation-rmse-epoch0067.ckpt	0.44843813	0.40800000	ok
scratch_target_only	43	dilimap_train	dilimap_train	lpm_paper10_scratch_dilimap_train_seed43_molholdout_h100_1x_bs4096_200epoch_lustre	/ictstr01/groups/ml01/workspace/artur.szalata/code/chem-perturbridge_lpm/.plib_cache/results/lpm_paper10_scratch_dilimap_train_seed43_molholdout_h100_1x_bs4096_200epoch_lustre/LPM_80c22dac4801950d/seed_43/checkpoints/best-validation-rmse-epoch0199.ckpt	0.58186761	0.61050000	ok
scratch_target_only	43	gdpx2	Ginkgo GDPx2	lpm_paper10_scratch_gdpx2_seed43_molholdout_h100_2x_bs4096_200epoch_lustre	/ictstr01/groups/ml01/workspace/artur.szalata/code/chem-perturbridge_lpm/.plib_cache/results/lpm_paper10_scratch_gdpx2_seed43_molholdout_h100_2x_bs4096_200epoch_lustre/LPM_2c7627599d005a2b/seed_43/checkpoints/best-validation-rmse-epoch0132.ckpt	0.57361315	0.42720000	ok
scratch_target_only	43	lincs_phase1	LINCS_phase1_level3_epsilon	lpm_paper10_scratch_lincs_phase1_seed43_molholdout_h100_2x_bs4096_200epoch_lustre	/ictstr01/groups/ml01/workspace/artur.szalata/code/chem-perturbridge_lpm/.plib_cache/results/lpm_paper10_scratch_lincs_phase1_seed43_molholdout_h100_2x_bs4096_200epoch_lustre/LPM_8a5894aa3c36c9f2/seed_43/checkpoints/best-validation-rmse-epoch0008.ckpt	0.61842476	0.63250000	ok
scratch_target_only	43	lincs_phase2	LINCS_phase2_level3	lpm_paper10_scratch_lincs_phase2_seed43_molholdout_h100_2x_bs4096_200epoch_lustre	/ictstr01/groups/ml01/workspace/artur.szalata/code/chem-perturbridge_lpm/.plib_cache/results/lpm_paper10_scratch_lincs_phase2_seed43_molholdout_h100_2x_bs4096_200epoch_lustre/LPM_519688f6efd3cc2c/seed_43/checkpoints/best-validation-rmse-epoch0009.ckpt	0.47246012	0.48830000	ok
scratch_target_only	43	novartis	Novartis MoABox DRUG-seq	lpm_paper10_scratch_novartis_seed43_molholdout_h100_1x_bs4096_200epoch_lustre	/ictstr01/groups/ml01/workspace/artur.szalata/code/chem-perturbridge_lpm/.plib_cache/results/lpm_paper10_scratch_novartis_seed43_molholdout_h100_1x_bs4096_200epoch_lustre/LPM_4ec072a2e99a007e/seed_43/checkpoints/best-validation-rmse-epoch0043.ckpt	0.67905237	0.54180000	ok
scratch_target_only	43	op3	op3	lpm_paper10_scratch_op3_seed43_molholdout_h100_2x_bs4096_200epoch_lustre	/ictstr01/groups/ml01/workspace/artur.szalata/code/chem-perturbridge_lpm/.plib_cache/results/lpm_paper10_scratch_op3_seed43_molholdout_h100_2x_bs4096_200epoch_lustre/LPM_73dd39a880d7dd25/seed_43/checkpoints/best-validation-rmse-epoch0045.ckpt	0.41765766	0.34730000	ok
scratch_target_only	43	sciplex	srivatsan20_sciplex3	lpm_paper10_scratch_sciplex_seed43_molholdout_h100_2x_bs4096_200epoch_lustre	/ictstr01/groups/ml01/workspace/artur.szalata/code/chem-perturbridge_lpm/.plib_cache/results/lpm_paper10_scratch_sciplex_seed43_molholdout_h100_2x_bs4096_200epoch_lustre/LPM_bd9e95d87de7d9a8/seed_43/checkpoints/best-validation-rmse-epoch0199.ckpt	0.71475234	0.68380000	ok
scratch_target_only	43	tahoe100	tahoe100	lpm_paper10_scratch_tahoe100_seed43_molholdout_h100_2x_bs4096_200epoch_lustre	/ictstr01/groups/ml01/workspace/artur.szalata/code/chem-perturbridge_lpm/.plib_cache/results/lpm_paper10_scratch_tahoe100_seed43_molholdout_h100_2x_bs4096_200epoch_lustre/LPM_9c288dbbb7f9288d/seed_43/checkpoints/best-validation-rmse-epoch0011.ckpt	0.74425594	0.73810000	ok
scratch_target_only	43	vcpi_0001	Ginkgo VCPI vcpi-0001 (tvc-bhr-009)	lpm_paper10_scratch_vcpi_0001_seed43_molholdout_h100_1x_bs4096_200epoch_lustre	/ictstr01/groups/ml01/workspace/artur.szalata/code/chem-perturbridge_lpm/.plib_cache/results/lpm_paper10_scratch_vcpi_0001_seed43_molholdout_h100_1x_bs4096_200epoch_lustre/LPM_c5c4977e30439248/seed_43/checkpoints/best-validation-rmse-epoch0023.ckpt	0.55345077	0.57070000	ok
scratch_target_only	43	vcpi_0002	Ginkgo VCPI vcpi-0002 (tvc-kdl-010)	lpm_paper10_scratch_vcpi_0002_seed43_molholdout_h100_1x_bs4096_200epoch_lustre	/ictstr01/groups/ml01/workspace/artur.szalata/code/chem-perturbridge_lpm/.plib_cache/results/lpm_paper10_scratch_vcpi_0002_seed43_molholdout_h100_1x_bs4096_200epoch_lustre/LPM_0203c331c6be7440/seed_43/checkpoints/best-validation-rmse-epoch0034.ckpt	0.51007234		ok
scratch_target_only	47	cigs_mce	CIGS MCE	lpm_paper10_scratch_cigs_mce_seed47_molholdout_h100_2x_bs4096_200epoch_lustre	/ictstr01/groups/ml01/workspace/artur.szalata/code/chem-perturbridge_lpm/.plib_cache/results/lpm_paper10_scratch_cigs_mce_seed47_molholdout_h100_2x_bs4096_200epoch_lustre/LPM_1627e7de5ad288b4/seed_47/checkpoints/best-validation-rmse-epoch0019.ckpt	0.58734749	0.56970000	ok
scratch_target_only	47	cigs_tcm	CIGS TCM	lpm_paper10_scratch_cigs_tcm_seed47_molholdout_h100_2x_bs4096_200epoch_lustre	/ictstr01/groups/ml01/workspace/artur.szalata/code/chem-perturbridge_lpm/.plib_cache/results/lpm_paper10_scratch_cigs_tcm_seed47_molholdout_h100_2x_bs4096_200epoch_lustre/LPM_78507308ed947ca6/seed_47/checkpoints/best-validation-rmse-epoch0033.ckpt	0.44848293	0.40800000	ok
scratch_target_only	47	dilimap_train	dilimap_train	lpm_paper10_scratch_dilimap_train_seed47_molholdout_h100_1x_bs4096_200epoch_lustre	/ictstr01/groups/ml01/workspace/artur.szalata/code/chem-perturbridge_lpm/.plib_cache/results/lpm_paper10_scratch_dilimap_train_seed47_molholdout_h100_1x_bs4096_200epoch_lustre/LPM_80c22dac4801950d/seed_47/checkpoints/best-validation-rmse-epoch0199.ckpt	0.58294036	0.60800000	ok
scratch_target_only	47	gdpx2	Ginkgo GDPx2	lpm_paper10_scratch_gdpx2_seed47_molholdout_h100_2x_bs4096_200epoch_lustre	/ictstr01/groups/ml01/workspace/artur.szalata/code/chem-perturbridge_lpm/.plib_cache/results/lpm_paper10_scratch_gdpx2_seed47_molholdout_h100_2x_bs4096_200epoch_lustre/LPM_2c7627599d005a2b/seed_47/checkpoints/best-validation-rmse-epoch0016.ckpt	0.57251221	0.43080000	ok
scratch_target_only	47	lincs_phase1	LINCS_phase1_level3_epsilon	lpm_paper10_scratch_lincs_phase1_seed47_molholdout_h100_2x_bs4096_200epoch_lustre	/ictstr01/groups/ml01/workspace/artur.szalata/code/chem-perturbridge_lpm/.plib_cache/results/lpm_paper10_scratch_lincs_phase1_seed47_molholdout_h100_2x_bs4096_200epoch_lustre/LPM_8a5894aa3c36c9f2/seed_47/checkpoints/best-validation-rmse-epoch0008.ckpt	0.61882861	0.63220000	ok
scratch_target_only	47	lincs_phase2	LINCS_phase2_level3	lpm_paper10_scratch_lincs_phase2_seed47_molholdout_h100_2x_bs4096_200epoch_lustre	/ictstr01/groups/ml01/workspace/artur.szalata/code/chem-perturbridge_lpm/.plib_cache/results/lpm_paper10_scratch_lincs_phase2_seed47_molholdout_h100_2x_bs4096_200epoch_lustre/LPM_519688f6efd3cc2c/seed_47/checkpoints/best-validation-rmse-epoch0005.ckpt	0.47260822	0.48870000	ok
scratch_target_only	47	novartis	Novartis MoABox DRUG-seq	lpm_paper10_scratch_novartis_seed47_molholdout_h100_1x_bs4096_200epoch_lustre	/ictstr01/groups/ml01/workspace/artur.szalata/code/chem-perturbridge_lpm/.plib_cache/results/lpm_paper10_scratch_novartis_seed47_molholdout_h100_1x_bs4096_200epoch_lustre/LPM_4ec072a2e99a007e/seed_47/checkpoints/best-validation-rmse-epoch0094.ckpt	0.67784560	0.54020000	ok
scratch_target_only	47	op3	op3	lpm_paper10_scratch_op3_seed47_molholdout_h100_2x_bs4096_200epoch_lustre	/ictstr01/groups/ml01/workspace/artur.szalata/code/chem-perturbridge_lpm/.plib_cache/results/lpm_paper10_scratch_op3_seed47_molholdout_h100_2x_bs4096_200epoch_lustre/LPM_73dd39a880d7dd25/seed_47/checkpoints/best-validation-rmse-epoch0047.ckpt	0.41474832	0.34860000	ok
scratch_target_only	47	sciplex	srivatsan20_sciplex3	lpm_paper10_scratch_sciplex_seed47_molholdout_h100_2x_bs4096_200epoch_lustre	/ictstr01/groups/ml01/workspace/artur.szalata/code/chem-perturbridge_lpm/.plib_cache/results/lpm_paper10_scratch_sciplex_seed47_molholdout_h100_2x_bs4096_200epoch_lustre/LPM_bd9e95d87de7d9a8/seed_47/checkpoints/best-validation-rmse-epoch0199.ckpt	0.71580528	0.68520000	ok
scratch_target_only	47	tahoe100	tahoe100	lpm_paper10_scratch_tahoe100_seed47_molholdout_h100_2x_bs4096_200epoch_lustre	/ictstr01/groups/ml01/workspace/artur.szalata/code/chem-perturbridge_lpm/.plib_cache/results/lpm_paper10_scratch_tahoe100_seed47_molholdout_h100_2x_bs4096_200epoch_lustre/LPM_9c288dbbb7f9288d/seed_47/checkpoints/best-validation-rmse-epoch0008.ckpt	0.74448350	0.73900000	ok
scratch_target_only	47	vcpi_0001	Ginkgo VCPI vcpi-0001 (tvc-bhr-009)	lpm_paper10_scratch_vcpi_0001_seed47_molholdout_h100_1x_bs4096_200epoch_lustre	/ictstr01/groups/ml01/workspace/artur.szalata/code/chem-perturbridge_lpm/.plib_cache/results/lpm_paper10_scratch_vcpi_0001_seed47_molholdout_h100_1x_bs4096_200epoch_lustre/LPM_c5c4977e30439248/seed_47/checkpoints/best-validation-rmse-epoch0114.ckpt	0.55355072	0.57070000	ok
scratch_target_only	47	vcpi_0002	Ginkgo VCPI vcpi-0002 (tvc-kdl-010)	lpm_paper10_scratch_vcpi_0002_seed47_molholdout_h100_1x_bs4096_200epoch_lustre	/ictstr01/groups/ml01/workspace/artur.szalata/code/chem-perturbridge_lpm/.plib_cache/results/lpm_paper10_scratch_vcpi_0002_seed47_molholdout_h100_1x_bs4096_200epoch_lustre/LPM_0203c331c6be7440/seed_47/checkpoints/best-validation-rmse-epoch0026.ckpt	0.51000476		ok
scratch_target_only_morgan_fixed	13	cigs_mce	CIGS MCE	lpm_paper10_morgan_fixed_scratch_cigs_mce_seed13_molholdout_h100_2x_bs4096_200epoch_lustre	/ictstr01/groups/ml01/workspace/artur.szalata/code/chem-perturbridge_lpm/.plib_cache/results/lpm_paper10_morgan_fixed_scratch_cigs_mce_seed13_molholdout_h100_2x_bs4096_200epoch_lustre/LPM_4ffd9504deec4d96/seed_13/checkpoints/best-validation-rmse-epoch0199.ckpt	0.58633173	0.57360000	ok
scratch_target_only_morgan_fixed	13	cigs_tcm	CIGS TCM	lpm_paper10_morgan_fixed_scratch_cigs_tcm_seed13_molholdout_h100_2x_bs4096_200epoch_lustre	/ictstr01/groups/ml01/workspace/artur.szalata/code/chem-perturbridge_lpm/.plib_cache/results/lpm_paper10_morgan_fixed_scratch_cigs_tcm_seed13_molholdout_h100_2x_bs4096_200epoch_lustre/LPM_56a05b0b149ec683/seed_13/checkpoints/best-validation-rmse-epoch0037.ckpt	0.44871513	0.40810000	ok
scratch_target_only_morgan_fixed	13	dilimap_train	dilimap_train	lpm_paper10_morgan_fixed_scratch_dilimap_train_seed13_molholdout_h100_1x_bs4096_200epoch_lustre	/ictstr01/groups/ml01/workspace/artur.szalata/code/chem-perturbridge_lpm/.plib_cache/results/lpm_paper10_morgan_fixed_scratch_dilimap_train_seed13_molholdout_h100_1x_bs4096_200epoch_lustre/LPM_a66756a97d99dab2/seed_13/checkpoints/best-validation-rmse-epoch0199.ckpt	0.58354841	0.60920000	ok
scratch_target_only_morgan_fixed	13	gdpx2	Ginkgo GDPx2	lpm_paper10_morgan_fixed_scratch_gdpx2_seed13_molholdout_h100_2x_bs4096_200epoch_lustre	/ictstr01/groups/ml01/workspace/artur.szalata/code/chem-perturbridge_lpm/.plib_cache/results/lpm_paper10_morgan_fixed_scratch_gdpx2_seed13_molholdout_h100_2x_bs4096_200epoch_lustre/LPM_f186910f1c7c43dc/seed_13/checkpoints/best-validation-rmse-epoch0052.ckpt	0.56825540	0.43120000	ok
scratch_target_only_morgan_fixed	13	lincs_phase1	LINCS_phase1_level3_epsilon	lpm_paper10_morgan_fixed_scratch_lincs_phase1_seed13_molholdout_h100_2x_bs4096_200epoch_lustre	/ictstr01/groups/ml01/workspace/artur.szalata/code/chem-perturbridge_lpm/.plib_cache/results/lpm_paper10_morgan_fixed_scratch_lincs_phase1_seed13_molholdout_h100_2x_bs4096_200epoch_lustre/LPM_7a9ee774e1b5a3d4/seed_13/checkpoints/best-validation-rmse-epoch0053.ckpt	0.61246691	0.62500000	ok
scratch_target_only_morgan_fixed	13	lincs_phase2	LINCS_phase2_level3	lpm_paper10_morgan_fixed_scratch_lincs_phase2_seed13_molholdout_h100_2x_bs4096_200epoch_lustre	/ictstr01/groups/ml01/workspace/artur.szalata/code/chem-perturbridge_lpm/.plib_cache/results/lpm_paper10_morgan_fixed_scratch_lincs_phase2_seed13_molholdout_h100_2x_bs4096_200epoch_lustre/LPM_82be1dc0a3e46f18/seed_13/checkpoints/best-validation-rmse-epoch0016.ckpt	0.47108996	0.48650000	ok
scratch_target_only_morgan_fixed	13	novartis	Novartis MoABox DRUG-seq	lpm_paper10_morgan_fixed_scratch_novartis_seed13_molholdout_h100_1x_bs4096_200epoch_lustre	/ictstr01/groups/ml01/workspace/artur.szalata/code/chem-perturbridge_lpm/.plib_cache/results/lpm_paper10_morgan_fixed_scratch_novartis_seed13_molholdout_h100_1x_bs4096_200epoch_lustre/LPM_29795d8bd20f04e2/seed_13/checkpoints/best-validation-rmse-epoch0174.ckpt	0.67790838	0.54030000	ok
scratch_target_only_morgan_fixed	13	op3	op3	lpm_paper10_morgan_fixed_scratch_op3_seed13_molholdout_h100_2x_bs4096_200epoch_lustre	/ictstr01/groups/ml01/workspace/artur.szalata/code/chem-perturbridge_lpm/.plib_cache/results/lpm_paper10_morgan_fixed_scratch_op3_seed13_molholdout_h100_2x_bs4096_200epoch_lustre/LPM_aa5d05975328fd6a/seed_13/checkpoints/best-validation-rmse-epoch0185.ckpt	0.41425269	0.34690000	ok
scratch_target_only_morgan_fixed	13	sciplex	srivatsan20_sciplex3	lpm_paper10_morgan_fixed_scratch_sciplex_seed13_molholdout_h100_2x_bs4096_200epoch_lustre	/ictstr01/groups/ml01/workspace/artur.szalata/code/chem-perturbridge_lpm/.plib_cache/results/lpm_paper10_morgan_fixed_scratch_sciplex_seed13_molholdout_h100_2x_bs4096_200epoch_lustre/LPM_2a9a0306f7b8e0ba/seed_13/checkpoints/best-validation-rmse-epoch0155.ckpt	0.71366110	0.68340000	ok
scratch_target_only_morgan_fixed	13	tahoe100	tahoe100	lpm_paper10_morgan_fixed_scratch_tahoe100_seed13_molholdout_h100_2x_bs4096_200epoch_lustre	/ictstr01/groups/ml01/workspace/artur.szalata/code/chem-perturbridge_lpm/.plib_cache/results/lpm_paper10_morgan_fixed_scratch_tahoe100_seed13_molholdout_h100_2x_bs4096_200epoch_lustre/LPM_7f20ac800b2c881f/seed_13/checkpoints/best-validation-rmse-epoch0035.ckpt	0.74172308	0.73350000	ok
scratch_target_only_morgan_fixed	13	vcpi_0001	Ginkgo VCPI vcpi-0001 (tvc-bhr-009)	lpm_paper10_morgan_fixed_scratch_vcpi_0001_seed13_molholdout_h100_1x_bs4096_200epoch_lustre	/ictstr01/groups/ml01/workspace/artur.szalata/code/chem-perturbridge_lpm/.plib_cache/results/lpm_paper10_morgan_fixed_scratch_vcpi_0001_seed13_molholdout_h100_1x_bs4096_200epoch_lustre/LPM_e57a0003f26f991c/seed_13/checkpoints/best-validation-rmse-epoch0037.ckpt	0.55350445	0.57080000	ok
scratch_target_only_morgan_fixed	13	vcpi_0002	Ginkgo VCPI vcpi-0002 (tvc-kdl-010)	lpm_paper10_morgan_fixed_scratch_vcpi_0002_seed13_molholdout_h100_1x_bs4096_200epoch_lustre	/ictstr01/groups/ml01/workspace/artur.szalata/code/chem-perturbridge_lpm/.plib_cache/results/lpm_paper10_morgan_fixed_scratch_vcpi_0002_seed13_molholdout_h100_1x_bs4096_200epoch_lustre/LPM_87b6749972acb0c0/seed_13/checkpoints/best-validation-rmse-epoch0016.ckpt	0.51003898		ok
scratch_target_only_morgan_fixed	17	cigs_mce	CIGS MCE	lpm_paper10_morgan_fixed_scratch_cigs_mce_seed17_molholdout_h100_2x_bs4096_200epoch_lustre	/ictstr01/groups/ml01/workspace/artur.szalata/code/chem-perturbridge_lpm/.plib_cache/results/lpm_paper10_morgan_fixed_scratch_cigs_mce_seed17_molholdout_h100_2x_bs4096_200epoch_lustre/LPM_4ffd9504deec4d96/seed_17/checkpoints/best-validation-rmse-epoch0167.ckpt	0.58462385	0.57520000	ok
scratch_target_only_morgan_fixed	17	cigs_tcm	CIGS TCM	lpm_paper10_morgan_fixed_scratch_cigs_tcm_seed17_molholdout_h100_2x_bs4096_200epoch_lustre	/ictstr01/groups/ml01/workspace/artur.szalata/code/chem-perturbridge_lpm/.plib_cache/results/lpm_paper10_morgan_fixed_scratch_cigs_tcm_seed17_molholdout_h100_2x_bs4096_200epoch_lustre/LPM_56a05b0b149ec683/seed_17/checkpoints/best-validation-rmse-epoch0053.ckpt	0.44852097	0.40780000	ok
scratch_target_only_morgan_fixed	17	dilimap_train	dilimap_train	lpm_paper10_morgan_fixed_scratch_dilimap_train_seed17_molholdout_h100_1x_bs4096_200epoch_lustre	/ictstr01/groups/ml01/workspace/artur.szalata/code/chem-perturbridge_lpm/.plib_cache/results/lpm_paper10_morgan_fixed_scratch_dilimap_train_seed17_molholdout_h100_1x_bs4096_200epoch_lustre/LPM_a66756a97d99dab2/seed_17/checkpoints/best-validation-rmse-epoch0106.ckpt	0.58259185	0.60910000	ok
scratch_target_only_morgan_fixed	17	gdpx2	Ginkgo GDPx2	lpm_paper10_morgan_fixed_scratch_gdpx2_seed17_molholdout_h100_2x_bs4096_200epoch_lustre	/ictstr01/groups/ml01/workspace/artur.szalata/code/chem-perturbridge_lpm/.plib_cache/results/lpm_paper10_morgan_fixed_scratch_gdpx2_seed17_molholdout_h100_2x_bs4096_200epoch_lustre/LPM_f186910f1c7c43dc/seed_17/checkpoints/best-validation-rmse-epoch0019.ckpt	0.56764208	0.43340000	ok
scratch_target_only_morgan_fixed	17	lincs_phase1	LINCS_phase1_level3_epsilon	lpm_paper10_morgan_fixed_scratch_lincs_phase1_seed17_molholdout_h100_2x_bs4096_200epoch_lustre	/ictstr01/groups/ml01/workspace/artur.szalata/code/chem-perturbridge_lpm/.plib_cache/results/lpm_paper10_morgan_fixed_scratch_lincs_phase1_seed17_molholdout_h100_2x_bs4096_200epoch_lustre/LPM_7a9ee774e1b5a3d4/seed_17/checkpoints/best-validation-rmse-epoch0021.ckpt	0.61299706	0.62620000	ok
scratch_target_only_morgan_fixed	17	lincs_phase2	LINCS_phase2_level3	lpm_paper10_morgan_fixed_scratch_lincs_phase2_seed17_molholdout_h100_2x_bs4096_200epoch_lustre	/ictstr01/groups/ml01/workspace/artur.szalata/code/chem-perturbridge_lpm/.plib_cache/results/lpm_paper10_morgan_fixed_scratch_lincs_phase2_seed17_molholdout_h100_2x_bs4096_200epoch_lustre/LPM_82be1dc0a3e46f18/seed_17/checkpoints/best-validation-rmse-epoch0037.ckpt	0.47090966	0.48590000	ok
scratch_target_only_morgan_fixed	17	novartis	Novartis MoABox DRUG-seq	lpm_paper10_morgan_fixed_scratch_novartis_seed17_molholdout_h100_1x_bs4096_200epoch_lustre	/ictstr01/groups/ml01/workspace/artur.szalata/code/chem-perturbridge_lpm/.plib_cache/results/lpm_paper10_morgan_fixed_scratch_novartis_seed17_molholdout_h100_1x_bs4096_200epoch_lustre/LPM_29795d8bd20f04e2/seed_17/checkpoints/best-validation-rmse-epoch0095.ckpt	0.67656609	0.53840000	ok
scratch_target_only_morgan_fixed	17	op3	op3	lpm_paper10_morgan_fixed_scratch_op3_seed17_molholdout_h100_2x_bs4096_200epoch_lustre	/ictstr01/groups/ml01/workspace/artur.szalata/code/chem-perturbridge_lpm/.plib_cache/results/lpm_paper10_morgan_fixed_scratch_op3_seed17_molholdout_h100_2x_bs4096_200epoch_lustre/LPM_aa5d05975328fd6a/seed_17/checkpoints/best-validation-rmse-epoch0057.ckpt	0.41310958	0.34700000	ok
scratch_target_only_morgan_fixed	17	sciplex	srivatsan20_sciplex3	lpm_paper10_morgan_fixed_scratch_sciplex_seed17_molholdout_h100_2x_bs4096_200epoch_lustre	/ictstr01/groups/ml01/workspace/artur.szalata/code/chem-perturbridge_lpm/.plib_cache/results/lpm_paper10_morgan_fixed_scratch_sciplex_seed17_molholdout_h100_2x_bs4096_200epoch_lustre/LPM_2a9a0306f7b8e0ba/seed_17/checkpoints/best-validation-rmse-epoch0191.ckpt	0.71386776	0.68300000	ok
scratch_target_only_morgan_fixed	17	tahoe100	tahoe100	lpm_paper10_morgan_fixed_scratch_tahoe100_seed17_molholdout_h100_2x_bs4096_200epoch_lustre	/ictstr01/groups/ml01/workspace/artur.szalata/code/chem-perturbridge_lpm/.plib_cache/results/lpm_paper10_morgan_fixed_scratch_tahoe100_seed17_molholdout_h100_2x_bs4096_200epoch_lustre/LPM_7f20ac800b2c881f/seed_17/checkpoints/best-validation-rmse-epoch0031.ckpt	0.74163376	0.73090000	ok
scratch_target_only_morgan_fixed	17	vcpi_0001	Ginkgo VCPI vcpi-0001 (tvc-bhr-009)	lpm_paper10_morgan_fixed_scratch_vcpi_0001_seed17_molholdout_h100_1x_bs4096_200epoch_lustre	/ictstr01/groups/ml01/workspace/artur.szalata/code/chem-perturbridge_lpm/.plib_cache/results/lpm_paper10_morgan_fixed_scratch_vcpi_0001_seed17_molholdout_h100_1x_bs4096_200epoch_lustre/LPM_e57a0003f26f991c/seed_17/checkpoints/best-validation-rmse-epoch0067.ckpt	0.55355170	0.57070000	ok
scratch_target_only_morgan_fixed	17	vcpi_0002	Ginkgo VCPI vcpi-0002 (tvc-kdl-010)	lpm_paper10_morgan_fixed_scratch_vcpi_0002_seed17_molholdout_h100_1x_bs4096_200epoch_lustre	/ictstr01/groups/ml01/workspace/artur.szalata/code/chem-perturbridge_lpm/.plib_cache/results/lpm_paper10_morgan_fixed_scratch_vcpi_0002_seed17_molholdout_h100_1x_bs4096_200epoch_lustre/LPM_87b6749972acb0c0/seed_17/checkpoints/best-validation-rmse-epoch0018.ckpt	0.51006839		ok
scratch_target_only_morgan_fixed	19	cigs_mce	CIGS MCE	lpm_paper10_morgan_fixed_scratch_cigs_mce_seed19_molholdout_h100_2x_bs4096_200epoch_lustre	/ictstr01/groups/ml01/workspace/artur.szalata/code/chem-perturbridge_lpm/.plib_cache/results/lpm_paper10_morgan_fixed_scratch_cigs_mce_seed19_molholdout_h100_2x_bs4096_200epoch_lustre/LPM_4ffd9504deec4d96/seed_19/checkpoints/best-validation-rmse-epoch0199.ckpt	0.58664269	0.57220000	ok
scratch_target_only_morgan_fixed	19	cigs_tcm	CIGS TCM	lpm_paper10_morgan_fixed_scratch_cigs_tcm_seed19_molholdout_h100_2x_bs4096_200epoch_lustre	/ictstr01/groups/ml01/workspace/artur.szalata/code/chem-perturbridge_lpm/.plib_cache/results/lpm_paper10_morgan_fixed_scratch_cigs_tcm_seed19_molholdout_h100_2x_bs4096_200epoch_lustre/LPM_56a05b0b149ec683/seed_19/checkpoints/best-validation-rmse-epoch0064.ckpt	0.44842854	0.40780000	ok
scratch_target_only_morgan_fixed	19	dilimap_train	dilimap_train	lpm_paper10_morgan_fixed_scratch_dilimap_train_seed19_molholdout_h100_1x_bs4096_200epoch_lustre	/ictstr01/groups/ml01/workspace/artur.szalata/code/chem-perturbridge_lpm/.plib_cache/results/lpm_paper10_morgan_fixed_scratch_dilimap_train_seed19_molholdout_h100_1x_bs4096_200epoch_lustre/LPM_a66756a97d99dab2/seed_19/checkpoints/best-validation-rmse-epoch0167.ckpt	0.58400858	0.61070000	ok
scratch_target_only_morgan_fixed	19	gdpx2	Ginkgo GDPx2	lpm_paper10_morgan_fixed_scratch_gdpx2_seed19_molholdout_h100_2x_bs4096_200epoch_lustre	/ictstr01/groups/ml01/workspace/artur.szalata/code/chem-perturbridge_lpm/.plib_cache/results/lpm_paper10_morgan_fixed_scratch_gdpx2_seed19_molholdout_h100_2x_bs4096_200epoch_lustre/LPM_f186910f1c7c43dc/seed_19/checkpoints/best-validation-rmse-epoch0157.ckpt	0.57374220	0.43160000	ok
scratch_target_only_morgan_fixed	19	lincs_phase1	LINCS_phase1_level3_epsilon	lpm_paper10_morgan_fixed_scratch_lincs_phase1_seed19_molholdout_h100_2x_bs4096_200epoch_lustre	/ictstr01/groups/ml01/workspace/artur.szalata/code/chem-perturbridge_lpm/.plib_cache/results/lpm_paper10_morgan_fixed_scratch_lincs_phase1_seed19_molholdout_h100_2x_bs4096_200epoch_lustre/LPM_7a9ee774e1b5a3d4/seed_19/checkpoints/best-validation-rmse-epoch0038.ckpt	0.61358200	0.62880000	ok
scratch_target_only_morgan_fixed	19	lincs_phase2	LINCS_phase2_level3	lpm_paper10_morgan_fixed_scratch_lincs_phase2_seed19_molholdout_h100_2x_bs4096_200epoch_lustre	/ictstr01/groups/ml01/workspace/artur.szalata/code/chem-perturbridge_lpm/.plib_cache/results/lpm_paper10_morgan_fixed_scratch_lincs_phase2_seed19_molholdout_h100_2x_bs4096_200epoch_lustre/LPM_82be1dc0a3e46f18/seed_19/checkpoints/best-validation-rmse-epoch0028.ckpt	0.47104859	0.48600000	ok
scratch_target_only_morgan_fixed	19	novartis	Novartis MoABox DRUG-seq	lpm_paper10_morgan_fixed_scratch_novartis_seed19_molholdout_h100_1x_bs4096_200epoch_lustre	/ictstr01/groups/ml01/workspace/artur.szalata/code/chem-perturbridge_lpm/.plib_cache/results/lpm_paper10_morgan_fixed_scratch_novartis_seed19_molholdout_h100_1x_bs4096_200epoch_lustre/LPM_29795d8bd20f04e2/seed_19/checkpoints/best-validation-rmse-epoch0176.ckpt	0.67725956	0.53940000	ok
scratch_target_only_morgan_fixed	19	op3	op3	lpm_paper10_morgan_fixed_scratch_op3_seed19_molholdout_h100_2x_bs4096_200epoch_lustre	/ictstr01/groups/ml01/workspace/artur.szalata/code/chem-perturbridge_lpm/.plib_cache/results/lpm_paper10_morgan_fixed_scratch_op3_seed19_molholdout_h100_2x_bs4096_200epoch_lustre/LPM_aa5d05975328fd6a/seed_19/checkpoints/best-validation-rmse-epoch0112.ckpt	0.41452455	0.34650000	ok
scratch_target_only_morgan_fixed	19	sciplex	srivatsan20_sciplex3	lpm_paper10_morgan_fixed_scratch_sciplex_seed19_molholdout_h100_2x_bs4096_200epoch_lustre	/ictstr01/groups/ml01/workspace/artur.szalata/code/chem-perturbridge_lpm/.plib_cache/results/lpm_paper10_morgan_fixed_scratch_sciplex_seed19_molholdout_h100_2x_bs4096_200epoch_lustre/LPM_2a9a0306f7b8e0ba/seed_19/checkpoints/best-validation-rmse-epoch0199.ckpt	0.71453472	0.68400000	ok
scratch_target_only_morgan_fixed	19	tahoe100	tahoe100	lpm_paper10_morgan_fixed_scratch_tahoe100_seed19_molholdout_h100_2x_bs4096_200epoch_lustre	/ictstr01/groups/ml01/workspace/artur.szalata/code/chem-perturbridge_lpm/.plib_cache/results/lpm_paper10_morgan_fixed_scratch_tahoe100_seed19_molholdout_h100_2x_bs4096_200epoch_lustre/LPM_7f20ac800b2c881f/seed_19/checkpoints/best-validation-rmse-epoch0036.ckpt	0.74255297	0.73510000	ok
scratch_target_only_morgan_fixed	19	vcpi_0001	Ginkgo VCPI vcpi-0001 (tvc-bhr-009)	lpm_paper10_morgan_fixed_scratch_vcpi_0001_seed19_molholdout_h100_1x_bs4096_200epoch_lustre	/ictstr01/groups/ml01/workspace/artur.szalata/code/chem-perturbridge_lpm/.plib_cache/results/lpm_paper10_morgan_fixed_scratch_vcpi_0001_seed19_molholdout_h100_1x_bs4096_200epoch_lustre/LPM_e57a0003f26f991c/seed_19/checkpoints/best-validation-rmse-epoch0037.ckpt	0.55352737	0.57060000	ok
scratch_target_only_morgan_fixed	19	vcpi_0002	Ginkgo VCPI vcpi-0002 (tvc-kdl-010)	lpm_paper10_morgan_fixed_scratch_vcpi_0002_seed19_molholdout_h100_1x_bs4096_200epoch_lustre	/ictstr01/groups/ml01/workspace/artur.szalata/code/chem-perturbridge_lpm/.plib_cache/results/lpm_paper10_morgan_fixed_scratch_vcpi_0002_seed19_molholdout_h100_1x_bs4096_200epoch_lustre/LPM_87b6749972acb0c0/seed_19/checkpoints/best-validation-rmse-epoch0025.ckpt	0.50995372		ok
scratch_target_only_morgan_fixed	23	cigs_mce	CIGS MCE	lpm_paper10_morgan_fixed_scratch_cigs_mce_seed23_molholdout_h100_2x_bs4096_200epoch_lustre	/ictstr01/groups/ml01/workspace/artur.szalata/code/chem-perturbridge_lpm/.plib_cache/results/lpm_paper10_morgan_fixed_scratch_cigs_mce_seed23_molholdout_h100_2x_bs4096_200epoch_lustre/LPM_4ffd9504deec4d96/seed_23/checkpoints/best-validation-rmse-epoch0199.ckpt	0.58636543	0.57050000	ok
scratch_target_only_morgan_fixed	23	cigs_tcm	CIGS TCM	lpm_paper10_morgan_fixed_scratch_cigs_tcm_seed23_molholdout_h100_2x_bs4096_200epoch_lustre	/ictstr01/groups/ml01/workspace/artur.szalata/code/chem-perturbridge_lpm/.plib_cache/results/lpm_paper10_morgan_fixed_scratch_cigs_tcm_seed23_molholdout_h100_2x_bs4096_200epoch_lustre/LPM_56a05b0b149ec683/seed_23/checkpoints/best-validation-rmse-epoch0040.ckpt	0.44850832	0.40790000	ok
scratch_target_only_morgan_fixed	23	dilimap_train	dilimap_train	lpm_paper10_morgan_fixed_scratch_dilimap_train_seed23_molholdout_h100_1x_bs4096_200epoch_lustre	/ictstr01/groups/ml01/workspace/artur.szalata/code/chem-perturbridge_lpm/.plib_cache/results/lpm_paper10_morgan_fixed_scratch_dilimap_train_seed23_molholdout_h100_1x_bs4096_200epoch_lustre/LPM_a66756a97d99dab2/seed_23/checkpoints/best-validation-rmse-epoch0199.ckpt	0.58342860	0.61010000	ok
scratch_target_only_morgan_fixed	23	gdpx2	Ginkgo GDPx2	lpm_paper10_morgan_fixed_scratch_gdpx2_seed23_molholdout_h100_2x_bs4096_200epoch_lustre	/ictstr01/groups/ml01/workspace/artur.szalata/code/chem-perturbridge_lpm/.plib_cache/results/lpm_paper10_morgan_fixed_scratch_gdpx2_seed23_molholdout_h100_2x_bs4096_200epoch_lustre/LPM_f186910f1c7c43dc/seed_23/checkpoints/best-validation-rmse-epoch0110.ckpt	0.56959847	0.43300000	ok
scratch_target_only_morgan_fixed	23	lincs_phase1	LINCS_phase1_level3_epsilon	lpm_paper10_morgan_fixed_scratch_lincs_phase1_seed23_molholdout_h100_2x_bs4096_200epoch_lustre	/ictstr01/groups/ml01/workspace/artur.szalata/code/chem-perturbridge_lpm/.plib_cache/results/lpm_paper10_morgan_fixed_scratch_lincs_phase1_seed23_molholdout_h100_2x_bs4096_200epoch_lustre/LPM_7a9ee774e1b5a3d4/seed_23/checkpoints/best-validation-rmse-epoch0053.ckpt	0.61343671	0.62660000	ok
scratch_target_only_morgan_fixed	23	lincs_phase2	LINCS_phase2_level3	lpm_paper10_morgan_fixed_scratch_lincs_phase2_seed23_molholdout_h100_2x_bs4096_200epoch_lustre	/ictstr01/groups/ml01/workspace/artur.szalata/code/chem-perturbridge_lpm/.plib_cache/results/lpm_paper10_morgan_fixed_scratch_lincs_phase2_seed23_molholdout_h100_2x_bs4096_200epoch_lustre/LPM_82be1dc0a3e46f18/seed_23/checkpoints/best-validation-rmse-epoch0022.ckpt	0.47095976	0.48610000	ok
scratch_target_only_morgan_fixed	23	novartis	Novartis MoABox DRUG-seq	lpm_paper10_morgan_fixed_scratch_novartis_seed23_molholdout_h100_1x_bs4096_200epoch_lustre	/ictstr01/groups/ml01/workspace/artur.szalata/code/chem-perturbridge_lpm/.plib_cache/results/lpm_paper10_morgan_fixed_scratch_novartis_seed23_molholdout_h100_1x_bs4096_200epoch_lustre/LPM_29795d8bd20f04e2/seed_23/checkpoints/best-validation-rmse-epoch0174.ckpt	0.67728611	0.53950000	ok
scratch_target_only_morgan_fixed	23	op3	op3	lpm_paper10_morgan_fixed_scratch_op3_seed23_molholdout_h100_2x_bs4096_200epoch_lustre	/ictstr01/groups/ml01/workspace/artur.szalata/code/chem-perturbridge_lpm/.plib_cache/results/lpm_paper10_morgan_fixed_scratch_op3_seed23_molholdout_h100_2x_bs4096_200epoch_lustre/LPM_aa5d05975328fd6a/seed_23/checkpoints/best-validation-rmse-epoch0102.ckpt	0.41456031	0.34840000	ok
scratch_target_only_morgan_fixed	23	sciplex	srivatsan20_sciplex3	lpm_paper10_morgan_fixed_scratch_sciplex_seed23_molholdout_h100_2x_bs4096_200epoch_lustre	/ictstr01/groups/ml01/workspace/artur.szalata/code/chem-perturbridge_lpm/.plib_cache/results/lpm_paper10_morgan_fixed_scratch_sciplex_seed23_molholdout_h100_2x_bs4096_200epoch_lustre/LPM_2a9a0306f7b8e0ba/seed_23/checkpoints/best-validation-rmse-epoch0161.ckpt	0.71432093	0.68380000	ok
scratch_target_only_morgan_fixed	23	tahoe100	tahoe100	lpm_paper10_morgan_fixed_scratch_tahoe100_seed23_molholdout_h100_2x_bs4096_200epoch_lustre	/ictstr01/groups/ml01/workspace/artur.szalata/code/chem-perturbridge_lpm/.plib_cache/results/lpm_paper10_morgan_fixed_scratch_tahoe100_seed23_molholdout_h100_2x_bs4096_200epoch_lustre/LPM_7f20ac800b2c881f/seed_23/checkpoints/best-validation-rmse-epoch0044.ckpt	0.74216333	0.73450000	ok
scratch_target_only_morgan_fixed	23	vcpi_0001	Ginkgo VCPI vcpi-0001 (tvc-bhr-009)	lpm_paper10_morgan_fixed_scratch_vcpi_0001_seed23_molholdout_h100_1x_bs4096_200epoch_lustre	/ictstr01/groups/ml01/workspace/artur.szalata/code/chem-perturbridge_lpm/.plib_cache/results/lpm_paper10_morgan_fixed_scratch_vcpi_0001_seed23_molholdout_h100_1x_bs4096_200epoch_lustre/LPM_e57a0003f26f991c/seed_23/checkpoints/best-validation-rmse-epoch0035.ckpt	0.55352360	0.57070000	ok
scratch_target_only_morgan_fixed	23	vcpi_0002	Ginkgo VCPI vcpi-0002 (tvc-kdl-010)	lpm_paper10_morgan_fixed_scratch_vcpi_0002_seed23_molholdout_h100_1x_bs4096_200epoch_lustre	/ictstr01/groups/ml01/workspace/artur.szalata/code/chem-perturbridge_lpm/.plib_cache/results/lpm_paper10_morgan_fixed_scratch_vcpi_0002_seed23_molholdout_h100_1x_bs4096_200epoch_lustre/LPM_87b6749972acb0c0/seed_23/checkpoints/best-validation-rmse-epoch0017.ckpt	0.50995872		ok
scratch_target_only_morgan_fixed	29	cigs_mce	CIGS MCE	lpm_paper10_morgan_fixed_scratch_cigs_mce_seed29_molholdout_h100_2x_bs4096_200epoch_lustre	/ictstr01/groups/ml01/workspace/artur.szalata/code/chem-perturbridge_lpm/.plib_cache/results/lpm_paper10_morgan_fixed_scratch_cigs_mce_seed29_molholdout_h100_2x_bs4096_200epoch_lustre/LPM_4ffd9504deec4d96/seed_29/checkpoints/best-validation-rmse-epoch0199.ckpt	0.58647285	0.57380000	ok
scratch_target_only_morgan_fixed	29	cigs_tcm	CIGS TCM	lpm_paper10_morgan_fixed_scratch_cigs_tcm_seed29_molholdout_h100_2x_bs4096_200epoch_lustre	/ictstr01/groups/ml01/workspace/artur.szalata/code/chem-perturbridge_lpm/.plib_cache/results/lpm_paper10_morgan_fixed_scratch_cigs_tcm_seed29_molholdout_h100_2x_bs4096_200epoch_lustre/LPM_56a05b0b149ec683/seed_29/checkpoints/best-validation-rmse-epoch0051.ckpt	0.44845749	0.40780000	ok
scratch_target_only_morgan_fixed	29	dilimap_train	dilimap_train	lpm_paper10_morgan_fixed_scratch_dilimap_train_seed29_molholdout_h100_1x_bs4096_200epoch_lustre	/ictstr01/groups/ml01/workspace/artur.szalata/code/chem-perturbridge_lpm/.plib_cache/results/lpm_paper10_morgan_fixed_scratch_dilimap_train_seed29_molholdout_h100_1x_bs4096_200epoch_lustre/LPM_a66756a97d99dab2/seed_29/checkpoints/best-validation-rmse-epoch0199.ckpt	0.58257877	0.60910000	ok
scratch_target_only_morgan_fixed	29	gdpx2	Ginkgo GDPx2	lpm_paper10_morgan_fixed_scratch_gdpx2_seed29_molholdout_h100_2x_bs4096_200epoch_lustre	/ictstr01/groups/ml01/workspace/artur.szalata/code/chem-perturbridge_lpm/.plib_cache/results/lpm_paper10_morgan_fixed_scratch_gdpx2_seed29_molholdout_h100_2x_bs4096_200epoch_lustre/LPM_f186910f1c7c43dc/seed_29/checkpoints/best-validation-rmse-epoch0051.ckpt	0.57087590	0.43080000	ok
scratch_target_only_morgan_fixed	29	lincs_phase1	LINCS_phase1_level3_epsilon	lpm_paper10_morgan_fixed_scratch_lincs_phase1_seed29_molholdout_h100_2x_bs4096_200epoch_lustre	/ictstr01/groups/ml01/workspace/artur.szalata/code/chem-perturbridge_lpm/.plib_cache/results/lpm_paper10_morgan_fixed_scratch_lincs_phase1_seed29_molholdout_h100_2x_bs4096_200epoch_lustre/LPM_7a9ee774e1b5a3d4/seed_29/checkpoints/best-validation-rmse-epoch0079.ckpt	0.61517062	0.62790000	ok
scratch_target_only_morgan_fixed	29	lincs_phase2	LINCS_phase2_level3	lpm_paper10_morgan_fixed_scratch_lincs_phase2_seed29_molholdout_h100_2x_bs4096_200epoch_lustre	/ictstr01/groups/ml01/workspace/artur.szalata/code/chem-perturbridge_lpm/.plib_cache/results/lpm_paper10_morgan_fixed_scratch_lincs_phase2_seed29_molholdout_h100_2x_bs4096_200epoch_lustre/LPM_82be1dc0a3e46f18/seed_29/checkpoints/best-validation-rmse-epoch0016.ckpt	0.47100935	0.48570000	ok
scratch_target_only_morgan_fixed	29	novartis	Novartis MoABox DRUG-seq	lpm_paper10_morgan_fixed_scratch_novartis_seed29_molholdout_h100_1x_bs4096_200epoch_lustre	/ictstr01/groups/ml01/workspace/artur.szalata/code/chem-perturbridge_lpm/.plib_cache/results/lpm_paper10_morgan_fixed_scratch_novartis_seed29_molholdout_h100_1x_bs4096_200epoch_lustre/LPM_29795d8bd20f04e2/seed_29/checkpoints/best-validation-rmse-epoch0174.ckpt	0.67778545	0.54020000	ok
scratch_target_only_morgan_fixed	29	op3	op3	lpm_paper10_morgan_fixed_scratch_op3_seed29_molholdout_h100_2x_bs4096_200epoch_lustre	/ictstr01/groups/ml01/workspace/artur.szalata/code/chem-perturbridge_lpm/.plib_cache/results/lpm_paper10_morgan_fixed_scratch_op3_seed29_molholdout_h100_2x_bs4096_200epoch_lustre/LPM_aa5d05975328fd6a/seed_29/checkpoints/best-validation-rmse-epoch0137.ckpt	0.41469668	0.34600000	ok
scratch_target_only_morgan_fixed	29	sciplex	srivatsan20_sciplex3	lpm_paper10_morgan_fixed_scratch_sciplex_seed29_molholdout_h100_2x_bs4096_200epoch_lustre	/ictstr01/groups/ml01/workspace/artur.szalata/code/chem-perturbridge_lpm/.plib_cache/results/lpm_paper10_morgan_fixed_scratch_sciplex_seed29_molholdout_h100_2x_bs4096_200epoch_lustre/LPM_2a9a0306f7b8e0ba/seed_29/checkpoints/best-validation-rmse-epoch0190.ckpt	0.71440537	0.68320000	ok
scratch_target_only_morgan_fixed	29	tahoe100	tahoe100	lpm_paper10_morgan_fixed_scratch_tahoe100_seed29_molholdout_h100_2x_bs4096_200epoch_lustre	/ictstr01/groups/ml01/workspace/artur.szalata/code/chem-perturbridge_lpm/.plib_cache/results/lpm_paper10_morgan_fixed_scratch_tahoe100_seed29_molholdout_h100_2x_bs4096_200epoch_lustre/LPM_7f20ac800b2c881f/seed_29/checkpoints/best-validation-rmse-epoch0043.ckpt	0.74194841	0.73430000	ok
scratch_target_only_morgan_fixed	29	vcpi_0001	Ginkgo VCPI vcpi-0001 (tvc-bhr-009)	lpm_paper10_morgan_fixed_scratch_vcpi_0001_seed29_molholdout_h100_1x_bs4096_200epoch_lustre	/ictstr01/groups/ml01/workspace/artur.szalata/code/chem-perturbridge_lpm/.plib_cache/results/lpm_paper10_morgan_fixed_scratch_vcpi_0001_seed29_molholdout_h100_1x_bs4096_200epoch_lustre/LPM_e57a0003f26f991c/seed_29/checkpoints/best-validation-rmse-epoch0062.ckpt	0.55354876	0.57070000	ok
scratch_target_only_morgan_fixed	29	vcpi_0002	Ginkgo VCPI vcpi-0002 (tvc-kdl-010)	lpm_paper10_morgan_fixed_scratch_vcpi_0002_seed29_molholdout_h100_1x_bs4096_200epoch_lustre	/ictstr01/groups/ml01/workspace/artur.szalata/code/chem-perturbridge_lpm/.plib_cache/results/lpm_paper10_morgan_fixed_scratch_vcpi_0002_seed29_molholdout_h100_1x_bs4096_200epoch_lustre/LPM_87b6749972acb0c0/seed_29/checkpoints/best-validation-rmse-epoch0017.ckpt	0.51001589		ok
scratch_target_only_morgan_fixed	31	cigs_mce	CIGS MCE	lpm_paper10_morgan_fixed_scratch_cigs_mce_seed31_molholdout_h100_2x_bs4096_200epoch_lustre	/ictstr01/groups/ml01/workspace/artur.szalata/code/chem-perturbridge_lpm/.plib_cache/results/lpm_paper10_morgan_fixed_scratch_cigs_mce_seed31_molholdout_h100_2x_bs4096_200epoch_lustre/LPM_4ffd9504deec4d96/seed_31/checkpoints/best-validation-rmse-epoch0199.ckpt	0.58655888	0.56900000	ok
scratch_target_only_morgan_fixed	31	cigs_tcm	CIGS TCM	lpm_paper10_morgan_fixed_scratch_cigs_tcm_seed31_molholdout_h100_2x_bs4096_200epoch_lustre	/ictstr01/groups/ml01/workspace/artur.szalata/code/chem-perturbridge_lpm/.plib_cache/results/lpm_paper10_morgan_fixed_scratch_cigs_tcm_seed31_molholdout_h100_2x_bs4096_200epoch_lustre/LPM_56a05b0b149ec683/seed_31/checkpoints/best-validation-rmse-epoch0082.ckpt	0.44849173	0.40790000	ok
scratch_target_only_morgan_fixed	31	dilimap_train	dilimap_train	lpm_paper10_morgan_fixed_scratch_dilimap_train_seed31_molholdout_h100_1x_bs4096_200epoch_lustre	/ictstr01/groups/ml01/workspace/artur.szalata/code/chem-perturbridge_lpm/.plib_cache/results/lpm_paper10_morgan_fixed_scratch_dilimap_train_seed31_molholdout_h100_1x_bs4096_200epoch_lustre/LPM_a66756a97d99dab2/seed_31/checkpoints/best-validation-rmse-epoch0199.ckpt	0.58333896	0.60960000	ok
scratch_target_only_morgan_fixed	31	gdpx2	Ginkgo GDPx2	lpm_paper10_morgan_fixed_scratch_gdpx2_seed31_molholdout_h100_2x_bs4096_200epoch_lustre	/ictstr01/groups/ml01/workspace/artur.szalata/code/chem-perturbridge_lpm/.plib_cache/results/lpm_paper10_morgan_fixed_scratch_gdpx2_seed31_molholdout_h100_2x_bs4096_200epoch_lustre/LPM_f186910f1c7c43dc/seed_31/checkpoints/best-validation-rmse-epoch0029.ckpt	0.56793306	0.42990000	ok
scratch_target_only_morgan_fixed	31	lincs_phase1	LINCS_phase1_level3_epsilon	lpm_paper10_morgan_fixed_scratch_lincs_phase1_seed31_molholdout_h100_2x_bs4096_200epoch_lustre	/ictstr01/groups/ml01/workspace/artur.szalata/code/chem-perturbridge_lpm/.plib_cache/results/lpm_paper10_morgan_fixed_scratch_lincs_phase1_seed31_molholdout_h100_2x_bs4096_200epoch_lustre/LPM_7a9ee774e1b5a3d4/seed_31/checkpoints/best-validation-rmse-epoch0044.ckpt	0.61381108	0.62650000	ok
scratch_target_only_morgan_fixed	31	lincs_phase2	LINCS_phase2_level3	lpm_paper10_morgan_fixed_scratch_lincs_phase2_seed31_molholdout_h100_2x_bs4096_200epoch_lustre	/ictstr01/groups/ml01/workspace/artur.szalata/code/chem-perturbridge_lpm/.plib_cache/results/lpm_paper10_morgan_fixed_scratch_lincs_phase2_seed31_molholdout_h100_2x_bs4096_200epoch_lustre/LPM_82be1dc0a3e46f18/seed_31/checkpoints/best-validation-rmse-epoch0019.ckpt	0.47147007	0.48610000	ok
scratch_target_only_morgan_fixed	31	novartis	Novartis MoABox DRUG-seq	lpm_paper10_morgan_fixed_scratch_novartis_seed31_molholdout_h100_1x_bs4096_200epoch_lustre	/ictstr01/groups/ml01/workspace/artur.szalata/code/chem-perturbridge_lpm/.plib_cache/results/lpm_paper10_morgan_fixed_scratch_novartis_seed31_molholdout_h100_1x_bs4096_200epoch_lustre/LPM_29795d8bd20f04e2/seed_31/checkpoints/best-validation-rmse-epoch0199.ckpt	0.67692154	0.53900000	ok
scratch_target_only_morgan_fixed	31	op3	op3	lpm_paper10_morgan_fixed_scratch_op3_seed31_molholdout_h100_2x_bs4096_200epoch_lustre	/ictstr01/groups/ml01/workspace/artur.szalata/code/chem-perturbridge_lpm/.plib_cache/results/lpm_paper10_morgan_fixed_scratch_op3_seed31_molholdout_h100_2x_bs4096_200epoch_lustre/LPM_aa5d05975328fd6a/seed_31/checkpoints/best-validation-rmse-epoch0077.ckpt	0.41446036	0.34570000	ok
scratch_target_only_morgan_fixed	31	sciplex	srivatsan20_sciplex3	lpm_paper10_morgan_fixed_scratch_sciplex_seed31_molholdout_h100_2x_bs4096_200epoch_lustre	/ictstr01/groups/ml01/workspace/artur.szalata/code/chem-perturbridge_lpm/.plib_cache/results/lpm_paper10_morgan_fixed_scratch_sciplex_seed31_molholdout_h100_2x_bs4096_200epoch_lustre/LPM_2a9a0306f7b8e0ba/seed_31/checkpoints/best-validation-rmse-epoch0199.ckpt	0.71380072	0.68440000	ok
scratch_target_only_morgan_fixed	31	tahoe100	tahoe100	lpm_paper10_morgan_fixed_scratch_tahoe100_seed31_molholdout_h100_2x_bs4096_200epoch_lustre	/ictstr01/groups/ml01/workspace/artur.szalata/code/chem-perturbridge_lpm/.plib_cache/results/lpm_paper10_morgan_fixed_scratch_tahoe100_seed31_molholdout_h100_2x_bs4096_200epoch_lustre/LPM_7f20ac800b2c881f/seed_31/checkpoints/best-validation-rmse-epoch0030.ckpt	0.74134891	0.73360000	ok
scratch_target_only_morgan_fixed	31	vcpi_0001	Ginkgo VCPI vcpi-0001 (tvc-bhr-009)	lpm_paper10_morgan_fixed_scratch_vcpi_0001_seed31_molholdout_h100_1x_bs4096_200epoch_lustre	/ictstr01/groups/ml01/workspace/artur.szalata/code/chem-perturbridge_lpm/.plib_cache/results/lpm_paper10_morgan_fixed_scratch_vcpi_0001_seed31_molholdout_h100_1x_bs4096_200epoch_lustre/LPM_e57a0003f26f991c/seed_31/checkpoints/best-validation-rmse-epoch0052.ckpt	0.55354743	0.57070000	ok
scratch_target_only_morgan_fixed	31	vcpi_0002	Ginkgo VCPI vcpi-0002 (tvc-kdl-010)	lpm_paper10_morgan_fixed_scratch_vcpi_0002_seed31_molholdout_h100_1x_bs4096_200epoch_lustre	/ictstr01/groups/ml01/workspace/artur.szalata/code/chem-perturbridge_lpm/.plib_cache/results/lpm_paper10_morgan_fixed_scratch_vcpi_0002_seed31_molholdout_h100_1x_bs4096_200epoch_lustre/LPM_87b6749972acb0c0/seed_31/checkpoints/best-validation-rmse-epoch0027.ckpt	0.50998157		ok
scratch_target_only_morgan_fixed	37	cigs_mce	CIGS MCE	lpm_paper10_morgan_fixed_scratch_cigs_mce_seed37_molholdout_h100_2x_bs4096_200epoch_lustre	/ictstr01/groups/ml01/workspace/artur.szalata/code/chem-perturbridge_lpm/.plib_cache/results/lpm_paper10_morgan_fixed_scratch_cigs_mce_seed37_molholdout_h100_2x_bs4096_200epoch_lustre/LPM_4ffd9504deec4d96/seed_37/checkpoints/best-validation-rmse-epoch0199.ckpt	0.58629027	0.57160000	ok
scratch_target_only_morgan_fixed	37	cigs_tcm	CIGS TCM	lpm_paper10_morgan_fixed_scratch_cigs_tcm_seed37_molholdout_h100_2x_bs4096_200epoch_lustre	/ictstr01/groups/ml01/workspace/artur.szalata/code/chem-perturbridge_lpm/.plib_cache/results/lpm_paper10_morgan_fixed_scratch_cigs_tcm_seed37_molholdout_h100_2x_bs4096_200epoch_lustre/LPM_56a05b0b149ec683/seed_37/checkpoints/best-validation-rmse-epoch0039.ckpt	0.44846179	0.40790000	ok
scratch_target_only_morgan_fixed	37	dilimap_train	dilimap_train	lpm_paper10_morgan_fixed_scratch_dilimap_train_seed37_molholdout_h100_1x_bs4096_200epoch_lustre	/ictstr01/groups/ml01/workspace/artur.szalata/code/chem-perturbridge_lpm/.plib_cache/results/lpm_paper10_morgan_fixed_scratch_dilimap_train_seed37_molholdout_h100_1x_bs4096_200epoch_lustre/LPM_a66756a97d99dab2/seed_37/checkpoints/best-validation-rmse-epoch0199.ckpt	0.58294328	0.60960000	ok
scratch_target_only_morgan_fixed	37	gdpx2	Ginkgo GDPx2	lpm_paper10_morgan_fixed_scratch_gdpx2_seed37_molholdout_h100_2x_bs4096_200epoch_lustre	/ictstr01/groups/ml01/workspace/artur.szalata/code/chem-perturbridge_lpm/.plib_cache/results/lpm_paper10_morgan_fixed_scratch_gdpx2_seed37_molholdout_h100_2x_bs4096_200epoch_lustre/LPM_f186910f1c7c43dc/seed_37/checkpoints/best-validation-rmse-epoch0115.ckpt	0.56963361	0.43250000	ok
scratch_target_only_morgan_fixed	37	lincs_phase1	LINCS_phase1_level3_epsilon	lpm_paper10_morgan_fixed_scratch_lincs_phase1_seed37_molholdout_h100_2x_bs4096_200epoch_lustre	/ictstr01/groups/ml01/workspace/artur.szalata/code/chem-perturbridge_lpm/.plib_cache/results/lpm_paper10_morgan_fixed_scratch_lincs_phase1_seed37_molholdout_h100_2x_bs4096_200epoch_lustre/LPM_7a9ee774e1b5a3d4/seed_37/checkpoints/best-validation-rmse-epoch0110.ckpt	0.61256226	0.62580000	ok
scratch_target_only_morgan_fixed	37	lincs_phase2	LINCS_phase2_level3	lpm_paper10_morgan_fixed_scratch_lincs_phase2_seed37_molholdout_h100_2x_bs4096_200epoch_lustre	/ictstr01/groups/ml01/workspace/artur.szalata/code/chem-perturbridge_lpm/.plib_cache/results/lpm_paper10_morgan_fixed_scratch_lincs_phase2_seed37_molholdout_h100_2x_bs4096_200epoch_lustre/LPM_82be1dc0a3e46f18/seed_37/checkpoints/best-validation-rmse-epoch0040.ckpt	0.47081716	0.48680000	ok
scratch_target_only_morgan_fixed	37	novartis	Novartis MoABox DRUG-seq	lpm_paper10_morgan_fixed_scratch_novartis_seed37_molholdout_h100_1x_bs4096_200epoch_lustre	/ictstr01/groups/ml01/workspace/artur.szalata/code/chem-perturbridge_lpm/.plib_cache/results/lpm_paper10_morgan_fixed_scratch_novartis_seed37_molholdout_h100_1x_bs4096_200epoch_lustre/LPM_29795d8bd20f04e2/seed_37/checkpoints/best-validation-rmse-epoch0174.ckpt	0.67822619	0.54070000	ok
scratch_target_only_morgan_fixed	37	op3	op3	lpm_paper10_morgan_fixed_scratch_op3_seed37_molholdout_h100_2x_bs4096_200epoch_lustre	/ictstr01/groups/ml01/workspace/artur.szalata/code/chem-perturbridge_lpm/.plib_cache/results/lpm_paper10_morgan_fixed_scratch_op3_seed37_molholdout_h100_2x_bs4096_200epoch_lustre/LPM_aa5d05975328fd6a/seed_37/checkpoints/best-validation-rmse-epoch0096.ckpt	0.41486820	0.34760000	ok
scratch_target_only_morgan_fixed	37	sciplex	srivatsan20_sciplex3	lpm_paper10_morgan_fixed_scratch_sciplex_seed37_molholdout_h100_2x_bs4096_200epoch_lustre	/ictstr01/groups/ml01/workspace/artur.szalata/code/chem-perturbridge_lpm/.plib_cache/results/lpm_paper10_morgan_fixed_scratch_sciplex_seed37_molholdout_h100_2x_bs4096_200epoch_lustre/LPM_2a9a0306f7b8e0ba/seed_37/checkpoints/best-validation-rmse-epoch0191.ckpt	0.71449549	0.68490000	ok
scratch_target_only_morgan_fixed	37	tahoe100	tahoe100	lpm_paper10_morgan_fixed_scratch_tahoe100_seed37_molholdout_h100_2x_bs4096_200epoch_lustre	/ictstr01/groups/ml01/workspace/artur.szalata/code/chem-perturbridge_lpm/.plib_cache/results/lpm_paper10_morgan_fixed_scratch_tahoe100_seed37_molholdout_h100_2x_bs4096_200epoch_lustre/LPM_7f20ac800b2c881f/seed_37/checkpoints/best-validation-rmse-epoch0042.ckpt	0.74238020	0.73500000	ok
scratch_target_only_morgan_fixed	37	vcpi_0001	Ginkgo VCPI vcpi-0001 (tvc-bhr-009)	lpm_paper10_morgan_fixed_scratch_vcpi_0001_seed37_molholdout_h100_1x_bs4096_200epoch_lustre	/ictstr01/groups/ml01/workspace/artur.szalata/code/chem-perturbridge_lpm/.plib_cache/results/lpm_paper10_morgan_fixed_scratch_vcpi_0001_seed37_molholdout_h100_1x_bs4096_200epoch_lustre/LPM_e57a0003f26f991c/seed_37/checkpoints/best-validation-rmse-epoch0023.ckpt	0.55350265	0.57070000	ok
scratch_target_only_morgan_fixed	37	vcpi_0002	Ginkgo VCPI vcpi-0002 (tvc-kdl-010)	lpm_paper10_morgan_fixed_scratch_vcpi_0002_seed37_molholdout_h100_1x_bs4096_200epoch_lustre	/ictstr01/groups/ml01/workspace/artur.szalata/code/chem-perturbridge_lpm/.plib_cache/results/lpm_paper10_morgan_fixed_scratch_vcpi_0002_seed37_molholdout_h100_1x_bs4096_200epoch_lustre/LPM_87b6749972acb0c0/seed_37/checkpoints/best-validation-rmse-epoch0021.ckpt	0.51010652		ok
scratch_target_only_morgan_fixed	41	cigs_mce	CIGS MCE	lpm_paper10_morgan_fixed_scratch_cigs_mce_seed41_molholdout_h100_2x_bs4096_200epoch_lustre	/ictstr01/groups/ml01/workspace/artur.szalata/code/chem-perturbridge_lpm/.plib_cache/results/lpm_paper10_morgan_fixed_scratch_cigs_mce_seed41_molholdout_h100_2x_bs4096_200epoch_lustre/LPM_4ffd9504deec4d96/seed_41/checkpoints/best-validation-rmse-epoch0199.ckpt	0.58640376	0.56810000	ok
scratch_target_only_morgan_fixed	41	cigs_tcm	CIGS TCM	lpm_paper10_morgan_fixed_scratch_cigs_tcm_seed41_molholdout_h100_2x_bs4096_200epoch_lustre	/ictstr01/groups/ml01/workspace/artur.szalata/code/chem-perturbridge_lpm/.plib_cache/results/lpm_paper10_morgan_fixed_scratch_cigs_tcm_seed41_molholdout_h100_2x_bs4096_200epoch_lustre/LPM_56a05b0b149ec683/seed_41/checkpoints/best-validation-rmse-epoch0093.ckpt	0.44852781	0.40790000	ok
scratch_target_only_morgan_fixed	41	dilimap_train	dilimap_train	lpm_paper10_morgan_fixed_scratch_dilimap_train_seed41_molholdout_h100_1x_bs4096_200epoch_lustre	/ictstr01/groups/ml01/workspace/artur.szalata/code/chem-perturbridge_lpm/.plib_cache/results/lpm_paper10_morgan_fixed_scratch_dilimap_train_seed41_molholdout_h100_1x_bs4096_200epoch_lustre/LPM_a66756a97d99dab2/seed_41/checkpoints/best-validation-rmse-epoch0199.ckpt	0.58297721	0.61020000	ok
scratch_target_only_morgan_fixed	41	gdpx2	Ginkgo GDPx2	lpm_paper10_morgan_fixed_scratch_gdpx2_seed41_molholdout_h100_2x_bs4096_200epoch_lustre	/ictstr01/groups/ml01/workspace/artur.szalata/code/chem-perturbridge_lpm/.plib_cache/results/lpm_paper10_morgan_fixed_scratch_gdpx2_seed41_molholdout_h100_2x_bs4096_200epoch_lustre/LPM_f186910f1c7c43dc/seed_41/checkpoints/best-validation-rmse-epoch0049.ckpt	0.57348913	0.43180000	ok
scratch_target_only_morgan_fixed	41	lincs_phase1	LINCS_phase1_level3_epsilon	lpm_paper10_morgan_fixed_scratch_lincs_phase1_seed41_molholdout_h100_2x_bs4096_200epoch_lustre	/ictstr01/groups/ml01/workspace/artur.szalata/code/chem-perturbridge_lpm/.plib_cache/results/lpm_paper10_morgan_fixed_scratch_lincs_phase1_seed41_molholdout_h100_2x_bs4096_200epoch_lustre/LPM_7a9ee774e1b5a3d4/seed_41/checkpoints/best-validation-rmse-epoch0073.ckpt	0.61319005	0.62670000	ok
scratch_target_only_morgan_fixed	41	lincs_phase2	LINCS_phase2_level3	lpm_paper10_morgan_fixed_scratch_lincs_phase2_seed41_molholdout_h100_2x_bs4096_200epoch_lustre	/ictstr01/groups/ml01/workspace/artur.szalata/code/chem-perturbridge_lpm/.plib_cache/results/lpm_paper10_morgan_fixed_scratch_lincs_phase2_seed41_molholdout_h100_2x_bs4096_200epoch_lustre/LPM_82be1dc0a3e46f18/seed_41/checkpoints/best-validation-rmse-epoch0019.ckpt	0.47114153	0.48630000	ok
scratch_target_only_morgan_fixed	41	novartis	Novartis MoABox DRUG-seq	lpm_paper10_morgan_fixed_scratch_novartis_seed41_molholdout_h100_1x_bs4096_200epoch_lustre	/ictstr01/groups/ml01/workspace/artur.szalata/code/chem-perturbridge_lpm/.plib_cache/results/lpm_paper10_morgan_fixed_scratch_novartis_seed41_molholdout_h100_1x_bs4096_200epoch_lustre/LPM_29795d8bd20f04e2/seed_41/checkpoints/best-validation-rmse-epoch0174.ckpt	0.67785653	0.54020000	ok
scratch_target_only_morgan_fixed	41	op3	op3	lpm_paper10_morgan_fixed_scratch_op3_seed41_molholdout_h100_2x_bs4096_200epoch_lustre	/ictstr01/groups/ml01/workspace/artur.szalata/code/chem-perturbridge_lpm/.plib_cache/results/lpm_paper10_morgan_fixed_scratch_op3_seed41_molholdout_h100_2x_bs4096_200epoch_lustre/LPM_aa5d05975328fd6a/seed_41/checkpoints/best-validation-rmse-epoch0065.ckpt	0.41404007	0.34680000	ok
scratch_target_only_morgan_fixed	41	sciplex	srivatsan20_sciplex3	lpm_paper10_morgan_fixed_scratch_sciplex_seed41_molholdout_h100_2x_bs4096_200epoch_lustre	/ictstr01/groups/ml01/workspace/artur.szalata/code/chem-perturbridge_lpm/.plib_cache/results/lpm_paper10_morgan_fixed_scratch_sciplex_seed41_molholdout_h100_2x_bs4096_200epoch_lustre/LPM_2a9a0306f7b8e0ba/seed_41/checkpoints/best-validation-rmse-epoch0199.ckpt	0.71778020	0.68550000	ok
scratch_target_only_morgan_fixed	41	tahoe100	tahoe100	lpm_paper10_morgan_fixed_scratch_tahoe100_seed41_molholdout_h100_2x_bs4096_200epoch_lustre	/ictstr01/groups/ml01/workspace/artur.szalata/code/chem-perturbridge_lpm/.plib_cache/results/lpm_paper10_morgan_fixed_scratch_tahoe100_seed41_molholdout_h100_2x_bs4096_200epoch_lustre/LPM_7f20ac800b2c881f/seed_41/checkpoints/best-validation-rmse-epoch0038.ckpt	0.74189259	0.73450000	ok
scratch_target_only_morgan_fixed	41	vcpi_0001	Ginkgo VCPI vcpi-0001 (tvc-bhr-009)	lpm_paper10_morgan_fixed_scratch_vcpi_0001_seed41_molholdout_h100_1x_bs4096_200epoch_lustre	/ictstr01/groups/ml01/workspace/artur.szalata/code/chem-perturbridge_lpm/.plib_cache/results/lpm_paper10_morgan_fixed_scratch_vcpi_0001_seed41_molholdout_h100_1x_bs4096_200epoch_lustre/LPM_e57a0003f26f991c/seed_41/checkpoints/best-validation-rmse-epoch0052.ckpt	0.55350848	0.57070000	ok
scratch_target_only_morgan_fixed	41	vcpi_0002	Ginkgo VCPI vcpi-0002 (tvc-kdl-010)	lpm_paper10_morgan_fixed_scratch_vcpi_0002_seed41_molholdout_h100_1x_bs4096_200epoch_lustre	/ictstr01/groups/ml01/workspace/artur.szalata/code/chem-perturbridge_lpm/.plib_cache/results/lpm_paper10_morgan_fixed_scratch_vcpi_0002_seed41_molholdout_h100_1x_bs4096_200epoch_lustre/LPM_87b6749972acb0c0/seed_41/checkpoints/best-validation-rmse-epoch0025.ckpt	0.50989789		ok
scratch_target_only_morgan_fixed	43	cigs_mce	CIGS MCE	lpm_paper10_morgan_fixed_scratch_cigs_mce_seed43_molholdout_h100_2x_bs4096_200epoch_lustre	/ictstr01/groups/ml01/workspace/artur.szalata/code/chem-perturbridge_lpm/.plib_cache/results/lpm_paper10_morgan_fixed_scratch_cigs_mce_seed43_molholdout_h100_2x_bs4096_200epoch_lustre/LPM_4ffd9504deec4d96/seed_43/checkpoints/best-validation-rmse-epoch0105.ckpt	0.58513955	0.57100000	ok
scratch_target_only_morgan_fixed	43	cigs_tcm	CIGS TCM	lpm_paper10_morgan_fixed_scratch_cigs_tcm_seed43_molholdout_h100_2x_bs4096_200epoch_lustre	/ictstr01/groups/ml01/workspace/artur.szalata/code/chem-perturbridge_lpm/.plib_cache/results/lpm_paper10_morgan_fixed_scratch_cigs_tcm_seed43_molholdout_h100_2x_bs4096_200epoch_lustre/LPM_56a05b0b149ec683/seed_43/checkpoints/best-validation-rmse-epoch0199.ckpt	0.44857573	0.40810000	ok
scratch_target_only_morgan_fixed	43	dilimap_train	dilimap_train	lpm_paper10_morgan_fixed_scratch_dilimap_train_seed43_molholdout_h100_1x_bs4096_200epoch_lustre	/ictstr01/groups/ml01/workspace/artur.szalata/code/chem-perturbridge_lpm/.plib_cache/results/lpm_paper10_morgan_fixed_scratch_dilimap_train_seed43_molholdout_h100_1x_bs4096_200epoch_lustre/LPM_a66756a97d99dab2/seed_43/checkpoints/best-validation-rmse-epoch0115.ckpt	0.58286916	0.60860000	ok
scratch_target_only_morgan_fixed	43	gdpx2	Ginkgo GDPx2	lpm_paper10_morgan_fixed_scratch_gdpx2_seed43_molholdout_h100_2x_bs4096_200epoch_lustre	/ictstr01/groups/ml01/workspace/artur.szalata/code/chem-perturbridge_lpm/.plib_cache/results/lpm_paper10_morgan_fixed_scratch_gdpx2_seed43_molholdout_h100_2x_bs4096_200epoch_lustre/LPM_f186910f1c7c43dc/seed_43/checkpoints/best-validation-rmse-epoch0024.ckpt	0.56602492	0.43560000	ok
scratch_target_only_morgan_fixed	43	lincs_phase1	LINCS_phase1_level3_epsilon	lpm_paper10_morgan_fixed_scratch_lincs_phase1_seed43_molholdout_h100_2x_bs4096_200epoch_lustre	/ictstr01/groups/ml01/workspace/artur.szalata/code/chem-perturbridge_lpm/.plib_cache/results/lpm_paper10_morgan_fixed_scratch_lincs_phase1_seed43_molholdout_h100_2x_bs4096_200epoch_lustre/LPM_7a9ee774e1b5a3d4/seed_43/checkpoints/best-validation-rmse-epoch0048.ckpt	0.61341660	0.62620000	ok
scratch_target_only_morgan_fixed	43	lincs_phase2	LINCS_phase2_level3	lpm_paper10_morgan_fixed_scratch_lincs_phase2_seed43_molholdout_h100_2x_bs4096_200epoch_lustre	/ictstr01/groups/ml01/workspace/artur.szalata/code/chem-perturbridge_lpm/.plib_cache/results/lpm_paper10_morgan_fixed_scratch_lincs_phase2_seed43_molholdout_h100_2x_bs4096_200epoch_lustre/LPM_82be1dc0a3e46f18/seed_43/checkpoints/best-validation-rmse-epoch0017.ckpt	0.47108193	0.48590000	ok
scratch_target_only_morgan_fixed	43	novartis	Novartis MoABox DRUG-seq	lpm_paper10_morgan_fixed_scratch_novartis_seed43_molholdout_h100_1x_bs4096_200epoch_lustre	/ictstr01/groups/ml01/workspace/artur.szalata/code/chem-perturbridge_lpm/.plib_cache/results/lpm_paper10_morgan_fixed_scratch_novartis_seed43_molholdout_h100_1x_bs4096_200epoch_lustre/LPM_29795d8bd20f04e2/seed_43/checkpoints/best-validation-rmse-epoch0173.ckpt	0.67664063	0.53860000	ok
scratch_target_only_morgan_fixed	43	op3	op3	lpm_paper10_morgan_fixed_scratch_op3_seed43_molholdout_h100_2x_bs4096_200epoch_lustre	/ictstr01/groups/ml01/workspace/artur.szalata/code/chem-perturbridge_lpm/.plib_cache/results/lpm_paper10_morgan_fixed_scratch_op3_seed43_molholdout_h100_2x_bs4096_200epoch_lustre/LPM_aa5d05975328fd6a/seed_43/checkpoints/best-validation-rmse-epoch0046.ckpt	0.41483416	0.34680000	ok
scratch_target_only_morgan_fixed	43	sciplex	srivatsan20_sciplex3	lpm_paper10_morgan_fixed_scratch_sciplex_seed43_molholdout_h100_2x_bs4096_200epoch_lustre	/ictstr01/groups/ml01/workspace/artur.szalata/code/chem-perturbridge_lpm/.plib_cache/results/lpm_paper10_morgan_fixed_scratch_sciplex_seed43_molholdout_h100_2x_bs4096_200epoch_lustre/LPM_2a9a0306f7b8e0ba/seed_43/checkpoints/best-validation-rmse-epoch0117.ckpt	0.71384754	0.68380000	ok
scratch_target_only_morgan_fixed	43	tahoe100	tahoe100	lpm_paper10_morgan_fixed_scratch_tahoe100_seed43_molholdout_h100_2x_bs4096_200epoch_lustre	/ictstr01/groups/ml01/workspace/artur.szalata/code/chem-perturbridge_lpm/.plib_cache/results/lpm_paper10_morgan_fixed_scratch_tahoe100_seed43_molholdout_h100_2x_bs4096_200epoch_lustre/LPM_7f20ac800b2c881f/seed_43/checkpoints/best-validation-rmse-epoch0027.ckpt	0.74145952	0.73080000	ok
scratch_target_only_morgan_fixed	43	vcpi_0001	Ginkgo VCPI vcpi-0001 (tvc-bhr-009)	lpm_paper10_morgan_fixed_scratch_vcpi_0001_seed43_molholdout_h100_1x_bs4096_200epoch_lustre	/ictstr01/groups/ml01/workspace/artur.szalata/code/chem-perturbridge_lpm/.plib_cache/results/lpm_paper10_morgan_fixed_scratch_vcpi_0001_seed43_molholdout_h100_1x_bs4096_200epoch_lustre/LPM_e57a0003f26f991c/seed_43/checkpoints/best-validation-rmse-epoch0040.ckpt	0.55358217	0.57070000	ok
scratch_target_only_morgan_fixed	43	vcpi_0002	Ginkgo VCPI vcpi-0002 (tvc-kdl-010)	lpm_paper10_morgan_fixed_scratch_vcpi_0002_seed43_molholdout_h100_1x_bs4096_200epoch_lustre	/ictstr01/groups/ml01/workspace/artur.szalata/code/chem-perturbridge_lpm/.plib_cache/results/lpm_paper10_morgan_fixed_scratch_vcpi_0002_seed43_molholdout_h100_1x_bs4096_200epoch_lustre/LPM_87b6749972acb0c0/seed_43/checkpoints/best-validation-rmse-epoch0027.ckpt	0.51000961		ok
scratch_target_only_morgan_fixed	47	cigs_mce	CIGS MCE	lpm_paper10_morgan_fixed_scratch_cigs_mce_seed47_molholdout_h100_2x_bs4096_200epoch_lustre	/ictstr01/groups/ml01/workspace/artur.szalata/code/chem-perturbridge_lpm/.plib_cache/results/lpm_paper10_morgan_fixed_scratch_cigs_mce_seed47_molholdout_h100_2x_bs4096_200epoch_lustre/LPM_4ffd9504deec4d96/seed_47/checkpoints/best-validation-rmse-epoch0199.ckpt	0.58651552	0.57310000	ok
scratch_target_only_morgan_fixed	47	cigs_tcm	CIGS TCM	lpm_paper10_morgan_fixed_scratch_cigs_tcm_seed47_molholdout_h100_2x_bs4096_200epoch_lustre	/ictstr01/groups/ml01/workspace/artur.szalata/code/chem-perturbridge_lpm/.plib_cache/results/lpm_paper10_morgan_fixed_scratch_cigs_tcm_seed47_molholdout_h100_2x_bs4096_200epoch_lustre/LPM_56a05b0b149ec683/seed_47/checkpoints/best-validation-rmse-epoch0048.ckpt	0.44834769	0.40780000	ok
scratch_target_only_morgan_fixed	47	dilimap_train	dilimap_train	lpm_paper10_morgan_fixed_scratch_dilimap_train_seed47_molholdout_h100_1x_bs4096_200epoch_lustre	/ictstr01/groups/ml01/workspace/artur.szalata/code/chem-perturbridge_lpm/.plib_cache/results/lpm_paper10_morgan_fixed_scratch_dilimap_train_seed47_molholdout_h100_1x_bs4096_200epoch_lustre/LPM_a66756a97d99dab2/seed_47/checkpoints/best-validation-rmse-epoch0199.ckpt	0.58316314	0.60940000	ok
scratch_target_only_morgan_fixed	47	gdpx2	Ginkgo GDPx2	lpm_paper10_morgan_fixed_scratch_gdpx2_seed47_molholdout_h100_2x_bs4096_200epoch_lustre	/ictstr01/groups/ml01/workspace/artur.szalata/code/chem-perturbridge_lpm/.plib_cache/results/lpm_paper10_morgan_fixed_scratch_gdpx2_seed47_molholdout_h100_2x_bs4096_200epoch_lustre/LPM_f186910f1c7c43dc/seed_47/checkpoints/best-validation-rmse-epoch0041.ckpt	0.56855580	0.43090000	ok
scratch_target_only_morgan_fixed	47	lincs_phase1	LINCS_phase1_level3_epsilon	lpm_paper10_morgan_fixed_scratch_lincs_phase1_seed47_molholdout_h100_2x_bs4096_200epoch_lustre	/ictstr01/groups/ml01/workspace/artur.szalata/code/chem-perturbridge_lpm/.plib_cache/results/lpm_paper10_morgan_fixed_scratch_lincs_phase1_seed47_molholdout_h100_2x_bs4096_200epoch_lustre/LPM_7a9ee774e1b5a3d4/seed_47/checkpoints/best-validation-rmse-epoch0053.ckpt	0.61349530	0.62640000	ok
scratch_target_only_morgan_fixed	47	lincs_phase2	LINCS_phase2_level3	lpm_paper10_morgan_fixed_scratch_lincs_phase2_seed47_molholdout_h100_2x_bs4096_200epoch_lustre	/ictstr01/groups/ml01/workspace/artur.szalata/code/chem-perturbridge_lpm/.plib_cache/results/lpm_paper10_morgan_fixed_scratch_lincs_phase2_seed47_molholdout_h100_2x_bs4096_200epoch_lustre/LPM_82be1dc0a3e46f18/seed_47/checkpoints/best-validation-rmse-epoch0046.ckpt	0.47165150	0.48530000	ok
scratch_target_only_morgan_fixed	47	novartis	Novartis MoABox DRUG-seq	lpm_paper10_morgan_fixed_scratch_novartis_seed47_molholdout_h100_1x_bs4096_200epoch_lustre	/ictstr01/groups/ml01/workspace/artur.szalata/code/chem-perturbridge_lpm/.plib_cache/results/lpm_paper10_morgan_fixed_scratch_novartis_seed47_molholdout_h100_1x_bs4096_200epoch_lustre/LPM_29795d8bd20f04e2/seed_47/checkpoints/best-validation-rmse-epoch0171.ckpt	0.67685919	0.53890000	ok
scratch_target_only_morgan_fixed	47	op3	op3	lpm_paper10_morgan_fixed_scratch_op3_seed47_molholdout_h100_2x_bs4096_200epoch_lustre	/ictstr01/groups/ml01/workspace/artur.szalata/code/chem-perturbridge_lpm/.plib_cache/results/lpm_paper10_morgan_fixed_scratch_op3_seed47_molholdout_h100_2x_bs4096_200epoch_lustre/LPM_aa5d05975328fd6a/seed_47/checkpoints/best-validation-rmse-epoch0079.ckpt	0.41452968	0.34720000	ok
scratch_target_only_morgan_fixed	47	sciplex	srivatsan20_sciplex3	lpm_paper10_morgan_fixed_scratch_sciplex_seed47_molholdout_h100_2x_bs4096_200epoch_lustre	/ictstr01/groups/ml01/workspace/artur.szalata/code/chem-perturbridge_lpm/.plib_cache/results/lpm_paper10_morgan_fixed_scratch_sciplex_seed47_molholdout_h100_2x_bs4096_200epoch_lustre/LPM_2a9a0306f7b8e0ba/seed_47/checkpoints/best-validation-rmse-epoch0160.ckpt	0.71437614	0.68430000	ok
scratch_target_only_morgan_fixed	47	tahoe100	tahoe100	lpm_paper10_morgan_fixed_scratch_tahoe100_seed47_molholdout_h100_2x_bs4096_200epoch_lustre	/ictstr01/groups/ml01/workspace/artur.szalata/code/chem-perturbridge_lpm/.plib_cache/results/lpm_paper10_morgan_fixed_scratch_tahoe100_seed47_molholdout_h100_2x_bs4096_200epoch_lustre/LPM_7f20ac800b2c881f/seed_47/checkpoints/best-validation-rmse-epoch0034.ckpt	0.74182394	0.73320000	ok
scratch_target_only_morgan_fixed	47	vcpi_0001	Ginkgo VCPI vcpi-0001 (tvc-bhr-009)	lpm_paper10_morgan_fixed_scratch_vcpi_0001_seed47_molholdout_h100_1x_bs4096_200epoch_lustre	/ictstr01/groups/ml01/workspace/artur.szalata/code/chem-perturbridge_lpm/.plib_cache/results/lpm_paper10_morgan_fixed_scratch_vcpi_0001_seed47_molholdout_h100_1x_bs4096_200epoch_lustre/LPM_e57a0003f26f991c/seed_47/checkpoints/best-validation-rmse-epoch0017.ckpt	0.55350770	0.57080000	ok
scratch_target_only_morgan_fixed	47	vcpi_0002	Ginkgo VCPI vcpi-0002 (tvc-kdl-010)	lpm_paper10_morgan_fixed_scratch_vcpi_0002_seed47_molholdout_h100_1x_bs4096_200epoch_lustre	/ictstr01/groups/ml01/workspace/artur.szalata/code/chem-perturbridge_lpm/.plib_cache/results/lpm_paper10_morgan_fixed_scratch_vcpi_0002_seed47_molholdout_h100_1x_bs4096_200epoch_lustre/LPM_87b6749972acb0c0/seed_47/checkpoints/best-validation-rmse-epoch0027.ckpt	0.51009985		ok
finetune_frozen_molecule_embeddings	13	cigs_mce	CIGS MCE	lpm_paper10_finetune_fixmol_cigs_mce_seed13_molholdout_h100_2x_bs4096_200epoch_lustre	/ictstr01/groups/ml01/workspace/artur.szalata/code/chem-perturbridge_lpm/.plib_cache/results/lpm_paper10_finetune_fixmol_cigs_mce_seed13_molholdout_h100_2x_bs4096_200epoch_lustre/LPM_01a403c51d5d0f62/seed_13/checkpoints/best-validation-rmse-epoch0036.ckpt	0.58551530	0.58010000	ok
finetune_frozen_molecule_embeddings	13	cigs_tcm	CIGS TCM	lpm_paper10_finetune_fixmol_cigs_tcm_seed13_molholdout_h100_2x_bs4096_200epoch_lustre	/ictstr01/groups/ml01/workspace/artur.szalata/code/chem-perturbridge_lpm/.plib_cache/results/lpm_paper10_finetune_fixmol_cigs_tcm_seed13_molholdout_h100_2x_bs4096_200epoch_lustre/LPM_d1d1544a374d10d0/seed_13/checkpoints/best-validation-rmse-epoch0005.ckpt	0.44729645	0.40770000	ok
finetune_frozen_molecule_embeddings	13	dilimap_train	dilimap_train	lpm_paper10_finetune_fixmol_dilimap_train_seed13_molholdout_h100_1x_bs4096_200epoch_lustre	/ictstr01/groups/ml01/workspace/artur.szalata/code/chem-perturbridge_lpm/.plib_cache/results/lpm_paper10_finetune_fixmol_dilimap_train_seed13_molholdout_h100_1x_bs4096_200epoch_lustre/LPM_05ba932446081800/seed_13/checkpoints/best-validation-rmse-epoch0089.ckpt	0.58511094	0.61050000	ok
finetune_frozen_molecule_embeddings	13	gdpx2	Ginkgo GDPx2	lpm_paper10_finetune_fixmol_gdpx2_seed13_molholdout_h100_2x_bs4096_200epoch_lustre	/ictstr01/groups/ml01/workspace/artur.szalata/code/chem-perturbridge_lpm/.plib_cache/results/lpm_paper10_finetune_fixmol_gdpx2_seed13_molholdout_h100_2x_bs4096_200epoch_lustre/LPM_08772434467189f2/seed_13/checkpoints/best-validation-rmse-epoch0008.ckpt	0.55994909	0.44350000	ok
finetune_frozen_molecule_embeddings	13	lincs_phase1	LINCS_phase1_level3_epsilon	lpm_paper10_finetune_fixmol_lincs_phase1_seed13_molholdout_h100_2x_bs4096_200epoch_lustre	/ictstr01/groups/ml01/workspace/artur.szalata/code/chem-perturbridge_lpm/.plib_cache/results/lpm_paper10_finetune_fixmol_lincs_phase1_seed13_molholdout_h100_2x_bs4096_200epoch_lustre/LPM_8ce3ec51d06d82fe/seed_13/checkpoints/best-validation-rmse-epoch0028.ckpt	0.60605147	0.62330000	ok
finetune_frozen_molecule_embeddings	13	lincs_phase2	LINCS_phase2_level3	lpm_paper10_finetune_fixmol_lincs_phase2_seed13_molholdout_h100_2x_bs4096_200epoch_lustre	/ictstr01/groups/ml01/workspace/artur.szalata/code/chem-perturbridge_lpm/.plib_cache/results/lpm_paper10_finetune_fixmol_lincs_phase2_seed13_molholdout_h100_2x_bs4096_200epoch_lustre/LPM_140b89f9fdb5704e/seed_13/checkpoints/best-validation-rmse-epoch0025.ckpt	0.46441313	0.48350000	ok
finetune_frozen_molecule_embeddings	13	novartis	Novartis MoABox DRUG-seq	lpm_paper10_finetune_fixmol_novartis_seed13_molholdout_h100_1x_bs4096_200epoch_lustre	/ictstr01/groups/ml01/workspace/artur.szalata/code/chem-perturbridge_lpm/.plib_cache/results/lpm_paper10_finetune_fixmol_novartis_seed13_molholdout_h100_1x_bs4096_200epoch_lustre/LPM_7822f52048e269cf/seed_13/checkpoints/best-validation-rmse-epoch0070.ckpt	0.67432828	0.53920000	ok
finetune_frozen_molecule_embeddings	13	op3	op3	lpm_paper10_finetune_fixmol_op3_seed13_molholdout_h100_2x_bs4096_200epoch_lustre	/ictstr01/groups/ml01/workspace/artur.szalata/code/chem-perturbridge_lpm/.plib_cache/results/lpm_paper10_finetune_fixmol_op3_seed13_molholdout_h100_2x_bs4096_200epoch_lustre/LPM_754e9d597cc12cc3/seed_13/checkpoints/best-validation-rmse-epoch0015.ckpt	0.41849947	0.34480000	ok
finetune_frozen_molecule_embeddings	13	sciplex	srivatsan20_sciplex3	lpm_paper10_finetune_fixmol_sciplex_seed13_molholdout_h100_2x_bs4096_200epoch_lustre	/ictstr01/groups/ml01/workspace/artur.szalata/code/chem-perturbridge_lpm/.plib_cache/results/lpm_paper10_finetune_fixmol_sciplex_seed13_molholdout_h100_2x_bs4096_200epoch_lustre/LPM_c16e0ceef1b85e3a/seed_13/checkpoints/best-validation-rmse-epoch0044.ckpt	0.71232746	0.68940000	ok
finetune_frozen_molecule_embeddings	13	tahoe100	tahoe100	lpm_paper10_finetune_fixmol_tahoe100_seed13_molholdout_h100_2x_bs4096_200epoch_lustre	/ictstr01/groups/ml01/workspace/artur.szalata/code/chem-perturbridge_lpm/.plib_cache/results/lpm_paper10_finetune_fixmol_tahoe100_seed13_molholdout_h100_2x_bs4096_200epoch_lustre/LPM_dc60c82fd7c570bc/seed_13/checkpoints/best-validation-rmse-epoch0007.ckpt	0.74576612	0.74340000	ok
finetune_frozen_molecule_embeddings	13	vcpi_0001	Ginkgo VCPI vcpi-0001 (tvc-bhr-009)	lpm_paper10_finetune_fixmol_vcpi_0001_seed13_molholdout_h100_1x_bs4096_200epoch_lustre	/ictstr01/groups/ml01/workspace/artur.szalata/code/chem-perturbridge_lpm/.plib_cache/results/lpm_paper10_finetune_fixmol_vcpi_0001_seed13_molholdout_h100_1x_bs4096_200epoch_lustre/LPM_56ae0319ea39ee76/seed_13/checkpoints/best-validation-rmse-epoch0032.ckpt	0.55356151	0.57070000	ok
finetune_frozen_molecule_embeddings	13	vcpi_0002	Ginkgo VCPI vcpi-0002 (tvc-kdl-010)	lpm_paper10_finetune_fixmol_vcpi_0002_seed13_molholdout_h100_1x_bs4096_200epoch_lustre	/ictstr01/groups/ml01/workspace/artur.szalata/code/chem-perturbridge_lpm/.plib_cache/results/lpm_paper10_finetune_fixmol_vcpi_0002_seed13_molholdout_h100_1x_bs4096_200epoch_lustre/LPM_5b180377f3cc8434/seed_13/checkpoints/best-validation-rmse-epoch0027.ckpt	0.51018867		ok
finetune_frozen_molecule_embeddings	17	cigs_mce	CIGS MCE	lpm_paper10_finetune_fixmol_cigs_mce_seed17_molholdout_h100_2x_bs4096_200epoch_lustre	/ictstr01/groups/ml01/workspace/artur.szalata/code/chem-perturbridge_lpm/.plib_cache/results/lpm_paper10_finetune_fixmol_cigs_mce_seed17_molholdout_h100_2x_bs4096_200epoch_lustre/LPM_01a403c51d5d0f62/seed_17/checkpoints/best-validation-rmse-epoch0036.ckpt	0.58572067	0.57910000	ok
finetune_frozen_molecule_embeddings	17	cigs_tcm	CIGS TCM	lpm_paper10_finetune_fixmol_cigs_tcm_seed17_molholdout_h100_2x_bs4096_200epoch_lustre	/ictstr01/groups/ml01/workspace/artur.szalata/code/chem-perturbridge_lpm/.plib_cache/results/lpm_paper10_finetune_fixmol_cigs_tcm_seed17_molholdout_h100_2x_bs4096_200epoch_lustre/LPM_d1d1544a374d10d0/seed_17/checkpoints/best-validation-rmse-epoch0006.ckpt	0.44711802	0.40750000	ok
finetune_frozen_molecule_embeddings	17	dilimap_train	dilimap_train	lpm_paper10_finetune_fixmol_dilimap_train_seed17_molholdout_h100_1x_bs4096_200epoch_lustre	/ictstr01/groups/ml01/workspace/artur.szalata/code/chem-perturbridge_lpm/.plib_cache/results/lpm_paper10_finetune_fixmol_dilimap_train_seed17_molholdout_h100_1x_bs4096_200epoch_lustre/LPM_05ba932446081800/seed_17/checkpoints/best-validation-rmse-epoch0062.ckpt	0.58424302	0.60820000	ok
finetune_frozen_molecule_embeddings	17	gdpx2	Ginkgo GDPx2	lpm_paper10_finetune_fixmol_gdpx2_seed17_molholdout_h100_2x_bs4096_200epoch_lustre	/ictstr01/groups/ml01/workspace/artur.szalata/code/chem-perturbridge_lpm/.plib_cache/results/lpm_paper10_finetune_fixmol_gdpx2_seed17_molholdout_h100_2x_bs4096_200epoch_lustre/LPM_08772434467189f2/seed_17/checkpoints/best-validation-rmse-epoch0010.ckpt	0.55223983	0.44640000	ok
finetune_frozen_molecule_embeddings	17	lincs_phase1	LINCS_phase1_level3_epsilon	lpm_paper10_finetune_fixmol_lincs_phase1_seed17_molholdout_h100_2x_bs4096_200epoch_lustre	/ictstr01/groups/ml01/workspace/artur.szalata/code/chem-perturbridge_lpm/.plib_cache/results/lpm_paper10_finetune_fixmol_lincs_phase1_seed17_molholdout_h100_2x_bs4096_200epoch_lustre/LPM_8ce3ec51d06d82fe/seed_17/checkpoints/best-validation-rmse-epoch0036.ckpt	0.60651838	0.62270000	ok
finetune_frozen_molecule_embeddings	17	lincs_phase2	LINCS_phase2_level3	lpm_paper10_finetune_fixmol_lincs_phase2_seed17_molholdout_h100_2x_bs4096_200epoch_lustre	/ictstr01/groups/ml01/workspace/artur.szalata/code/chem-perturbridge_lpm/.plib_cache/results/lpm_paper10_finetune_fixmol_lincs_phase2_seed17_molholdout_h100_2x_bs4096_200epoch_lustre/LPM_140b89f9fdb5704e/seed_17/checkpoints/best-validation-rmse-epoch0031.ckpt	0.46470341	0.48390000	ok
finetune_frozen_molecule_embeddings	17	novartis	Novartis MoABox DRUG-seq	lpm_paper10_finetune_fixmol_novartis_seed17_molholdout_h100_1x_bs4096_200epoch_lustre	/ictstr01/groups/ml01/workspace/artur.szalata/code/chem-perturbridge_lpm/.plib_cache/results/lpm_paper10_finetune_fixmol_novartis_seed17_molholdout_h100_1x_bs4096_200epoch_lustre/LPM_7822f52048e269cf/seed_17/checkpoints/best-validation-rmse-epoch0196.ckpt	0.67355779	0.53920000	ok
finetune_frozen_molecule_embeddings	17	op3	op3	lpm_paper10_finetune_fixmol_op3_seed17_molholdout_h100_2x_bs4096_200epoch_lustre	/ictstr01/groups/ml01/workspace/artur.szalata/code/chem-perturbridge_lpm/.plib_cache/results/lpm_paper10_finetune_fixmol_op3_seed17_molholdout_h100_2x_bs4096_200epoch_lustre/LPM_754e9d597cc12cc3/seed_17/checkpoints/best-validation-rmse-epoch0022.ckpt	0.41896801	0.34700000	ok
finetune_frozen_molecule_embeddings	17	sciplex	srivatsan20_sciplex3	lpm_paper10_finetune_fixmol_sciplex_seed17_molholdout_h100_2x_bs4096_200epoch_lustre	/ictstr01/groups/ml01/workspace/artur.szalata/code/chem-perturbridge_lpm/.plib_cache/results/lpm_paper10_finetune_fixmol_sciplex_seed17_molholdout_h100_2x_bs4096_200epoch_lustre/LPM_c16e0ceef1b85e3a/seed_17/checkpoints/best-validation-rmse-epoch0049.ckpt	0.71349945	0.68920000	ok
finetune_frozen_molecule_embeddings	17	tahoe100	tahoe100	lpm_paper10_finetune_fixmol_tahoe100_seed17_molholdout_h100_2x_bs4096_200epoch_lustre	/ictstr01/groups/ml01/workspace/artur.szalata/code/chem-perturbridge_lpm/.plib_cache/results/lpm_paper10_finetune_fixmol_tahoe100_seed17_molholdout_h100_2x_bs4096_200epoch_lustre/LPM_dc60c82fd7c570bc/seed_17/checkpoints/best-validation-rmse-epoch0002.ckpt	0.74503372	0.74280000	ok
finetune_frozen_molecule_embeddings	17	vcpi_0001	Ginkgo VCPI vcpi-0001 (tvc-bhr-009)	lpm_paper10_finetune_fixmol_vcpi_0001_seed17_molholdout_h100_1x_bs4096_200epoch_lustre	/ictstr01/groups/ml01/workspace/artur.szalata/code/chem-perturbridge_lpm/.plib_cache/results/lpm_paper10_finetune_fixmol_vcpi_0001_seed17_molholdout_h100_1x_bs4096_200epoch_lustre/LPM_56ae0319ea39ee76/seed_17/checkpoints/best-validation-rmse-epoch0032.ckpt	0.55356154	0.57070000	ok
finetune_frozen_molecule_embeddings	17	vcpi_0002	Ginkgo VCPI vcpi-0002 (tvc-kdl-010)	lpm_paper10_finetune_fixmol_vcpi_0002_seed17_molholdout_h100_1x_bs4096_200epoch_lustre	/ictstr01/groups/ml01/workspace/artur.szalata/code/chem-perturbridge_lpm/.plib_cache/results/lpm_paper10_finetune_fixmol_vcpi_0002_seed17_molholdout_h100_1x_bs4096_200epoch_lustre/LPM_5b180377f3cc8434/seed_17/checkpoints/best-validation-rmse-epoch0027.ckpt	0.51018869		ok
finetune_frozen_molecule_embeddings	19	cigs_mce	CIGS MCE	lpm_paper10_finetune_fixmol_cigs_mce_seed19_molholdout_h100_2x_bs4096_200epoch_lustre	/ictstr01/groups/ml01/workspace/artur.szalata/code/chem-perturbridge_lpm/.plib_cache/results/lpm_paper10_finetune_fixmol_cigs_mce_seed19_molholdout_h100_2x_bs4096_200epoch_lustre/LPM_01a403c51d5d0f62/seed_19/checkpoints/best-validation-rmse-epoch0036.ckpt	0.58625670	0.58120000	ok
finetune_frozen_molecule_embeddings	19	cigs_tcm	CIGS TCM	lpm_paper10_finetune_fixmol_cigs_tcm_seed19_molholdout_h100_2x_bs4096_200epoch_lustre	/ictstr01/groups/ml01/workspace/artur.szalata/code/chem-perturbridge_lpm/.plib_cache/results/lpm_paper10_finetune_fixmol_cigs_tcm_seed19_molholdout_h100_2x_bs4096_200epoch_lustre/LPM_d1d1544a374d10d0/seed_19/checkpoints/best-validation-rmse-epoch0005.ckpt	0.44729919	0.40770000	ok
finetune_frozen_molecule_embeddings	19	dilimap_train	dilimap_train	lpm_paper10_finetune_fixmol_dilimap_train_seed19_molholdout_h100_1x_bs4096_200epoch_lustre	/ictstr01/groups/ml01/workspace/artur.szalata/code/chem-perturbridge_lpm/.plib_cache/results/lpm_paper10_finetune_fixmol_dilimap_train_seed19_molholdout_h100_1x_bs4096_200epoch_lustre/LPM_05ba932446081800/seed_19/checkpoints/best-validation-rmse-epoch0046.ckpt	0.58320085	0.60840000	ok
finetune_frozen_molecule_embeddings	19	gdpx2	Ginkgo GDPx2	lpm_paper10_finetune_fixmol_gdpx2_seed19_molholdout_h100_2x_bs4096_200epoch_lustre	/ictstr01/groups/ml01/workspace/artur.szalata/code/chem-perturbridge_lpm/.plib_cache/results/lpm_paper10_finetune_fixmol_gdpx2_seed19_molholdout_h100_2x_bs4096_200epoch_lustre/LPM_08772434467189f2/seed_19/checkpoints/best-validation-rmse-epoch0015.ckpt	0.55905935	0.45020000	ok
finetune_frozen_molecule_embeddings	19	lincs_phase1	LINCS_phase1_level3_epsilon	lpm_paper10_finetune_fixmol_lincs_phase1_seed19_molholdout_h100_2x_bs4096_200epoch_lustre	/ictstr01/groups/ml01/workspace/artur.szalata/code/chem-perturbridge_lpm/.plib_cache/results/lpm_paper10_finetune_fixmol_lincs_phase1_seed19_molholdout_h100_2x_bs4096_200epoch_lustre/LPM_8ce3ec51d06d82fe/seed_19/checkpoints/best-validation-rmse-epoch0044.ckpt	0.60589474	0.62260000	ok
finetune_frozen_molecule_embeddings	19	lincs_phase2	LINCS_phase2_level3	lpm_paper10_finetune_fixmol_lincs_phase2_seed19_molholdout_h100_2x_bs4096_200epoch_lustre	/ictstr01/groups/ml01/workspace/artur.szalata/code/chem-perturbridge_lpm/.plib_cache/results/lpm_paper10_finetune_fixmol_lincs_phase2_seed19_molholdout_h100_2x_bs4096_200epoch_lustre/LPM_140b89f9fdb5704e/seed_19/checkpoints/best-validation-rmse-epoch0038.ckpt	0.46483464	0.48330000	ok
finetune_frozen_molecule_embeddings	19	novartis	Novartis MoABox DRUG-seq	lpm_paper10_finetune_fixmol_novartis_seed19_molholdout_h100_1x_bs4096_200epoch_lustre	/ictstr01/groups/ml01/workspace/artur.szalata/code/chem-perturbridge_lpm/.plib_cache/results/lpm_paper10_finetune_fixmol_novartis_seed19_molholdout_h100_1x_bs4096_200epoch_lustre/LPM_7822f52048e269cf/seed_19/checkpoints/best-validation-rmse-epoch0051.ckpt	0.67307838	0.53900000	ok
finetune_frozen_molecule_embeddings	19	op3	op3	lpm_paper10_finetune_fixmol_op3_seed19_molholdout_h100_2x_bs4096_200epoch_lustre	/ictstr01/groups/ml01/workspace/artur.szalata/code/chem-perturbridge_lpm/.plib_cache/results/lpm_paper10_finetune_fixmol_op3_seed19_molholdout_h100_2x_bs4096_200epoch_lustre/LPM_754e9d597cc12cc3/seed_19/checkpoints/best-validation-rmse-epoch0009.ckpt	0.42090723	0.35140000	ok
finetune_frozen_molecule_embeddings	19	sciplex	srivatsan20_sciplex3	lpm_paper10_finetune_fixmol_sciplex_seed19_molholdout_h100_2x_bs4096_200epoch_lustre	/ictstr01/groups/ml01/workspace/artur.szalata/code/chem-perturbridge_lpm/.plib_cache/results/lpm_paper10_finetune_fixmol_sciplex_seed19_molholdout_h100_2x_bs4096_200epoch_lustre/LPM_c16e0ceef1b85e3a/seed_19/checkpoints/best-validation-rmse-epoch0135.ckpt	0.71112803	0.69060000	ok
finetune_frozen_molecule_embeddings	19	tahoe100	tahoe100	lpm_paper10_finetune_fixmol_tahoe100_seed19_molholdout_h100_2x_bs4096_200epoch_lustre	/ictstr01/groups/ml01/workspace/artur.szalata/code/chem-perturbridge_lpm/.plib_cache/results/lpm_paper10_finetune_fixmol_tahoe100_seed19_molholdout_h100_2x_bs4096_200epoch_lustre/LPM_dc60c82fd7c570bc/seed_19/checkpoints/best-validation-rmse-epoch0013.ckpt	0.74520253	0.74490000	ok
finetune_frozen_molecule_embeddings	19	vcpi_0001	Ginkgo VCPI vcpi-0001 (tvc-bhr-009)	lpm_paper10_finetune_fixmol_vcpi_0001_seed19_molholdout_h100_1x_bs4096_200epoch_lustre	/ictstr01/groups/ml01/workspace/artur.szalata/code/chem-perturbridge_lpm/.plib_cache/results/lpm_paper10_finetune_fixmol_vcpi_0001_seed19_molholdout_h100_1x_bs4096_200epoch_lustre/LPM_56ae0319ea39ee76/seed_19/checkpoints/best-validation-rmse-epoch0032.ckpt	0.55356153	0.57070000	ok
finetune_frozen_molecule_embeddings	19	vcpi_0002	Ginkgo VCPI vcpi-0002 (tvc-kdl-010)	lpm_paper10_finetune_fixmol_vcpi_0002_seed19_molholdout_h100_1x_bs4096_200epoch_lustre	/ictstr01/groups/ml01/workspace/artur.szalata/code/chem-perturbridge_lpm/.plib_cache/results/lpm_paper10_finetune_fixmol_vcpi_0002_seed19_molholdout_h100_1x_bs4096_200epoch_lustre/LPM_5b180377f3cc8434/seed_19/checkpoints/best-validation-rmse-epoch0027.ckpt	0.51018869		ok
finetune_frozen_molecule_embeddings	23	cigs_mce	CIGS MCE	lpm_paper10_finetune_fixmol_cigs_mce_seed23_molholdout_h100_2x_bs4096_200epoch_lustre	/ictstr01/groups/ml01/workspace/artur.szalata/code/chem-perturbridge_lpm/.plib_cache/results/lpm_paper10_finetune_fixmol_cigs_mce_seed23_molholdout_h100_2x_bs4096_200epoch_lustre/LPM_01a403c51d5d0f62/seed_23/checkpoints/best-validation-rmse-epoch0030.ckpt	0.58578749	0.57840000	ok
finetune_frozen_molecule_embeddings	23	cigs_tcm	CIGS TCM	lpm_paper10_finetune_fixmol_cigs_tcm_seed23_molholdout_h100_2x_bs4096_200epoch_lustre	/ictstr01/groups/ml01/workspace/artur.szalata/code/chem-perturbridge_lpm/.plib_cache/results/lpm_paper10_finetune_fixmol_cigs_tcm_seed23_molholdout_h100_2x_bs4096_200epoch_lustre/LPM_d1d1544a374d10d0/seed_23/checkpoints/best-validation-rmse-epoch0005.ckpt	0.44728550	0.40770000	ok
finetune_frozen_molecule_embeddings	23	dilimap_train	dilimap_train	lpm_paper10_finetune_fixmol_dilimap_train_seed23_molholdout_h100_1x_bs4096_200epoch_lustre	/ictstr01/groups/ml01/workspace/artur.szalata/code/chem-perturbridge_lpm/.plib_cache/results/lpm_paper10_finetune_fixmol_dilimap_train_seed23_molholdout_h100_1x_bs4096_200epoch_lustre/LPM_05ba932446081800/seed_23/checkpoints/best-validation-rmse-epoch0176.ckpt	0.58465185	0.60770000	ok
finetune_frozen_molecule_embeddings	23	gdpx2	Ginkgo GDPx2	lpm_paper10_finetune_fixmol_gdpx2_seed23_molholdout_h100_2x_bs4096_200epoch_lustre	/ictstr01/groups/ml01/workspace/artur.szalata/code/chem-perturbridge_lpm/.plib_cache/results/lpm_paper10_finetune_fixmol_gdpx2_seed23_molholdout_h100_2x_bs4096_200epoch_lustre/LPM_08772434467189f2/seed_23/checkpoints/best-validation-rmse-epoch0008.ckpt	0.56700947	0.43830000	ok
finetune_frozen_molecule_embeddings	23	lincs_phase1	LINCS_phase1_level3_epsilon	lpm_paper10_finetune_fixmol_lincs_phase1_seed23_molholdout_h100_2x_bs4096_200epoch_lustre	/ictstr01/groups/ml01/workspace/artur.szalata/code/chem-perturbridge_lpm/.plib_cache/results/lpm_paper10_finetune_fixmol_lincs_phase1_seed23_molholdout_h100_2x_bs4096_200epoch_lustre/LPM_8ce3ec51d06d82fe/seed_23/checkpoints/best-validation-rmse-epoch0024.ckpt	0.60754141	0.62280000	ok
finetune_frozen_molecule_embeddings	23	lincs_phase2	LINCS_phase2_level3	lpm_paper10_finetune_fixmol_lincs_phase2_seed23_molholdout_h100_2x_bs4096_200epoch_lustre	/ictstr01/groups/ml01/workspace/artur.szalata/code/chem-perturbridge_lpm/.plib_cache/results/lpm_paper10_finetune_fixmol_lincs_phase2_seed23_molholdout_h100_2x_bs4096_200epoch_lustre/LPM_140b89f9fdb5704e/seed_23/checkpoints/best-validation-rmse-epoch0038.ckpt	0.46476071	0.48190000	ok
finetune_frozen_molecule_embeddings	23	novartis	Novartis MoABox DRUG-seq	lpm_paper10_finetune_fixmol_novartis_seed23_molholdout_h100_1x_bs4096_200epoch_lustre	/ictstr01/groups/ml01/workspace/artur.szalata/code/chem-perturbridge_lpm/.plib_cache/results/lpm_paper10_finetune_fixmol_novartis_seed23_molholdout_h100_1x_bs4096_200epoch_lustre/LPM_7822f52048e269cf/seed_23/checkpoints/best-validation-rmse-epoch0086.ckpt	0.67640243	0.54050000	ok
finetune_frozen_molecule_embeddings	23	op3	op3	lpm_paper10_finetune_fixmol_op3_seed23_molholdout_h100_2x_bs4096_200epoch_lustre	/ictstr01/groups/ml01/workspace/artur.szalata/code/chem-perturbridge_lpm/.plib_cache/results/lpm_paper10_finetune_fixmol_op3_seed23_molholdout_h100_2x_bs4096_200epoch_lustre/LPM_754e9d597cc12cc3/seed_23/checkpoints/best-validation-rmse-epoch0024.ckpt	0.41765491	0.34760000	ok
finetune_frozen_molecule_embeddings	23	sciplex	srivatsan20_sciplex3	lpm_paper10_finetune_fixmol_sciplex_seed23_molholdout_h100_2x_bs4096_200epoch_lustre	/ictstr01/groups/ml01/workspace/artur.szalata/code/chem-perturbridge_lpm/.plib_cache/results/lpm_paper10_finetune_fixmol_sciplex_seed23_molholdout_h100_2x_bs4096_200epoch_lustre/LPM_c16e0ceef1b85e3a/seed_23/checkpoints/best-validation-rmse-epoch0053.ckpt	0.71028170	0.68870000	ok
finetune_frozen_molecule_embeddings	23	tahoe100	tahoe100	lpm_paper10_finetune_fixmol_tahoe100_seed23_molholdout_h100_2x_bs4096_200epoch_lustre	/ictstr01/groups/ml01/workspace/artur.szalata/code/chem-perturbridge_lpm/.plib_cache/results/lpm_paper10_finetune_fixmol_tahoe100_seed23_molholdout_h100_2x_bs4096_200epoch_lustre/LPM_dc60c82fd7c570bc/seed_23/checkpoints/best-validation-rmse-epoch0005.ckpt	0.74448713	0.74370000	ok
finetune_frozen_molecule_embeddings	23	vcpi_0001	Ginkgo VCPI vcpi-0001 (tvc-bhr-009)	lpm_paper10_finetune_fixmol_vcpi_0001_seed23_molholdout_h100_1x_bs4096_200epoch_lustre	/ictstr01/groups/ml01/workspace/artur.szalata/code/chem-perturbridge_lpm/.plib_cache/results/lpm_paper10_finetune_fixmol_vcpi_0001_seed23_molholdout_h100_1x_bs4096_200epoch_lustre/LPM_56ae0319ea39ee76/seed_23/checkpoints/best-validation-rmse-epoch0032.ckpt	0.55356148	0.57070000	ok
finetune_frozen_molecule_embeddings	23	vcpi_0002	Ginkgo VCPI vcpi-0002 (tvc-kdl-010)	lpm_paper10_finetune_fixmol_vcpi_0002_seed23_molholdout_h100_1x_bs4096_200epoch_lustre	/ictstr01/groups/ml01/workspace/artur.szalata/code/chem-perturbridge_lpm/.plib_cache/results/lpm_paper10_finetune_fixmol_vcpi_0002_seed23_molholdout_h100_1x_bs4096_200epoch_lustre/LPM_5b180377f3cc8434/seed_23/checkpoints/best-validation-rmse-epoch0027.ckpt	0.51018869		ok
finetune_frozen_molecule_embeddings	29	cigs_mce	CIGS MCE	lpm_paper10_finetune_fixmol_cigs_mce_seed29_molholdout_h100_2x_bs4096_200epoch_lustre	/ictstr01/groups/ml01/workspace/artur.szalata/code/chem-perturbridge_lpm/.plib_cache/results/lpm_paper10_finetune_fixmol_cigs_mce_seed29_molholdout_h100_2x_bs4096_200epoch_lustre/LPM_01a403c51d5d0f62/seed_29/checkpoints/best-validation-rmse-epoch0036.ckpt	0.58582537	0.58020000	ok
finetune_frozen_molecule_embeddings	29	cigs_tcm	CIGS TCM	lpm_paper10_finetune_fixmol_cigs_tcm_seed29_molholdout_h100_2x_bs4096_200epoch_lustre	/ictstr01/groups/ml01/workspace/artur.szalata/code/chem-perturbridge_lpm/.plib_cache/results/lpm_paper10_finetune_fixmol_cigs_tcm_seed29_molholdout_h100_2x_bs4096_200epoch_lustre/LPM_d1d1544a374d10d0/seed_29/checkpoints/best-validation-rmse-epoch0005.ckpt	0.44731176	0.40770000	ok
finetune_frozen_molecule_embeddings	29	dilimap_train	dilimap_train	lpm_paper10_finetune_fixmol_dilimap_train_seed29_molholdout_h100_1x_bs4096_200epoch_lustre	/ictstr01/groups/ml01/workspace/artur.szalata/code/chem-perturbridge_lpm/.plib_cache/results/lpm_paper10_finetune_fixmol_dilimap_train_seed29_molholdout_h100_1x_bs4096_200epoch_lustre/LPM_05ba932446081800/seed_29/checkpoints/best-validation-rmse-epoch0093.ckpt	0.58469701	0.61040000	ok
finetune_frozen_molecule_embeddings	29	gdpx2	Ginkgo GDPx2	lpm_paper10_finetune_fixmol_gdpx2_seed29_molholdout_h100_2x_bs4096_200epoch_lustre	/ictstr01/groups/ml01/workspace/artur.szalata/code/chem-perturbridge_lpm/.plib_cache/results/lpm_paper10_finetune_fixmol_gdpx2_seed29_molholdout_h100_2x_bs4096_200epoch_lustre/LPM_08772434467189f2/seed_29/checkpoints/best-validation-rmse-epoch0003.ckpt	0.55771651	0.44200000	ok
finetune_frozen_molecule_embeddings	29	lincs_phase1	LINCS_phase1_level3_epsilon	lpm_paper10_finetune_fixmol_lincs_phase1_seed29_molholdout_h100_2x_bs4096_200epoch_lustre	/ictstr01/groups/ml01/workspace/artur.szalata/code/chem-perturbridge_lpm/.plib_cache/results/lpm_paper10_finetune_fixmol_lincs_phase1_seed29_molholdout_h100_2x_bs4096_200epoch_lustre/LPM_8ce3ec51d06d82fe/seed_29/checkpoints/best-validation-rmse-epoch0026.ckpt	0.60706476	0.62310000	ok
finetune_frozen_molecule_embeddings	29	lincs_phase2	LINCS_phase2_level3	lpm_paper10_finetune_fixmol_lincs_phase2_seed29_molholdout_h100_2x_bs4096_200epoch_lustre	/ictstr01/groups/ml01/workspace/artur.szalata/code/chem-perturbridge_lpm/.plib_cache/results/lpm_paper10_finetune_fixmol_lincs_phase2_seed29_molholdout_h100_2x_bs4096_200epoch_lustre/LPM_140b89f9fdb5704e/seed_29/checkpoints/best-validation-rmse-epoch0022.ckpt	0.46514112	0.48320000	ok
finetune_frozen_molecule_embeddings	29	novartis	Novartis MoABox DRUG-seq	lpm_paper10_finetune_fixmol_novartis_seed29_molholdout_h100_1x_bs4096_200epoch_lustre	/ictstr01/groups/ml01/workspace/artur.szalata/code/chem-perturbridge_lpm/.plib_cache/results/lpm_paper10_finetune_fixmol_novartis_seed29_molholdout_h100_1x_bs4096_200epoch_lustre/LPM_7822f52048e269cf/seed_29/checkpoints/best-validation-rmse-epoch0029.ckpt	0.67432062	0.53880000	ok
finetune_frozen_molecule_embeddings	29	op3	op3	lpm_paper10_finetune_fixmol_op3_seed29_molholdout_h100_2x_bs4096_200epoch_lustre	/ictstr01/groups/ml01/workspace/artur.szalata/code/chem-perturbridge_lpm/.plib_cache/results/lpm_paper10_finetune_fixmol_op3_seed29_molholdout_h100_2x_bs4096_200epoch_lustre/LPM_754e9d597cc12cc3/seed_29/checkpoints/best-validation-rmse-epoch0014.ckpt	0.41719407	0.34880000	ok
finetune_frozen_molecule_embeddings	29	sciplex	srivatsan20_sciplex3	lpm_paper10_finetune_fixmol_sciplex_seed29_molholdout_h100_2x_bs4096_200epoch_lustre	/ictstr01/groups/ml01/workspace/artur.szalata/code/chem-perturbridge_lpm/.plib_cache/results/lpm_paper10_finetune_fixmol_sciplex_seed29_molholdout_h100_2x_bs4096_200epoch_lustre/LPM_c16e0ceef1b85e3a/seed_29/checkpoints/best-validation-rmse-epoch0051.ckpt	0.71126091	0.68840000	ok
finetune_frozen_molecule_embeddings	29	tahoe100	tahoe100	lpm_paper10_finetune_fixmol_tahoe100_seed29_molholdout_h100_2x_bs4096_200epoch_lustre	/ictstr01/groups/ml01/workspace/artur.szalata/code/chem-perturbridge_lpm/.plib_cache/results/lpm_paper10_finetune_fixmol_tahoe100_seed29_molholdout_h100_2x_bs4096_200epoch_lustre/LPM_dc60c82fd7c570bc/seed_29/checkpoints/best-validation-rmse-epoch0007.ckpt	0.74409301	0.74150000	ok
finetune_frozen_molecule_embeddings	29	vcpi_0001	Ginkgo VCPI vcpi-0001 (tvc-bhr-009)	lpm_paper10_finetune_fixmol_vcpi_0001_seed29_molholdout_h100_1x_bs4096_200epoch_lustre	/ictstr01/groups/ml01/workspace/artur.szalata/code/chem-perturbridge_lpm/.plib_cache/results/lpm_paper10_finetune_fixmol_vcpi_0001_seed29_molholdout_h100_1x_bs4096_200epoch_lustre/LPM_56ae0319ea39ee76/seed_29/checkpoints/best-validation-rmse-epoch0032.ckpt	0.55356149	0.57070000	ok
finetune_frozen_molecule_embeddings	29	vcpi_0002	Ginkgo VCPI vcpi-0002 (tvc-kdl-010)	lpm_paper10_finetune_fixmol_vcpi_0002_seed29_molholdout_h100_1x_bs4096_200epoch_lustre	/ictstr01/groups/ml01/workspace/artur.szalata/code/chem-perturbridge_lpm/.plib_cache/results/lpm_paper10_finetune_fixmol_vcpi_0002_seed29_molholdout_h100_1x_bs4096_200epoch_lustre/LPM_5b180377f3cc8434/seed_29/checkpoints/best-validation-rmse-epoch0027.ckpt	0.51018869		ok
finetune_frozen_molecule_embeddings	31	cigs_mce	CIGS MCE	lpm_paper10_finetune_fixmol_cigs_mce_seed31_molholdout_h100_2x_bs4096_200epoch_lustre	/ictstr01/groups/ml01/workspace/artur.szalata/code/chem-perturbridge_lpm/.plib_cache/results/lpm_paper10_finetune_fixmol_cigs_mce_seed31_molholdout_h100_2x_bs4096_200epoch_lustre/LPM_01a403c51d5d0f62/seed_31/checkpoints/best-validation-rmse-epoch0033.ckpt	0.58570478	0.57760000	ok
finetune_frozen_molecule_embeddings	31	cigs_tcm	CIGS TCM	lpm_paper10_finetune_fixmol_cigs_tcm_seed31_molholdout_h100_2x_bs4096_200epoch_lustre	/ictstr01/groups/ml01/workspace/artur.szalata/code/chem-perturbridge_lpm/.plib_cache/results/lpm_paper10_finetune_fixmol_cigs_tcm_seed31_molholdout_h100_2x_bs4096_200epoch_lustre/LPM_d1d1544a374d10d0/seed_31/checkpoints/best-validation-rmse-epoch0001.ckpt	0.44729111	0.40780000	ok
finetune_frozen_molecule_embeddings	31	dilimap_train	dilimap_train	lpm_paper10_finetune_fixmol_dilimap_train_seed31_molholdout_h100_1x_bs4096_200epoch_lustre	/ictstr01/groups/ml01/workspace/artur.szalata/code/chem-perturbridge_lpm/.plib_cache/results/lpm_paper10_finetune_fixmol_dilimap_train_seed31_molholdout_h100_1x_bs4096_200epoch_lustre/LPM_05ba932446081800/seed_31/checkpoints/best-validation-rmse-epoch0147.ckpt	0.58378286	0.60670000	ok
finetune_frozen_molecule_embeddings	31	gdpx2	Ginkgo GDPx2	lpm_paper10_finetune_fixmol_gdpx2_seed31_molholdout_h100_2x_bs4096_200epoch_lustre	/ictstr01/groups/ml01/workspace/artur.szalata/code/chem-perturbridge_lpm/.plib_cache/results/lpm_paper10_finetune_fixmol_gdpx2_seed31_molholdout_h100_2x_bs4096_200epoch_lustre/LPM_08772434467189f2/seed_31/checkpoints/best-validation-rmse-epoch0009.ckpt	0.56451545	0.44000000	ok
finetune_frozen_molecule_embeddings	31	lincs_phase1	LINCS_phase1_level3_epsilon	lpm_paper10_finetune_fixmol_lincs_phase1_seed31_molholdout_h100_2x_bs4096_200epoch_lustre	/ictstr01/groups/ml01/workspace/artur.szalata/code/chem-perturbridge_lpm/.plib_cache/results/lpm_paper10_finetune_fixmol_lincs_phase1_seed31_molholdout_h100_2x_bs4096_200epoch_lustre/LPM_8ce3ec51d06d82fe/seed_31/checkpoints/best-validation-rmse-epoch0056.ckpt	0.60564532	0.62330000	ok
finetune_frozen_molecule_embeddings	31	lincs_phase2	LINCS_phase2_level3	lpm_paper10_finetune_fixmol_lincs_phase2_seed31_molholdout_h100_2x_bs4096_200epoch_lustre	/ictstr01/groups/ml01/workspace/artur.szalata/code/chem-perturbridge_lpm/.plib_cache/results/lpm_paper10_finetune_fixmol_lincs_phase2_seed31_molholdout_h100_2x_bs4096_200epoch_lustre/LPM_140b89f9fdb5704e/seed_31/checkpoints/best-validation-rmse-epoch0027.ckpt	0.46534857	0.48350000	ok
finetune_frozen_molecule_embeddings	31	novartis	Novartis MoABox DRUG-seq	lpm_paper10_finetune_fixmol_novartis_seed31_molholdout_h100_1x_bs4096_200epoch_lustre	/ictstr01/groups/ml01/workspace/artur.szalata/code/chem-perturbridge_lpm/.plib_cache/results/lpm_paper10_finetune_fixmol_novartis_seed31_molholdout_h100_1x_bs4096_200epoch_lustre/LPM_7822f52048e269cf/seed_31/checkpoints/best-validation-rmse-epoch0147.ckpt	0.67328555	0.53890000	ok
finetune_frozen_molecule_embeddings	31	op3	op3	lpm_paper10_finetune_fixmol_op3_seed31_molholdout_h100_2x_bs4096_200epoch_lustre	/ictstr01/groups/ml01/workspace/artur.szalata/code/chem-perturbridge_lpm/.plib_cache/results/lpm_paper10_finetune_fixmol_op3_seed31_molholdout_h100_2x_bs4096_200epoch_lustre/LPM_754e9d597cc12cc3/seed_31/checkpoints/best-validation-rmse-epoch0019.ckpt	0.42044894	0.35040000	ok
finetune_frozen_molecule_embeddings	31	sciplex	srivatsan20_sciplex3	lpm_paper10_finetune_fixmol_sciplex_seed31_molholdout_h100_2x_bs4096_200epoch_lustre	/ictstr01/groups/ml01/workspace/artur.szalata/code/chem-perturbridge_lpm/.plib_cache/results/lpm_paper10_finetune_fixmol_sciplex_seed31_molholdout_h100_2x_bs4096_200epoch_lustre/LPM_c16e0ceef1b85e3a/seed_31/checkpoints/best-validation-rmse-epoch0047.ckpt	0.71090918	0.69240000	ok
finetune_frozen_molecule_embeddings	31	tahoe100	tahoe100	lpm_paper10_finetune_fixmol_tahoe100_seed31_molholdout_h100_2x_bs4096_200epoch_lustre	/ictstr01/groups/ml01/workspace/artur.szalata/code/chem-perturbridge_lpm/.plib_cache/results/lpm_paper10_finetune_fixmol_tahoe100_seed31_molholdout_h100_2x_bs4096_200epoch_lustre/LPM_dc60c82fd7c570bc/seed_31/checkpoints/best-validation-rmse-epoch0005.ckpt	0.74380602	0.74170000	ok
finetune_frozen_molecule_embeddings	31	vcpi_0001	Ginkgo VCPI vcpi-0001 (tvc-bhr-009)	lpm_paper10_finetune_fixmol_vcpi_0001_seed31_molholdout_h100_1x_bs4096_200epoch_lustre	/ictstr01/groups/ml01/workspace/artur.szalata/code/chem-perturbridge_lpm/.plib_cache/results/lpm_paper10_finetune_fixmol_vcpi_0001_seed31_molholdout_h100_1x_bs4096_200epoch_lustre/LPM_56ae0319ea39ee76/seed_31/checkpoints/best-validation-rmse-epoch0032.ckpt	0.55356149	0.57070000	ok
finetune_frozen_molecule_embeddings	31	vcpi_0002	Ginkgo VCPI vcpi-0002 (tvc-kdl-010)	lpm_paper10_finetune_fixmol_vcpi_0002_seed31_molholdout_h100_1x_bs4096_200epoch_lustre	/ictstr01/groups/ml01/workspace/artur.szalata/code/chem-perturbridge_lpm/.plib_cache/results/lpm_paper10_finetune_fixmol_vcpi_0002_seed31_molholdout_h100_1x_bs4096_200epoch_lustre/LPM_5b180377f3cc8434/seed_31/checkpoints/best-validation-rmse-epoch0027.ckpt	0.51018867		ok
finetune_frozen_molecule_embeddings	37	cigs_mce	CIGS MCE	lpm_paper10_finetune_fixmol_cigs_mce_seed37_molholdout_h100_2x_bs4096_200epoch_lustre	/ictstr01/groups/ml01/workspace/artur.szalata/code/chem-perturbridge_lpm/.plib_cache/results/lpm_paper10_finetune_fixmol_cigs_mce_seed37_molholdout_h100_2x_bs4096_200epoch_lustre/LPM_01a403c51d5d0f62/seed_37/checkpoints/best-validation-rmse-epoch0048.ckpt	0.58571644	0.57850000	ok
finetune_frozen_molecule_embeddings	37	cigs_tcm	CIGS TCM	lpm_paper10_finetune_fixmol_cigs_tcm_seed37_molholdout_h100_2x_bs4096_200epoch_lustre	/ictstr01/groups/ml01/workspace/artur.szalata/code/chem-perturbridge_lpm/.plib_cache/results/lpm_paper10_finetune_fixmol_cigs_tcm_seed37_molholdout_h100_2x_bs4096_200epoch_lustre/LPM_d1d1544a374d10d0/seed_37/checkpoints/best-validation-rmse-epoch0006.ckpt	0.44719287	0.40750000	ok
finetune_frozen_molecule_embeddings	37	dilimap_train	dilimap_train	lpm_paper10_finetune_fixmol_dilimap_train_seed37_molholdout_h100_1x_bs4096_200epoch_lustre	/ictstr01/groups/ml01/workspace/artur.szalata/code/chem-perturbridge_lpm/.plib_cache/results/lpm_paper10_finetune_fixmol_dilimap_train_seed37_molholdout_h100_1x_bs4096_200epoch_lustre/LPM_05ba932446081800/seed_37/checkpoints/best-validation-rmse-epoch0128.ckpt	0.58395275	0.61050000	ok
finetune_frozen_molecule_embeddings	37	gdpx2	Ginkgo GDPx2	lpm_paper10_finetune_fixmol_gdpx2_seed37_molholdout_h100_2x_bs4096_200epoch_lustre	/ictstr01/groups/ml01/workspace/artur.szalata/code/chem-perturbridge_lpm/.plib_cache/results/lpm_paper10_finetune_fixmol_gdpx2_seed37_molholdout_h100_2x_bs4096_200epoch_lustre/LPM_08772434467189f2/seed_37/checkpoints/best-validation-rmse-epoch0006.ckpt	0.55604115	0.43960000	ok
finetune_frozen_molecule_embeddings	37	lincs_phase1	LINCS_phase1_level3_epsilon	lpm_paper10_finetune_fixmol_lincs_phase1_seed37_molholdout_h100_2x_bs4096_200epoch_lustre	/ictstr01/groups/ml01/workspace/artur.szalata/code/chem-perturbridge_lpm/.plib_cache/results/lpm_paper10_finetune_fixmol_lincs_phase1_seed37_molholdout_h100_2x_bs4096_200epoch_lustre/LPM_8ce3ec51d06d82fe/seed_37/checkpoints/best-validation-rmse-epoch0057.ckpt	0.60647276	0.62280000	ok
finetune_frozen_molecule_embeddings	37	lincs_phase2	LINCS_phase2_level3	lpm_paper10_finetune_fixmol_lincs_phase2_seed37_molholdout_h100_2x_bs4096_200epoch_lustre	/ictstr01/groups/ml01/workspace/artur.szalata/code/chem-perturbridge_lpm/.plib_cache/results/lpm_paper10_finetune_fixmol_lincs_phase2_seed37_molholdout_h100_2x_bs4096_200epoch_lustre/LPM_140b89f9fdb5704e/seed_37/checkpoints/best-validation-rmse-epoch0025.ckpt	0.46535924	0.48270000	ok
finetune_frozen_molecule_embeddings	37	novartis	Novartis MoABox DRUG-seq	lpm_paper10_finetune_fixmol_novartis_seed37_molholdout_h100_1x_bs4096_200epoch_lustre	/ictstr01/groups/ml01/workspace/artur.szalata/code/chem-perturbridge_lpm/.plib_cache/results/lpm_paper10_finetune_fixmol_novartis_seed37_molholdout_h100_1x_bs4096_200epoch_lustre/LPM_7822f52048e269cf/seed_37/checkpoints/best-validation-rmse-epoch0041.ckpt	0.67449444	0.53950000	ok
finetune_frozen_molecule_embeddings	37	op3	op3	lpm_paper10_finetune_fixmol_op3_seed37_molholdout_h100_2x_bs4096_200epoch_lustre	/ictstr01/groups/ml01/workspace/artur.szalata/code/chem-perturbridge_lpm/.plib_cache/results/lpm_paper10_finetune_fixmol_op3_seed37_molholdout_h100_2x_bs4096_200epoch_lustre/LPM_754e9d597cc12cc3/seed_37/checkpoints/best-validation-rmse-epoch0021.ckpt	0.42037438	0.34920000	ok
finetune_frozen_molecule_embeddings	37	sciplex	srivatsan20_sciplex3	lpm_paper10_finetune_fixmol_sciplex_seed37_molholdout_h100_2x_bs4096_200epoch_lustre	/ictstr01/groups/ml01/workspace/artur.szalata/code/chem-perturbridge_lpm/.plib_cache/results/lpm_paper10_finetune_fixmol_sciplex_seed37_molholdout_h100_2x_bs4096_200epoch_lustre/LPM_c16e0ceef1b85e3a/seed_37/checkpoints/best-validation-rmse-epoch0056.ckpt	0.71220636	0.68800000	ok
finetune_frozen_molecule_embeddings	37	tahoe100	tahoe100	lpm_paper10_finetune_fixmol_tahoe100_seed37_molholdout_h100_2x_bs4096_200epoch_lustre	/ictstr01/groups/ml01/workspace/artur.szalata/code/chem-perturbridge_lpm/.plib_cache/results/lpm_paper10_finetune_fixmol_tahoe100_seed37_molholdout_h100_2x_bs4096_200epoch_lustre/LPM_dc60c82fd7c570bc/seed_37/checkpoints/best-validation-rmse-epoch0004.ckpt	0.74353854	0.74450000	ok
finetune_frozen_molecule_embeddings	37	vcpi_0001	Ginkgo VCPI vcpi-0001 (tvc-bhr-009)	lpm_paper10_finetune_fixmol_vcpi_0001_seed37_molholdout_h100_1x_bs4096_200epoch_lustre	/ictstr01/groups/ml01/workspace/artur.szalata/code/chem-perturbridge_lpm/.plib_cache/results/lpm_paper10_finetune_fixmol_vcpi_0001_seed37_molholdout_h100_1x_bs4096_200epoch_lustre/LPM_56ae0319ea39ee76/seed_37/checkpoints/best-validation-rmse-epoch0032.ckpt	0.55356150	0.57070000	ok
finetune_frozen_molecule_embeddings	37	vcpi_0002	Ginkgo VCPI vcpi-0002 (tvc-kdl-010)	lpm_paper10_finetune_fixmol_vcpi_0002_seed37_molholdout_h100_1x_bs4096_200epoch_lustre	/ictstr01/groups/ml01/workspace/artur.szalata/code/chem-perturbridge_lpm/.plib_cache/results/lpm_paper10_finetune_fixmol_vcpi_0002_seed37_molholdout_h100_1x_bs4096_200epoch_lustre/LPM_5b180377f3cc8434/seed_37/checkpoints/best-validation-rmse-epoch0027.ckpt	0.51018868		ok
finetune_frozen_molecule_embeddings	41	cigs_mce	CIGS MCE	lpm_paper10_finetune_fixmol_cigs_mce_seed41_molholdout_h100_2x_bs4096_200epoch_lustre	/ictstr01/groups/ml01/workspace/artur.szalata/code/chem-perturbridge_lpm/.plib_cache/results/lpm_paper10_finetune_fixmol_cigs_mce_seed41_molholdout_h100_2x_bs4096_200epoch_lustre/LPM_01a403c51d5d0f62/seed_41/checkpoints/best-validation-rmse-epoch0039.ckpt	0.58548731	0.57550000	ok
finetune_frozen_molecule_embeddings	41	cigs_tcm	CIGS TCM	lpm_paper10_finetune_fixmol_cigs_tcm_seed41_molholdout_h100_2x_bs4096_200epoch_lustre	/ictstr01/groups/ml01/workspace/artur.szalata/code/chem-perturbridge_lpm/.plib_cache/results/lpm_paper10_finetune_fixmol_cigs_tcm_seed41_molholdout_h100_2x_bs4096_200epoch_lustre/LPM_d1d1544a374d10d0/seed_41/checkpoints/best-validation-rmse-epoch0001.ckpt	0.44724090	0.40780000	ok
finetune_frozen_molecule_embeddings	41	dilimap_train	dilimap_train	lpm_paper10_finetune_fixmol_dilimap_train_seed41_molholdout_h100_1x_bs4096_200epoch_lustre	/ictstr01/groups/ml01/workspace/artur.szalata/code/chem-perturbridge_lpm/.plib_cache/results/lpm_paper10_finetune_fixmol_dilimap_train_seed41_molholdout_h100_1x_bs4096_200epoch_lustre/LPM_05ba932446081800/seed_41/checkpoints/best-validation-rmse-epoch0067.ckpt	0.58588692	0.61080000	ok
finetune_frozen_molecule_embeddings	41	gdpx2	Ginkgo GDPx2	lpm_paper10_finetune_fixmol_gdpx2_seed41_molholdout_h100_2x_bs4096_200epoch_lustre	/ictstr01/groups/ml01/workspace/artur.szalata/code/chem-perturbridge_lpm/.plib_cache/results/lpm_paper10_finetune_fixmol_gdpx2_seed41_molholdout_h100_2x_bs4096_200epoch_lustre/LPM_08772434467189f2/seed_41/checkpoints/best-validation-rmse-epoch0022.ckpt	0.56545977	0.44160000	ok
finetune_frozen_molecule_embeddings	41	lincs_phase1	LINCS_phase1_level3_epsilon	lpm_paper10_finetune_fixmol_lincs_phase1_seed41_molholdout_h100_2x_bs4096_200epoch_lustre	/ictstr01/groups/ml01/workspace/artur.szalata/code/chem-perturbridge_lpm/.plib_cache/results/lpm_paper10_finetune_fixmol_lincs_phase1_seed41_molholdout_h100_2x_bs4096_200epoch_lustre/LPM_8ce3ec51d06d82fe/seed_41/checkpoints/best-validation-rmse-epoch0022.ckpt	0.60724886	0.62320000	ok
finetune_frozen_molecule_embeddings	41	lincs_phase2	LINCS_phase2_level3	lpm_paper10_finetune_fixmol_lincs_phase2_seed41_molholdout_h100_2x_bs4096_200epoch_lustre	/ictstr01/groups/ml01/workspace/artur.szalata/code/chem-perturbridge_lpm/.plib_cache/results/lpm_paper10_finetune_fixmol_lincs_phase2_seed41_molholdout_h100_2x_bs4096_200epoch_lustre/LPM_140b89f9fdb5704e/seed_41/checkpoints/best-validation-rmse-epoch0025.ckpt	0.46514255	0.48230000	ok
finetune_frozen_molecule_embeddings	41	novartis	Novartis MoABox DRUG-seq	lpm_paper10_finetune_fixmol_novartis_seed41_molholdout_h100_1x_bs4096_200epoch_lustre	/ictstr01/groups/ml01/workspace/artur.szalata/code/chem-perturbridge_lpm/.plib_cache/results/lpm_paper10_finetune_fixmol_novartis_seed41_molholdout_h100_1x_bs4096_200epoch_lustre/LPM_7822f52048e269cf/seed_41/checkpoints/best-validation-rmse-epoch0043.ckpt	0.67412772	0.53930000	ok
finetune_frozen_molecule_embeddings	41	op3	op3	lpm_paper10_finetune_fixmol_op3_seed41_molholdout_h100_2x_bs4096_200epoch_lustre	/ictstr01/groups/ml01/workspace/artur.szalata/code/chem-perturbridge_lpm/.plib_cache/results/lpm_paper10_finetune_fixmol_op3_seed41_molholdout_h100_2x_bs4096_200epoch_lustre/LPM_754e9d597cc12cc3/seed_41/checkpoints/best-validation-rmse-epoch0026.ckpt	0.41934472	0.34790000	ok
finetune_frozen_molecule_embeddings	41	sciplex	srivatsan20_sciplex3	lpm_paper10_finetune_fixmol_sciplex_seed41_molholdout_h100_2x_bs4096_200epoch_lustre	/ictstr01/groups/ml01/workspace/artur.szalata/code/chem-perturbridge_lpm/.plib_cache/results/lpm_paper10_finetune_fixmol_sciplex_seed41_molholdout_h100_2x_bs4096_200epoch_lustre/LPM_c16e0ceef1b85e3a/seed_41/checkpoints/best-validation-rmse-epoch0054.ckpt	0.71190388	0.69140000	ok
finetune_frozen_molecule_embeddings	41	tahoe100	tahoe100	lpm_paper10_finetune_fixmol_tahoe100_seed41_molholdout_h100_2x_bs4096_200epoch_lustre	/ictstr01/groups/ml01/workspace/artur.szalata/code/chem-perturbridge_lpm/.plib_cache/results/lpm_paper10_finetune_fixmol_tahoe100_seed41_molholdout_h100_2x_bs4096_200epoch_lustre/LPM_dc60c82fd7c570bc/seed_41/checkpoints/best-validation-rmse-epoch0012.ckpt	0.74507044	0.74330000	ok
finetune_frozen_molecule_embeddings	41	vcpi_0001	Ginkgo VCPI vcpi-0001 (tvc-bhr-009)	lpm_paper10_finetune_fixmol_vcpi_0001_seed41_molholdout_h100_1x_bs4096_200epoch_lustre	/ictstr01/groups/ml01/workspace/artur.szalata/code/chem-perturbridge_lpm/.plib_cache/results/lpm_paper10_finetune_fixmol_vcpi_0001_seed41_molholdout_h100_1x_bs4096_200epoch_lustre/LPM_56ae0319ea39ee76/seed_41/checkpoints/best-validation-rmse-epoch0032.ckpt	0.55356150	0.57070000	ok
finetune_frozen_molecule_embeddings	41	vcpi_0002	Ginkgo VCPI vcpi-0002 (tvc-kdl-010)	lpm_paper10_finetune_fixmol_vcpi_0002_seed41_molholdout_h100_1x_bs4096_200epoch_lustre	/ictstr01/groups/ml01/workspace/artur.szalata/code/chem-perturbridge_lpm/.plib_cache/results/lpm_paper10_finetune_fixmol_vcpi_0002_seed41_molholdout_h100_1x_bs4096_200epoch_lustre/LPM_5b180377f3cc8434/seed_41/checkpoints/best-validation-rmse-epoch0027.ckpt	0.51018868		ok
finetune_frozen_molecule_embeddings	43	cigs_mce	CIGS MCE	lpm_paper10_finetune_fixmol_cigs_mce_seed43_molholdout_h100_2x_bs4096_200epoch_lustre	/ictstr01/groups/ml01/workspace/artur.szalata/code/chem-perturbridge_lpm/.plib_cache/results/lpm_paper10_finetune_fixmol_cigs_mce_seed43_molholdout_h100_2x_bs4096_200epoch_lustre/LPM_01a403c51d5d0f62/seed_43/checkpoints/best-validation-rmse-epoch0039.ckpt	0.58554219	0.57560000	ok
finetune_frozen_molecule_embeddings	43	cigs_tcm	CIGS TCM	lpm_paper10_finetune_fixmol_cigs_tcm_seed43_molholdout_h100_2x_bs4096_200epoch_lustre	/ictstr01/groups/ml01/workspace/artur.szalata/code/chem-perturbridge_lpm/.plib_cache/results/lpm_paper10_finetune_fixmol_cigs_tcm_seed43_molholdout_h100_2x_bs4096_200epoch_lustre/LPM_d1d1544a374d10d0/seed_43/checkpoints/best-validation-rmse-epoch0005.ckpt	0.44730411	0.40770000	ok
finetune_frozen_molecule_embeddings	43	dilimap_train	dilimap_train	lpm_paper10_finetune_fixmol_dilimap_train_seed43_molholdout_h100_1x_bs4096_200epoch_lustre	/ictstr01/groups/ml01/workspace/artur.szalata/code/chem-perturbridge_lpm/.plib_cache/results/lpm_paper10_finetune_fixmol_dilimap_train_seed43_molholdout_h100_1x_bs4096_200epoch_lustre/LPM_05ba932446081800/seed_43/checkpoints/best-validation-rmse-epoch0083.ckpt	0.58464649	0.60730000	ok
finetune_frozen_molecule_embeddings	43	gdpx2	Ginkgo GDPx2	lpm_paper10_finetune_fixmol_gdpx2_seed43_molholdout_h100_2x_bs4096_200epoch_lustre	/ictstr01/groups/ml01/workspace/artur.szalata/code/chem-perturbridge_lpm/.plib_cache/results/lpm_paper10_finetune_fixmol_gdpx2_seed43_molholdout_h100_2x_bs4096_200epoch_lustre/LPM_08772434467189f2/seed_43/checkpoints/best-validation-rmse-epoch0009.ckpt	0.55804032	0.44450000	ok
finetune_frozen_molecule_embeddings	43	lincs_phase1	LINCS_phase1_level3_epsilon	lpm_paper10_finetune_fixmol_lincs_phase1_seed43_molholdout_h100_2x_bs4096_200epoch_lustre	/ictstr01/groups/ml01/workspace/artur.szalata/code/chem-perturbridge_lpm/.plib_cache/results/lpm_paper10_finetune_fixmol_lincs_phase1_seed43_molholdout_h100_2x_bs4096_200epoch_lustre/LPM_8ce3ec51d06d82fe/seed_43/checkpoints/best-validation-rmse-epoch0027.ckpt	0.60687902	0.62350000	ok
finetune_frozen_molecule_embeddings	43	lincs_phase2	LINCS_phase2_level3	lpm_paper10_finetune_fixmol_lincs_phase2_seed43_molholdout_h100_2x_bs4096_200epoch_lustre	/ictstr01/groups/ml01/workspace/artur.szalata/code/chem-perturbridge_lpm/.plib_cache/results/lpm_paper10_finetune_fixmol_lincs_phase2_seed43_molholdout_h100_2x_bs4096_200epoch_lustre/LPM_140b89f9fdb5704e/seed_43/checkpoints/best-validation-rmse-epoch0020.ckpt	0.46482258	0.48310000	ok
finetune_frozen_molecule_embeddings	43	novartis	Novartis MoABox DRUG-seq	lpm_paper10_finetune_fixmol_novartis_seed43_molholdout_h100_1x_bs4096_200epoch_lustre	/ictstr01/groups/ml01/workspace/artur.szalata/code/chem-perturbridge_lpm/.plib_cache/results/lpm_paper10_finetune_fixmol_novartis_seed43_molholdout_h100_1x_bs4096_200epoch_lustre/LPM_7822f52048e269cf/seed_43/checkpoints/best-validation-rmse-epoch0060.ckpt	0.67418912	0.53910000	ok
finetune_frozen_molecule_embeddings	43	op3	op3	lpm_paper10_finetune_fixmol_op3_seed43_molholdout_h100_2x_bs4096_200epoch_lustre	/ictstr01/groups/ml01/workspace/artur.szalata/code/chem-perturbridge_lpm/.plib_cache/results/lpm_paper10_finetune_fixmol_op3_seed43_molholdout_h100_2x_bs4096_200epoch_lustre/LPM_754e9d597cc12cc3/seed_43/checkpoints/best-validation-rmse-epoch0014.ckpt	0.41739139	0.34650000	ok
finetune_frozen_molecule_embeddings	43	sciplex	srivatsan20_sciplex3	lpm_paper10_finetune_fixmol_sciplex_seed43_molholdout_h100_2x_bs4096_200epoch_lustre	/ictstr01/groups/ml01/workspace/artur.szalata/code/chem-perturbridge_lpm/.plib_cache/results/lpm_paper10_finetune_fixmol_sciplex_seed43_molholdout_h100_2x_bs4096_200epoch_lustre/LPM_c16e0ceef1b85e3a/seed_43/checkpoints/best-validation-rmse-epoch0074.ckpt	0.71049646	0.68800000	ok
finetune_frozen_molecule_embeddings	43	tahoe100	tahoe100	lpm_paper10_finetune_fixmol_tahoe100_seed43_molholdout_h100_2x_bs4096_200epoch_lustre	/ictstr01/groups/ml01/workspace/artur.szalata/code/chem-perturbridge_lpm/.plib_cache/results/lpm_paper10_finetune_fixmol_tahoe100_seed43_molholdout_h100_2x_bs4096_200epoch_lustre/LPM_dc60c82fd7c570bc/seed_43/checkpoints/best-validation-rmse-epoch0000.ckpt	0.74536172	0.74330000	ok
finetune_frozen_molecule_embeddings	43	vcpi_0001	Ginkgo VCPI vcpi-0001 (tvc-bhr-009)	lpm_paper10_finetune_fixmol_vcpi_0001_seed43_molholdout_h100_1x_bs4096_200epoch_lustre	/ictstr01/groups/ml01/workspace/artur.szalata/code/chem-perturbridge_lpm/.plib_cache/results/lpm_paper10_finetune_fixmol_vcpi_0001_seed43_molholdout_h100_1x_bs4096_200epoch_lustre/LPM_56ae0319ea39ee76/seed_43/checkpoints/best-validation-rmse-epoch0032.ckpt	0.55356151	0.57070000	ok
finetune_frozen_molecule_embeddings	43	vcpi_0002	Ginkgo VCPI vcpi-0002 (tvc-kdl-010)	lpm_paper10_finetune_fixmol_vcpi_0002_seed43_molholdout_h100_1x_bs4096_200epoch_lustre	/ictstr01/groups/ml01/workspace/artur.szalata/code/chem-perturbridge_lpm/.plib_cache/results/lpm_paper10_finetune_fixmol_vcpi_0002_seed43_molholdout_h100_1x_bs4096_200epoch_lustre/LPM_5b180377f3cc8434/seed_43/checkpoints/best-validation-rmse-epoch0027.ckpt	0.51018868		ok
finetune_frozen_molecule_embeddings	47	cigs_mce	CIGS MCE	lpm_paper10_finetune_fixmol_cigs_mce_seed47_molholdout_h100_2x_bs4096_200epoch_lustre	/ictstr01/groups/ml01/workspace/artur.szalata/code/chem-perturbridge_lpm/.plib_cache/results/lpm_paper10_finetune_fixmol_cigs_mce_seed47_molholdout_h100_2x_bs4096_200epoch_lustre/LPM_01a403c51d5d0f62/seed_47/checkpoints/best-validation-rmse-epoch0037.ckpt	0.58624261	0.57740000	ok
finetune_frozen_molecule_embeddings	47	cigs_tcm	CIGS TCM	lpm_paper10_finetune_fixmol_cigs_tcm_seed47_molholdout_h100_2x_bs4096_200epoch_lustre	/ictstr01/groups/ml01/workspace/artur.szalata/code/chem-perturbridge_lpm/.plib_cache/results/lpm_paper10_finetune_fixmol_cigs_tcm_seed47_molholdout_h100_2x_bs4096_200epoch_lustre/LPM_d1d1544a374d10d0/seed_47/checkpoints/best-validation-rmse-epoch0005.ckpt	0.44730519	0.40770000	ok
finetune_frozen_molecule_embeddings	47	dilimap_train	dilimap_train	lpm_paper10_finetune_fixmol_dilimap_train_seed47_molholdout_h100_1x_bs4096_200epoch_lustre	/ictstr01/groups/ml01/workspace/artur.szalata/code/chem-perturbridge_lpm/.plib_cache/results/lpm_paper10_finetune_fixmol_dilimap_train_seed47_molholdout_h100_1x_bs4096_200epoch_lustre/LPM_05ba932446081800/seed_47/checkpoints/best-validation-rmse-epoch0087.ckpt	0.58566264	0.60980000	ok
finetune_frozen_molecule_embeddings	47	gdpx2	Ginkgo GDPx2	lpm_paper10_finetune_fixmol_gdpx2_seed47_molholdout_h100_2x_bs4096_200epoch_lustre	/ictstr01/groups/ml01/workspace/artur.szalata/code/chem-perturbridge_lpm/.plib_cache/results/lpm_paper10_finetune_fixmol_gdpx2_seed47_molholdout_h100_2x_bs4096_200epoch_lustre/LPM_08772434467189f2/seed_47/checkpoints/best-validation-rmse-epoch0008.ckpt	0.55603386	0.44480000	ok
finetune_frozen_molecule_embeddings	47	lincs_phase1	LINCS_phase1_level3_epsilon	lpm_paper10_finetune_fixmol_lincs_phase1_seed47_molholdout_h100_2x_bs4096_200epoch_lustre	/ictstr01/groups/ml01/workspace/artur.szalata/code/chem-perturbridge_lpm/.plib_cache/results/lpm_paper10_finetune_fixmol_lincs_phase1_seed47_molholdout_h100_2x_bs4096_200epoch_lustre/LPM_8ce3ec51d06d82fe/seed_47/checkpoints/best-validation-rmse-epoch0022.ckpt	0.60670656	0.62330000	ok
finetune_frozen_molecule_embeddings	47	lincs_phase2	LINCS_phase2_level3	lpm_paper10_finetune_fixmol_lincs_phase2_seed47_molholdout_h100_2x_bs4096_200epoch_lustre	/ictstr01/groups/ml01/workspace/artur.szalata/code/chem-perturbridge_lpm/.plib_cache/results/lpm_paper10_finetune_fixmol_lincs_phase2_seed47_molholdout_h100_2x_bs4096_200epoch_lustre/LPM_140b89f9fdb5704e/seed_47/checkpoints/best-validation-rmse-epoch0037.ckpt	0.46480636	0.48290000	ok
finetune_frozen_molecule_embeddings	47	novartis	Novartis MoABox DRUG-seq	lpm_paper10_finetune_fixmol_novartis_seed47_molholdout_h100_1x_bs4096_200epoch_lustre	/ictstr01/groups/ml01/workspace/artur.szalata/code/chem-perturbridge_lpm/.plib_cache/results/lpm_paper10_finetune_fixmol_novartis_seed47_molholdout_h100_1x_bs4096_200epoch_lustre/LPM_7822f52048e269cf/seed_47/checkpoints/best-validation-rmse-epoch0098.ckpt	0.67510121	0.54040000	ok
finetune_frozen_molecule_embeddings	47	op3	op3	lpm_paper10_finetune_fixmol_op3_seed47_molholdout_h100_2x_bs4096_200epoch_lustre	/ictstr01/groups/ml01/workspace/artur.szalata/code/chem-perturbridge_lpm/.plib_cache/results/lpm_paper10_finetune_fixmol_op3_seed47_molholdout_h100_2x_bs4096_200epoch_lustre/LPM_754e9d597cc12cc3/seed_47/checkpoints/best-validation-rmse-epoch0031.ckpt	0.41922487	0.34770000	ok
finetune_frozen_molecule_embeddings	47	sciplex	srivatsan20_sciplex3	lpm_paper10_finetune_fixmol_sciplex_seed47_molholdout_h100_2x_bs4096_200epoch_lustre	/ictstr01/groups/ml01/workspace/artur.szalata/code/chem-perturbridge_lpm/.plib_cache/results/lpm_paper10_finetune_fixmol_sciplex_seed47_molholdout_h100_2x_bs4096_200epoch_lustre/LPM_c16e0ceef1b85e3a/seed_47/checkpoints/best-validation-rmse-epoch0053.ckpt	0.71402621	0.68950000	ok
finetune_frozen_molecule_embeddings	47	tahoe100	tahoe100	lpm_paper10_finetune_fixmol_tahoe100_seed47_molholdout_h100_2x_bs4096_200epoch_lustre	/ictstr01/groups/ml01/workspace/artur.szalata/code/chem-perturbridge_lpm/.plib_cache/results/lpm_paper10_finetune_fixmol_tahoe100_seed47_molholdout_h100_2x_bs4096_200epoch_lustre/LPM_dc60c82fd7c570bc/seed_47/checkpoints/best-validation-rmse-epoch0002.ckpt	0.74315360	0.74150000	ok
finetune_frozen_molecule_embeddings	47	vcpi_0001	Ginkgo VCPI vcpi-0001 (tvc-bhr-009)	lpm_paper10_finetune_fixmol_vcpi_0001_seed47_molholdout_h100_1x_bs4096_200epoch_lustre	/ictstr01/groups/ml01/workspace/artur.szalata/code/chem-perturbridge_lpm/.plib_cache/results/lpm_paper10_finetune_fixmol_vcpi_0001_seed47_molholdout_h100_1x_bs4096_200epoch_lustre/LPM_56ae0319ea39ee76/seed_47/checkpoints/best-validation-rmse-epoch0032.ckpt	0.55356147	0.57070000	ok
finetune_frozen_molecule_embeddings	47	vcpi_0002	Ginkgo VCPI vcpi-0002 (tvc-kdl-010)	lpm_paper10_finetune_fixmol_vcpi_0002_seed47_molholdout_h100_1x_bs4096_200epoch_lustre	/ictstr01/groups/ml01/workspace/artur.szalata/code/chem-perturbridge_lpm/.plib_cache/results/lpm_paper10_finetune_fixmol_vcpi_0002_seed47_molholdout_h100_1x_bs4096_200epoch_lustre/LPM_5b180377f3cc8434/seed_47/checkpoints/best-validation-rmse-epoch0027.ckpt	0.51018866		ok
finetune_morgan_fixed	13	cigs_mce	CIGS MCE	lpm_paper10_morgan_fixed_finetune_fixmol_cigs_mce_seed13_molholdout_h100_2x_bs4096_200epoch_lustre	/ictstr01/groups/ml01/workspace/artur.szalata/code/chem-perturbridge_lpm/.plib_cache/results/lpm_paper10_morgan_fixed_finetune_fixmol_cigs_mce_seed13_molholdout_h100_2x_bs4096_200epoch_lustre/LPM_c5b2854a9de342cc/seed_13/checkpoints/best-validation-rmse-epoch0161.ckpt	0.58449753	0.59690000	ok
finetune_morgan_fixed	13	cigs_tcm	CIGS TCM	lpm_paper10_morgan_fixed_finetune_fixmol_cigs_tcm_seed13_molholdout_h100_2x_bs4096_200epoch_lustre	/ictstr01/groups/ml01/workspace/artur.szalata/code/chem-perturbridge_lpm/.plib_cache/results/lpm_paper10_morgan_fixed_finetune_fixmol_cigs_tcm_seed13_molholdout_h100_2x_bs4096_200epoch_lustre/LPM_219bba3a8abbbb9f/seed_13/checkpoints/best-validation-rmse-epoch0001.ckpt	0.44751091	0.40750000	ok
finetune_morgan_fixed	13	dilimap_train	dilimap_train	lpm_paper10_morgan_fixed_finetune_fixmol_dilimap_train_seed13_molholdout_h100_1x_bs4096_200epoch_lustre	/ictstr01/groups/ml01/workspace/artur.szalata/code/chem-perturbridge_lpm/.plib_cache/results/lpm_paper10_morgan_fixed_finetune_fixmol_dilimap_train_seed13_molholdout_h100_1x_bs4096_200epoch_lustre/LPM_ec665ed89ddd10d8/seed_13/checkpoints/best-validation-rmse-epoch0130.ckpt	0.58318373	0.60890000	ok
finetune_morgan_fixed	13	gdpx2	Ginkgo GDPx2	lpm_paper10_morgan_fixed_finetune_fixmol_gdpx2_seed13_molholdout_h100_2x_bs4096_200epoch_lustre	/ictstr01/groups/ml01/workspace/artur.szalata/code/chem-perturbridge_lpm/.plib_cache/results/lpm_paper10_morgan_fixed_finetune_fixmol_gdpx2_seed13_molholdout_h100_2x_bs4096_200epoch_lustre/LPM_62c5e56cb241a25f/seed_13/checkpoints/best-validation-rmse-epoch0049.ckpt	0.56718791	0.44120000	ok
finetune_morgan_fixed	13	lincs_phase1	LINCS_phase1_level3_epsilon	lpm_paper10_morgan_fixed_finetune_fixmol_lincs_phase1_seed13_molholdout_h100_2x_bs4096_200epoch_lustre	/ictstr01/groups/ml01/workspace/artur.szalata/code/chem-perturbridge_lpm/.plib_cache/results/lpm_paper10_morgan_fixed_finetune_fixmol_lincs_phase1_seed13_molholdout_h100_2x_bs4096_200epoch_lustre/LPM_f1d1357ad5b0ff79/seed_13/checkpoints/best-validation-rmse-epoch0030.ckpt	0.61155330	0.62410000	ok
finetune_morgan_fixed	13	lincs_phase2	LINCS_phase2_level3	lpm_paper10_morgan_fixed_finetune_fixmol_lincs_phase2_seed13_molholdout_h100_2x_bs4096_200epoch_lustre	/ictstr01/groups/ml01/workspace/artur.szalata/code/chem-perturbridge_lpm/.plib_cache/results/lpm_paper10_morgan_fixed_finetune_fixmol_lincs_phase2_seed13_molholdout_h100_2x_bs4096_200epoch_lustre/LPM_a6cadb788fd02c0b/seed_13/checkpoints/best-validation-rmse-epoch0028.ckpt	0.47058827	0.48490000	ok
finetune_morgan_fixed	13	novartis	Novartis MoABox DRUG-seq	lpm_paper10_morgan_fixed_finetune_fixmol_novartis_seed13_molholdout_h100_1x_bs4096_200epoch_lustre	/ictstr01/groups/ml01/workspace/artur.szalata/code/chem-perturbridge_lpm/.plib_cache/results/lpm_paper10_morgan_fixed_finetune_fixmol_novartis_seed13_molholdout_h100_1x_bs4096_200epoch_lustre/LPM_8dbc9ad74f1f4441/seed_13/checkpoints/best-validation-rmse-epoch0059.ckpt	0.67602481	0.53780000	ok
finetune_morgan_fixed	13	op3	op3	lpm_paper10_morgan_fixed_finetune_fixmol_op3_seed13_molholdout_h100_2x_bs4096_200epoch_lustre	/ictstr01/groups/ml01/workspace/artur.szalata/code/chem-perturbridge_lpm/.plib_cache/results/lpm_paper10_morgan_fixed_finetune_fixmol_op3_seed13_molholdout_h100_2x_bs4096_200epoch_lustre/LPM_fe389e971518b6db/seed_13/checkpoints/best-validation-rmse-epoch0048.ckpt	0.41655611	0.34630000	ok
finetune_morgan_fixed	13	sciplex	srivatsan20_sciplex3	lpm_paper10_morgan_fixed_finetune_fixmol_sciplex_seed13_molholdout_h100_2x_bs4096_200epoch_lustre	/ictstr01/groups/ml01/workspace/artur.szalata/code/chem-perturbridge_lpm/.plib_cache/results/lpm_paper10_morgan_fixed_finetune_fixmol_sciplex_seed13_molholdout_h100_2x_bs4096_200epoch_lustre/LPM_b61985f2a2edcbaf/seed_13/checkpoints/best-validation-rmse-epoch0199.ckpt	0.71430465	0.68560000	ok
finetune_morgan_fixed	13	tahoe100	tahoe100	lpm_paper10_morgan_fixed_finetune_fixmol_tahoe100_seed13_molholdout_h100_2x_bs4096_200epoch_lustre	/ictstr01/groups/ml01/workspace/artur.szalata/code/chem-perturbridge_lpm/.plib_cache/results/lpm_paper10_morgan_fixed_finetune_fixmol_tahoe100_seed13_molholdout_h100_2x_bs4096_200epoch_lustre/LPM_27fedeaacdec06dd/seed_13/checkpoints/best-validation-rmse-epoch0007.ckpt	0.74333655	0.73530000	ok
finetune_morgan_fixed	13	vcpi_0001	Ginkgo VCPI vcpi-0001 (tvc-bhr-009)	lpm_paper10_morgan_fixed_finetune_fixmol_vcpi_0001_seed13_molholdout_h100_1x_bs4096_200epoch_lustre	/ictstr01/groups/ml01/workspace/artur.szalata/code/chem-perturbridge_lpm/.plib_cache/results/lpm_paper10_morgan_fixed_finetune_fixmol_vcpi_0001_seed13_molholdout_h100_1x_bs4096_200epoch_lustre/LPM_1dc4f1d940a33eab/seed_13/checkpoints/best-validation-rmse-epoch0180.ckpt	0.55346809	0.57080000	ok
finetune_morgan_fixed	13	vcpi_0002	Ginkgo VCPI vcpi-0002 (tvc-kdl-010)	lpm_paper10_morgan_fixed_finetune_fixmol_vcpi_0002_seed13_molholdout_h100_1x_bs4096_200epoch_lustre	/ictstr01/groups/ml01/workspace/artur.szalata/code/chem-perturbridge_lpm/.plib_cache/results/lpm_paper10_morgan_fixed_finetune_fixmol_vcpi_0002_seed13_molholdout_h100_1x_bs4096_200epoch_lustre/LPM_daf7ab7bf674b011/seed_13/checkpoints/best-validation-rmse-epoch0007.ckpt	0.51010657		ok
finetune_morgan_fixed	17	cigs_mce	CIGS MCE	lpm_paper10_morgan_fixed_finetune_fixmol_cigs_mce_seed17_molholdout_h100_2x_bs4096_200epoch_lustre	/ictstr01/groups/ml01/workspace/artur.szalata/code/chem-perturbridge_lpm/.plib_cache/results/lpm_paper10_morgan_fixed_finetune_fixmol_cigs_mce_seed17_molholdout_h100_2x_bs4096_200epoch_lustre/LPM_c5b2854a9de342cc/seed_17/checkpoints/best-validation-rmse-epoch0156.ckpt	0.58464852	0.58460000	ok
finetune_morgan_fixed	17	cigs_tcm	CIGS TCM	lpm_paper10_morgan_fixed_finetune_fixmol_cigs_tcm_seed17_molholdout_h100_2x_bs4096_200epoch_lustre	/ictstr01/groups/ml01/workspace/artur.szalata/code/chem-perturbridge_lpm/.plib_cache/results/lpm_paper10_morgan_fixed_finetune_fixmol_cigs_tcm_seed17_molholdout_h100_2x_bs4096_200epoch_lustre/LPM_219bba3a8abbbb9f/seed_17/checkpoints/best-validation-rmse-epoch0001.ckpt	0.44775453	0.40770000	ok
finetune_morgan_fixed	17	dilimap_train	dilimap_train	lpm_paper10_morgan_fixed_finetune_fixmol_dilimap_train_seed17_molholdout_h100_1x_bs4096_200epoch_lustre	/ictstr01/groups/ml01/workspace/artur.szalata/code/chem-perturbridge_lpm/.plib_cache/results/lpm_paper10_morgan_fixed_finetune_fixmol_dilimap_train_seed17_molholdout_h100_1x_bs4096_200epoch_lustre/LPM_ec665ed89ddd10d8/seed_17/checkpoints/best-validation-rmse-epoch0194.ckpt	0.58281984	0.60870000	ok
finetune_morgan_fixed	17	gdpx2	Ginkgo GDPx2	lpm_paper10_morgan_fixed_finetune_fixmol_gdpx2_seed17_molholdout_h100_2x_bs4096_200epoch_lustre	/ictstr01/groups/ml01/workspace/artur.szalata/code/chem-perturbridge_lpm/.plib_cache/results/lpm_paper10_morgan_fixed_finetune_fixmol_gdpx2_seed17_molholdout_h100_2x_bs4096_200epoch_lustre/LPM_62c5e56cb241a25f/seed_17/checkpoints/best-validation-rmse-epoch0041.ckpt	0.56401576	0.44410000	ok
finetune_morgan_fixed	17	lincs_phase1	LINCS_phase1_level3_epsilon	lpm_paper10_morgan_fixed_finetune_fixmol_lincs_phase1_seed17_molholdout_h100_2x_bs4096_200epoch_lustre	/ictstr01/groups/ml01/workspace/artur.szalata/code/chem-perturbridge_lpm/.plib_cache/results/lpm_paper10_morgan_fixed_finetune_fixmol_lincs_phase1_seed17_molholdout_h100_2x_bs4096_200epoch_lustre/LPM_f1d1357ad5b0ff79/seed_17/checkpoints/best-validation-rmse-epoch0035.ckpt	0.61262636	0.62630000	ok
finetune_morgan_fixed	17	lincs_phase2	LINCS_phase2_level3	lpm_paper10_morgan_fixed_finetune_fixmol_lincs_phase2_seed17_molholdout_h100_2x_bs4096_200epoch_lustre	/ictstr01/groups/ml01/workspace/artur.szalata/code/chem-perturbridge_lpm/.plib_cache/results/lpm_paper10_morgan_fixed_finetune_fixmol_lincs_phase2_seed17_molholdout_h100_2x_bs4096_200epoch_lustre/LPM_a6cadb788fd02c0b/seed_17/checkpoints/best-validation-rmse-epoch0009.ckpt	0.46987587	0.48620000	ok
finetune_morgan_fixed	17	novartis	Novartis MoABox DRUG-seq	lpm_paper10_morgan_fixed_finetune_fixmol_novartis_seed17_molholdout_h100_1x_bs4096_200epoch_lustre	/ictstr01/groups/ml01/workspace/artur.szalata/code/chem-perturbridge_lpm/.plib_cache/results/lpm_paper10_morgan_fixed_finetune_fixmol_novartis_seed17_molholdout_h100_1x_bs4096_200epoch_lustre/LPM_8dbc9ad74f1f4441/seed_17/checkpoints/best-validation-rmse-epoch0071.ckpt	0.67618180	0.53790000	ok
finetune_morgan_fixed	17	op3	op3	lpm_paper10_morgan_fixed_finetune_fixmol_op3_seed17_molholdout_h100_2x_bs4096_200epoch_lustre	/ictstr01/groups/ml01/workspace/artur.szalata/code/chem-perturbridge_lpm/.plib_cache/results/lpm_paper10_morgan_fixed_finetune_fixmol_op3_seed17_molholdout_h100_2x_bs4096_200epoch_lustre/LPM_fe389e971518b6db/seed_17/checkpoints/best-validation-rmse-epoch0058.ckpt	0.41482050	0.34930000	ok
finetune_morgan_fixed	17	sciplex	srivatsan20_sciplex3	lpm_paper10_morgan_fixed_finetune_fixmol_sciplex_seed17_molholdout_h100_2x_bs4096_200epoch_lustre	/ictstr01/groups/ml01/workspace/artur.szalata/code/chem-perturbridge_lpm/.plib_cache/results/lpm_paper10_morgan_fixed_finetune_fixmol_sciplex_seed17_molholdout_h100_2x_bs4096_200epoch_lustre/LPM_b61985f2a2edcbaf/seed_17/checkpoints/best-validation-rmse-epoch0199.ckpt	0.71472814	0.68560000	ok
finetune_morgan_fixed	17	tahoe100	tahoe100	lpm_paper10_morgan_fixed_finetune_fixmol_tahoe100_seed17_molholdout_h100_2x_bs4096_200epoch_lustre	/ictstr01/groups/ml01/workspace/artur.szalata/code/chem-perturbridge_lpm/.plib_cache/results/lpm_paper10_morgan_fixed_finetune_fixmol_tahoe100_seed17_molholdout_h100_2x_bs4096_200epoch_lustre/LPM_27fedeaacdec06dd/seed_17/checkpoints/best-validation-rmse-epoch0006.ckpt	0.74300310	0.73500000	ok
finetune_morgan_fixed	17	vcpi_0001	Ginkgo VCPI vcpi-0001 (tvc-bhr-009)	lpm_paper10_morgan_fixed_finetune_fixmol_vcpi_0001_seed17_molholdout_h100_1x_bs4096_200epoch_lustre	/ictstr01/groups/ml01/workspace/artur.szalata/code/chem-perturbridge_lpm/.plib_cache/results/lpm_paper10_morgan_fixed_finetune_fixmol_vcpi_0001_seed17_molholdout_h100_1x_bs4096_200epoch_lustre/LPM_1dc4f1d940a33eab/seed_17/checkpoints/best-validation-rmse-epoch0177.ckpt	0.55348209	0.57070000	ok
finetune_morgan_fixed	17	vcpi_0002	Ginkgo VCPI vcpi-0002 (tvc-kdl-010)	lpm_paper10_morgan_fixed_finetune_fixmol_vcpi_0002_seed17_molholdout_h100_1x_bs4096_200epoch_lustre	/ictstr01/groups/ml01/workspace/artur.szalata/code/chem-perturbridge_lpm/.plib_cache/results/lpm_paper10_morgan_fixed_finetune_fixmol_vcpi_0002_seed17_molholdout_h100_1x_bs4096_200epoch_lustre/LPM_daf7ab7bf674b011/seed_17/checkpoints/best-validation-rmse-epoch0008.ckpt	0.51012049		ok
finetune_morgan_fixed	19	cigs_mce	CIGS MCE	lpm_paper10_morgan_fixed_finetune_fixmol_cigs_mce_seed19_molholdout_h100_2x_bs4096_200epoch_lustre	/ictstr01/groups/ml01/workspace/artur.szalata/code/chem-perturbridge_lpm/.plib_cache/results/lpm_paper10_morgan_fixed_finetune_fixmol_cigs_mce_seed19_molholdout_h100_2x_bs4096_200epoch_lustre/LPM_c5b2854a9de342cc/seed_19/checkpoints/best-validation-rmse-epoch0175.ckpt	0.58457386	0.57980000	ok
finetune_morgan_fixed	19	cigs_tcm	CIGS TCM	lpm_paper10_morgan_fixed_finetune_fixmol_cigs_tcm_seed19_molholdout_h100_2x_bs4096_200epoch_lustre	/ictstr01/groups/ml01/workspace/artur.szalata/code/chem-perturbridge_lpm/.plib_cache/results/lpm_paper10_morgan_fixed_finetune_fixmol_cigs_tcm_seed19_molholdout_h100_2x_bs4096_200epoch_lustre/LPM_219bba3a8abbbb9f/seed_19/checkpoints/best-validation-rmse-epoch0001.ckpt	0.44756597	0.40750000	ok
finetune_morgan_fixed	19	dilimap_train	dilimap_train	lpm_paper10_morgan_fixed_finetune_fixmol_dilimap_train_seed19_molholdout_h100_1x_bs4096_200epoch_lustre	/ictstr01/groups/ml01/workspace/artur.szalata/code/chem-perturbridge_lpm/.plib_cache/results/lpm_paper10_morgan_fixed_finetune_fixmol_dilimap_train_seed19_molholdout_h100_1x_bs4096_200epoch_lustre/LPM_ec665ed89ddd10d8/seed_19/checkpoints/best-validation-rmse-epoch0078.ckpt	0.58248762	0.60870000	ok
finetune_morgan_fixed	19	gdpx2	Ginkgo GDPx2	lpm_paper10_morgan_fixed_finetune_fixmol_gdpx2_seed19_molholdout_h100_2x_bs4096_200epoch_lustre	/ictstr01/groups/ml01/workspace/artur.szalata/code/chem-perturbridge_lpm/.plib_cache/results/lpm_paper10_morgan_fixed_finetune_fixmol_gdpx2_seed19_molholdout_h100_2x_bs4096_200epoch_lustre/LPM_62c5e56cb241a25f/seed_19/checkpoints/best-validation-rmse-epoch0044.ckpt	0.56657077	0.43940000	ok
finetune_morgan_fixed	19	lincs_phase1	LINCS_phase1_level3_epsilon	lpm_paper10_morgan_fixed_finetune_fixmol_lincs_phase1_seed19_molholdout_h100_2x_bs4096_200epoch_lustre	/ictstr01/groups/ml01/workspace/artur.szalata/code/chem-perturbridge_lpm/.plib_cache/results/lpm_paper10_morgan_fixed_finetune_fixmol_lincs_phase1_seed19_molholdout_h100_2x_bs4096_200epoch_lustre/LPM_f1d1357ad5b0ff79/seed_19/checkpoints/best-validation-rmse-epoch0021.ckpt	0.60550171	0.62300000	ok
finetune_morgan_fixed	19	lincs_phase2	LINCS_phase2_level3	lpm_paper10_morgan_fixed_finetune_fixmol_lincs_phase2_seed19_molholdout_h100_2x_bs4096_200epoch_lustre	/ictstr01/groups/ml01/workspace/artur.szalata/code/chem-perturbridge_lpm/.plib_cache/results/lpm_paper10_morgan_fixed_finetune_fixmol_lincs_phase2_seed19_molholdout_h100_2x_bs4096_200epoch_lustre/LPM_a6cadb788fd02c0b/seed_19/checkpoints/best-validation-rmse-epoch0005.ckpt	0.47028050	0.48610000	ok
finetune_morgan_fixed	19	novartis	Novartis MoABox DRUG-seq	lpm_paper10_morgan_fixed_finetune_fixmol_novartis_seed19_molholdout_h100_1x_bs4096_200epoch_lustre	/ictstr01/groups/ml01/workspace/artur.szalata/code/chem-perturbridge_lpm/.plib_cache/results/lpm_paper10_morgan_fixed_finetune_fixmol_novartis_seed19_molholdout_h100_1x_bs4096_200epoch_lustre/LPM_8dbc9ad74f1f4441/seed_19/checkpoints/best-validation-rmse-epoch0047.ckpt	0.67588508	0.53800000	ok
finetune_morgan_fixed	19	op3	op3	lpm_paper10_morgan_fixed_finetune_fixmol_op3_seed19_molholdout_h100_2x_bs4096_200epoch_lustre	/ictstr01/groups/ml01/workspace/artur.szalata/code/chem-perturbridge_lpm/.plib_cache/results/lpm_paper10_morgan_fixed_finetune_fixmol_op3_seed19_molholdout_h100_2x_bs4096_200epoch_lustre/LPM_fe389e971518b6db/seed_19/checkpoints/best-validation-rmse-epoch0035.ckpt	0.41620224	0.34510000	ok
finetune_morgan_fixed	19	sciplex	srivatsan20_sciplex3	lpm_paper10_morgan_fixed_finetune_fixmol_sciplex_seed19_molholdout_h100_2x_bs4096_200epoch_lustre	/ictstr01/groups/ml01/workspace/artur.szalata/code/chem-perturbridge_lpm/.plib_cache/results/lpm_paper10_morgan_fixed_finetune_fixmol_sciplex_seed19_molholdout_h100_2x_bs4096_200epoch_lustre/LPM_b61985f2a2edcbaf/seed_19/checkpoints/best-validation-rmse-epoch0190.ckpt	0.71383089	0.68500000	ok
finetune_morgan_fixed	19	tahoe100	tahoe100	lpm_paper10_morgan_fixed_finetune_fixmol_tahoe100_seed19_molholdout_h100_2x_bs4096_200epoch_lustre	/ictstr01/groups/ml01/workspace/artur.szalata/code/chem-perturbridge_lpm/.plib_cache/results/lpm_paper10_morgan_fixed_finetune_fixmol_tahoe100_seed19_molholdout_h100_2x_bs4096_200epoch_lustre/LPM_27fedeaacdec06dd/seed_19/checkpoints/best-validation-rmse-epoch0009.ckpt	0.74216520	0.73390000	ok
finetune_morgan_fixed	19	vcpi_0001	Ginkgo VCPI vcpi-0001 (tvc-bhr-009)	lpm_paper10_morgan_fixed_finetune_fixmol_vcpi_0001_seed19_molholdout_h100_1x_bs4096_200epoch_lustre	/ictstr01/groups/ml01/workspace/artur.szalata/code/chem-perturbridge_lpm/.plib_cache/results/lpm_paper10_morgan_fixed_finetune_fixmol_vcpi_0001_seed19_molholdout_h100_1x_bs4096_200epoch_lustre/LPM_1dc4f1d940a33eab/seed_19/checkpoints/best-validation-rmse-epoch0010.ckpt	0.55352524	0.57070000	ok
finetune_morgan_fixed	19	vcpi_0002	Ginkgo VCPI vcpi-0002 (tvc-kdl-010)	lpm_paper10_morgan_fixed_finetune_fixmol_vcpi_0002_seed19_molholdout_h100_1x_bs4096_200epoch_lustre	/ictstr01/groups/ml01/workspace/artur.szalata/code/chem-perturbridge_lpm/.plib_cache/results/lpm_paper10_morgan_fixed_finetune_fixmol_vcpi_0002_seed19_molholdout_h100_1x_bs4096_200epoch_lustre/LPM_daf7ab7bf674b011/seed_19/checkpoints/best-validation-rmse-epoch0007.ckpt	0.51013164		ok
finetune_morgan_fixed	23	cigs_mce	CIGS MCE	lpm_paper10_morgan_fixed_finetune_fixmol_cigs_mce_seed23_molholdout_h100_2x_bs4096_200epoch_lustre	/ictstr01/groups/ml01/workspace/artur.szalata/code/chem-perturbridge_lpm/.plib_cache/results/lpm_paper10_morgan_fixed_finetune_fixmol_cigs_mce_seed23_molholdout_h100_2x_bs4096_200epoch_lustre/LPM_c5b2854a9de342cc/seed_23/checkpoints/best-validation-rmse-epoch0121.ckpt	0.58455866	0.58330000	ok
finetune_morgan_fixed	23	cigs_tcm	CIGS TCM	lpm_paper10_morgan_fixed_finetune_fixmol_cigs_tcm_seed23_molholdout_h100_2x_bs4096_200epoch_lustre	/ictstr01/groups/ml01/workspace/artur.szalata/code/chem-perturbridge_lpm/.plib_cache/results/lpm_paper10_morgan_fixed_finetune_fixmol_cigs_tcm_seed23_molholdout_h100_2x_bs4096_200epoch_lustre/LPM_219bba3a8abbbb9f/seed_23/checkpoints/best-validation-rmse-epoch0001.ckpt	0.44768607	0.40750000	ok
finetune_morgan_fixed	23	dilimap_train	dilimap_train	lpm_paper10_morgan_fixed_finetune_fixmol_dilimap_train_seed23_molholdout_h100_1x_bs4096_200epoch_lustre	/ictstr01/groups/ml01/workspace/artur.szalata/code/chem-perturbridge_lpm/.plib_cache/results/lpm_paper10_morgan_fixed_finetune_fixmol_dilimap_train_seed23_molholdout_h100_1x_bs4096_200epoch_lustre/LPM_ec665ed89ddd10d8/seed_23/checkpoints/best-validation-rmse-epoch0089.ckpt	0.58248298	0.60900000	ok
finetune_morgan_fixed	23	gdpx2	Ginkgo GDPx2	lpm_paper10_morgan_fixed_finetune_fixmol_gdpx2_seed23_molholdout_h100_2x_bs4096_200epoch_lustre	/ictstr01/groups/ml01/workspace/artur.szalata/code/chem-perturbridge_lpm/.plib_cache/results/lpm_paper10_morgan_fixed_finetune_fixmol_gdpx2_seed23_molholdout_h100_2x_bs4096_200epoch_lustre/LPM_62c5e56cb241a25f/seed_23/checkpoints/best-validation-rmse-epoch0051.ckpt	0.56425350	0.44450000	ok
finetune_morgan_fixed	23	lincs_phase1	LINCS_phase1_level3_epsilon	lpm_paper10_morgan_fixed_finetune_fixmol_lincs_phase1_seed23_molholdout_h100_2x_bs4096_200epoch_lustre	/ictstr01/groups/ml01/workspace/artur.szalata/code/chem-perturbridge_lpm/.plib_cache/results/lpm_paper10_morgan_fixed_finetune_fixmol_lincs_phase1_seed23_molholdout_h100_2x_bs4096_200epoch_lustre/LPM_f1d1357ad5b0ff79/seed_23/checkpoints/best-validation-rmse-epoch0040.ckpt	0.61287509	0.62530000	ok
finetune_morgan_fixed	23	lincs_phase2	LINCS_phase2_level3	lpm_paper10_morgan_fixed_finetune_fixmol_lincs_phase2_seed23_molholdout_h100_2x_bs4096_200epoch_lustre	/ictstr01/groups/ml01/workspace/artur.szalata/code/chem-perturbridge_lpm/.plib_cache/results/lpm_paper10_morgan_fixed_finetune_fixmol_lincs_phase2_seed23_molholdout_h100_2x_bs4096_200epoch_lustre/LPM_a6cadb788fd02c0b/seed_23/checkpoints/best-validation-rmse-epoch0009.ckpt	0.47065175	0.48630000	ok
finetune_morgan_fixed	23	novartis	Novartis MoABox DRUG-seq	lpm_paper10_morgan_fixed_finetune_fixmol_novartis_seed23_molholdout_h100_1x_bs4096_200epoch_lustre	/ictstr01/groups/ml01/workspace/artur.szalata/code/chem-perturbridge_lpm/.plib_cache/results/lpm_paper10_morgan_fixed_finetune_fixmol_novartis_seed23_molholdout_h100_1x_bs4096_200epoch_lustre/LPM_8dbc9ad74f1f4441/seed_23/checkpoints/best-validation-rmse-epoch0048.ckpt	0.67616678	0.53790000	ok
finetune_morgan_fixed	23	op3	op3	lpm_paper10_morgan_fixed_finetune_fixmol_op3_seed23_molholdout_h100_2x_bs4096_200epoch_lustre	/ictstr01/groups/ml01/workspace/artur.szalata/code/chem-perturbridge_lpm/.plib_cache/results/lpm_paper10_morgan_fixed_finetune_fixmol_op3_seed23_molholdout_h100_2x_bs4096_200epoch_lustre/LPM_fe389e971518b6db/seed_23/checkpoints/best-validation-rmse-epoch0056.ckpt	0.40217658	0.33980000	ok
finetune_morgan_fixed	23	sciplex	srivatsan20_sciplex3	lpm_paper10_morgan_fixed_finetune_fixmol_sciplex_seed23_molholdout_h100_2x_bs4096_200epoch_lustre	/ictstr01/groups/ml01/workspace/artur.szalata/code/chem-perturbridge_lpm/.plib_cache/results/lpm_paper10_morgan_fixed_finetune_fixmol_sciplex_seed23_molholdout_h100_2x_bs4096_200epoch_lustre/LPM_b61985f2a2edcbaf/seed_23/checkpoints/best-validation-rmse-epoch0171.ckpt	0.71485971	0.68730000	ok
finetune_morgan_fixed	23	tahoe100	tahoe100	lpm_paper10_morgan_fixed_finetune_fixmol_tahoe100_seed23_molholdout_h100_2x_bs4096_200epoch_lustre	/ictstr01/groups/ml01/workspace/artur.szalata/code/chem-perturbridge_lpm/.plib_cache/results/lpm_paper10_morgan_fixed_finetune_fixmol_tahoe100_seed23_molholdout_h100_2x_bs4096_200epoch_lustre/LPM_27fedeaacdec06dd/seed_23/checkpoints/best-validation-rmse-epoch0008.ckpt	0.74254070	0.73490000	ok
finetune_morgan_fixed	23	vcpi_0001	Ginkgo VCPI vcpi-0001 (tvc-bhr-009)	lpm_paper10_morgan_fixed_finetune_fixmol_vcpi_0001_seed23_molholdout_h100_1x_bs4096_200epoch_lustre	/ictstr01/groups/ml01/workspace/artur.szalata/code/chem-perturbridge_lpm/.plib_cache/results/lpm_paper10_morgan_fixed_finetune_fixmol_vcpi_0001_seed23_molholdout_h100_1x_bs4096_200epoch_lustre/LPM_1dc4f1d940a33eab/seed_23/checkpoints/best-validation-rmse-epoch0011.ckpt	0.55355079	0.57070000	ok
finetune_morgan_fixed	23	vcpi_0002	Ginkgo VCPI vcpi-0002 (tvc-kdl-010)	lpm_paper10_morgan_fixed_finetune_fixmol_vcpi_0002_seed23_molholdout_h100_1x_bs4096_200epoch_lustre	/ictstr01/groups/ml01/workspace/artur.szalata/code/chem-perturbridge_lpm/.plib_cache/results/lpm_paper10_morgan_fixed_finetune_fixmol_vcpi_0002_seed23_molholdout_h100_1x_bs4096_200epoch_lustre/LPM_daf7ab7bf674b011/seed_23/checkpoints/best-validation-rmse-epoch0008.ckpt	0.51007903		ok
finetune_morgan_fixed	29	cigs_mce	CIGS MCE	lpm_paper10_morgan_fixed_finetune_fixmol_cigs_mce_seed29_molholdout_h100_2x_bs4096_200epoch_lustre	/ictstr01/groups/ml01/workspace/artur.szalata/code/chem-perturbridge_lpm/.plib_cache/results/lpm_paper10_morgan_fixed_finetune_fixmol_cigs_mce_seed29_molholdout_h100_2x_bs4096_200epoch_lustre/LPM_c5b2854a9de342cc/seed_29/checkpoints/best-validation-rmse-epoch0120.ckpt	0.58464741	0.59850000	ok
finetune_morgan_fixed	29	cigs_tcm	CIGS TCM	lpm_paper10_morgan_fixed_finetune_fixmol_cigs_tcm_seed29_molholdout_h100_2x_bs4096_200epoch_lustre	/ictstr01/groups/ml01/workspace/artur.szalata/code/chem-perturbridge_lpm/.plib_cache/results/lpm_paper10_morgan_fixed_finetune_fixmol_cigs_tcm_seed29_molholdout_h100_2x_bs4096_200epoch_lustre/LPM_219bba3a8abbbb9f/seed_29/checkpoints/best-validation-rmse-epoch0001.ckpt	0.44760189	0.40750000	ok
finetune_morgan_fixed	29	dilimap_train	dilimap_train	lpm_paper10_morgan_fixed_finetune_fixmol_dilimap_train_seed29_molholdout_h100_1x_bs4096_200epoch_lustre	/ictstr01/groups/ml01/workspace/artur.szalata/code/chem-perturbridge_lpm/.plib_cache/results/lpm_paper10_morgan_fixed_finetune_fixmol_dilimap_train_seed29_molholdout_h100_1x_bs4096_200epoch_lustre/LPM_ec665ed89ddd10d8/seed_29/checkpoints/best-validation-rmse-epoch0102.ckpt	0.58299744	0.60910000	ok
finetune_morgan_fixed	29	gdpx2	Ginkgo GDPx2	lpm_paper10_morgan_fixed_finetune_fixmol_gdpx2_seed29_molholdout_h100_2x_bs4096_200epoch_lustre	/ictstr01/groups/ml01/workspace/artur.szalata/code/chem-perturbridge_lpm/.plib_cache/results/lpm_paper10_morgan_fixed_finetune_fixmol_gdpx2_seed29_molholdout_h100_2x_bs4096_200epoch_lustre/LPM_62c5e56cb241a25f/seed_29/checkpoints/best-validation-rmse-epoch0024.ckpt	0.56883538	0.43380000	ok
finetune_morgan_fixed	29	lincs_phase1	LINCS_phase1_level3_epsilon	lpm_paper10_morgan_fixed_finetune_fixmol_lincs_phase1_seed29_molholdout_h100_2x_bs4096_200epoch_lustre	/ictstr01/groups/ml01/workspace/artur.szalata/code/chem-perturbridge_lpm/.plib_cache/results/lpm_paper10_morgan_fixed_finetune_fixmol_lincs_phase1_seed29_molholdout_h100_2x_bs4096_200epoch_lustre/LPM_f1d1357ad5b0ff79/seed_29/checkpoints/best-validation-rmse-epoch0053.ckpt	0.61343523	0.62360000	ok
finetune_morgan_fixed	29	lincs_phase2	LINCS_phase2_level3	lpm_paper10_morgan_fixed_finetune_fixmol_lincs_phase2_seed29_molholdout_h100_2x_bs4096_200epoch_lustre	/ictstr01/groups/ml01/workspace/artur.szalata/code/chem-perturbridge_lpm/.plib_cache/results/lpm_paper10_morgan_fixed_finetune_fixmol_lincs_phase2_seed29_molholdout_h100_2x_bs4096_200epoch_lustre/LPM_a6cadb788fd02c0b/seed_29/checkpoints/best-validation-rmse-epoch0032.ckpt	0.47093788	0.48530000	ok
finetune_morgan_fixed	29	novartis	Novartis MoABox DRUG-seq	lpm_paper10_morgan_fixed_finetune_fixmol_novartis_seed29_molholdout_h100_1x_bs4096_200epoch_lustre	/ictstr01/groups/ml01/workspace/artur.szalata/code/chem-perturbridge_lpm/.plib_cache/results/lpm_paper10_morgan_fixed_finetune_fixmol_novartis_seed29_molholdout_h100_1x_bs4096_200epoch_lustre/LPM_8dbc9ad74f1f4441/seed_29/checkpoints/best-validation-rmse-epoch0051.ckpt	0.67606806	0.53820000	ok
finetune_morgan_fixed	29	op3	op3	lpm_paper10_morgan_fixed_finetune_fixmol_op3_seed29_molholdout_h100_2x_bs4096_200epoch_lustre	/ictstr01/groups/ml01/workspace/artur.szalata/code/chem-perturbridge_lpm/.plib_cache/results/lpm_paper10_morgan_fixed_finetune_fixmol_op3_seed29_molholdout_h100_2x_bs4096_200epoch_lustre/LPM_fe389e971518b6db/seed_29/checkpoints/best-validation-rmse-epoch0030.ckpt	0.40244028	0.33950000	ok
finetune_morgan_fixed	29	sciplex	srivatsan20_sciplex3	lpm_paper10_morgan_fixed_finetune_fixmol_sciplex_seed29_molholdout_h100_2x_bs4096_200epoch_lustre	/ictstr01/groups/ml01/workspace/artur.szalata/code/chem-perturbridge_lpm/.plib_cache/results/lpm_paper10_morgan_fixed_finetune_fixmol_sciplex_seed29_molholdout_h100_2x_bs4096_200epoch_lustre/LPM_b61985f2a2edcbaf/seed_29/checkpoints/best-validation-rmse-epoch0188.ckpt	0.71421389	0.68630000	ok
finetune_morgan_fixed	29	tahoe100	tahoe100	lpm_paper10_morgan_fixed_finetune_fixmol_tahoe100_seed29_molholdout_h100_2x_bs4096_200epoch_lustre	/ictstr01/groups/ml01/workspace/artur.szalata/code/chem-perturbridge_lpm/.plib_cache/results/lpm_paper10_morgan_fixed_finetune_fixmol_tahoe100_seed29_molholdout_h100_2x_bs4096_200epoch_lustre/LPM_27fedeaacdec06dd/seed_29/checkpoints/best-validation-rmse-epoch0006.ckpt	0.74303389	0.73510000	ok
finetune_morgan_fixed	29	vcpi_0001	Ginkgo VCPI vcpi-0001 (tvc-bhr-009)	lpm_paper10_morgan_fixed_finetune_fixmol_vcpi_0001_seed29_molholdout_h100_1x_bs4096_200epoch_lustre	/ictstr01/groups/ml01/workspace/artur.szalata/code/chem-perturbridge_lpm/.plib_cache/results/lpm_paper10_morgan_fixed_finetune_fixmol_vcpi_0001_seed29_molholdout_h100_1x_bs4096_200epoch_lustre/LPM_1dc4f1d940a33eab/seed_29/checkpoints/best-validation-rmse-epoch0078.ckpt	0.55344606	0.57080000	ok
finetune_morgan_fixed	29	vcpi_0002	Ginkgo VCPI vcpi-0002 (tvc-kdl-010)	lpm_paper10_morgan_fixed_finetune_fixmol_vcpi_0002_seed29_molholdout_h100_1x_bs4096_200epoch_lustre	/ictstr01/groups/ml01/workspace/artur.szalata/code/chem-perturbridge_lpm/.plib_cache/results/lpm_paper10_morgan_fixed_finetune_fixmol_vcpi_0002_seed29_molholdout_h100_1x_bs4096_200epoch_lustre/LPM_daf7ab7bf674b011/seed_29/checkpoints/best-validation-rmse-epoch0007.ckpt	0.51013884		ok
finetune_morgan_fixed	31	cigs_mce	CIGS MCE	lpm_paper10_morgan_fixed_finetune_fixmol_cigs_mce_seed31_molholdout_h100_2x_bs4096_200epoch_lustre	/ictstr01/groups/ml01/workspace/artur.szalata/code/chem-perturbridge_lpm/.plib_cache/results/lpm_paper10_morgan_fixed_finetune_fixmol_cigs_mce_seed31_molholdout_h100_2x_bs4096_200epoch_lustre/LPM_c5b2854a9de342cc/seed_31/checkpoints/best-validation-rmse-epoch0175.ckpt	0.58446307	0.58130000	ok
finetune_morgan_fixed	31	cigs_tcm	CIGS TCM	lpm_paper10_morgan_fixed_finetune_fixmol_cigs_tcm_seed31_molholdout_h100_2x_bs4096_200epoch_lustre	/ictstr01/groups/ml01/workspace/artur.szalata/code/chem-perturbridge_lpm/.plib_cache/results/lpm_paper10_morgan_fixed_finetune_fixmol_cigs_tcm_seed31_molholdout_h100_2x_bs4096_200epoch_lustre/LPM_219bba3a8abbbb9f/seed_31/checkpoints/best-validation-rmse-epoch0001.ckpt	0.44750414	0.40750000	ok
finetune_morgan_fixed	31	dilimap_train	dilimap_train	lpm_paper10_morgan_fixed_finetune_fixmol_dilimap_train_seed31_molholdout_h100_1x_bs4096_200epoch_lustre	/ictstr01/groups/ml01/workspace/artur.szalata/code/chem-perturbridge_lpm/.plib_cache/results/lpm_paper10_morgan_fixed_finetune_fixmol_dilimap_train_seed31_molholdout_h100_1x_bs4096_200epoch_lustre/LPM_ec665ed89ddd10d8/seed_31/checkpoints/best-validation-rmse-epoch0082.ckpt	0.58247534	0.60910000	ok
finetune_morgan_fixed	31	gdpx2	Ginkgo GDPx2	lpm_paper10_morgan_fixed_finetune_fixmol_gdpx2_seed31_molholdout_h100_2x_bs4096_200epoch_lustre	/ictstr01/groups/ml01/workspace/artur.szalata/code/chem-perturbridge_lpm/.plib_cache/results/lpm_paper10_morgan_fixed_finetune_fixmol_gdpx2_seed31_molholdout_h100_2x_bs4096_200epoch_lustre/LPM_62c5e56cb241a25f/seed_31/checkpoints/best-validation-rmse-epoch0029.ckpt	0.56865594	0.43430000	ok
finetune_morgan_fixed	31	lincs_phase1	LINCS_phase1_level3_epsilon	lpm_paper10_morgan_fixed_finetune_fixmol_lincs_phase1_seed31_molholdout_h100_2x_bs4096_200epoch_lustre	/ictstr01/groups/ml01/workspace/artur.szalata/code/chem-perturbridge_lpm/.plib_cache/results/lpm_paper10_morgan_fixed_finetune_fixmol_lincs_phase1_seed31_molholdout_h100_2x_bs4096_200epoch_lustre/LPM_f1d1357ad5b0ff79/seed_31/checkpoints/best-validation-rmse-epoch0029.ckpt	0.61267734	0.62520000	ok
finetune_morgan_fixed	31	lincs_phase2	LINCS_phase2_level3	lpm_paper10_morgan_fixed_finetune_fixmol_lincs_phase2_seed31_molholdout_h100_2x_bs4096_200epoch_lustre	/ictstr01/groups/ml01/workspace/artur.szalata/code/chem-perturbridge_lpm/.plib_cache/results/lpm_paper10_morgan_fixed_finetune_fixmol_lincs_phase2_seed31_molholdout_h100_2x_bs4096_200epoch_lustre/LPM_a6cadb788fd02c0b/seed_31/checkpoints/best-validation-rmse-epoch0013.ckpt	0.47050808	0.48530000	ok
finetune_morgan_fixed	31	novartis	Novartis MoABox DRUG-seq	lpm_paper10_morgan_fixed_finetune_fixmol_novartis_seed31_molholdout_h100_1x_bs4096_200epoch_lustre	/ictstr01/groups/ml01/workspace/artur.szalata/code/chem-perturbridge_lpm/.plib_cache/results/lpm_paper10_morgan_fixed_finetune_fixmol_novartis_seed31_molholdout_h100_1x_bs4096_200epoch_lustre/LPM_8dbc9ad74f1f4441/seed_31/checkpoints/best-validation-rmse-epoch0081.ckpt	0.67633429	0.53770000	ok
finetune_morgan_fixed	31	op3	op3	lpm_paper10_morgan_fixed_finetune_fixmol_op3_seed31_molholdout_h100_2x_bs4096_200epoch_lustre	/ictstr01/groups/ml01/workspace/artur.szalata/code/chem-perturbridge_lpm/.plib_cache/results/lpm_paper10_morgan_fixed_finetune_fixmol_op3_seed31_molholdout_h100_2x_bs4096_200epoch_lustre/LPM_fe389e971518b6db/seed_31/checkpoints/best-validation-rmse-epoch0052.ckpt	0.39932530	0.33740000	ok
finetune_morgan_fixed	31	sciplex	srivatsan20_sciplex3	lpm_paper10_morgan_fixed_finetune_fixmol_sciplex_seed31_molholdout_h100_2x_bs4096_200epoch_lustre	/ictstr01/groups/ml01/workspace/artur.szalata/code/chem-perturbridge_lpm/.plib_cache/results/lpm_paper10_morgan_fixed_finetune_fixmol_sciplex_seed31_molholdout_h100_2x_bs4096_200epoch_lustre/LPM_b61985f2a2edcbaf/seed_31/checkpoints/best-validation-rmse-epoch0127.ckpt	0.71416179	0.68390000	ok
finetune_morgan_fixed	31	tahoe100	tahoe100	lpm_paper10_morgan_fixed_finetune_fixmol_tahoe100_seed31_molholdout_h100_2x_bs4096_200epoch_lustre	/ictstr01/groups/ml01/workspace/artur.szalata/code/chem-perturbridge_lpm/.plib_cache/results/lpm_paper10_morgan_fixed_finetune_fixmol_tahoe100_seed31_molholdout_h100_2x_bs4096_200epoch_lustre/LPM_27fedeaacdec06dd/seed_31/checkpoints/best-validation-rmse-epoch0007.ckpt	0.74325195	0.73500000	ok
finetune_morgan_fixed	31	vcpi_0001	Ginkgo VCPI vcpi-0001 (tvc-bhr-009)	lpm_paper10_morgan_fixed_finetune_fixmol_vcpi_0001_seed31_molholdout_h100_1x_bs4096_200epoch_lustre	/ictstr01/groups/ml01/workspace/artur.szalata/code/chem-perturbridge_lpm/.plib_cache/results/lpm_paper10_morgan_fixed_finetune_fixmol_vcpi_0001_seed31_molholdout_h100_1x_bs4096_200epoch_lustre/LPM_1dc4f1d940a33eab/seed_31/checkpoints/best-validation-rmse-epoch0133.ckpt	0.55346319	0.57080000	ok
finetune_morgan_fixed	31	vcpi_0002	Ginkgo VCPI vcpi-0002 (tvc-kdl-010)	lpm_paper10_morgan_fixed_finetune_fixmol_vcpi_0002_seed31_molholdout_h100_1x_bs4096_200epoch_lustre	/ictstr01/groups/ml01/workspace/artur.szalata/code/chem-perturbridge_lpm/.plib_cache/results/lpm_paper10_morgan_fixed_finetune_fixmol_vcpi_0002_seed31_molholdout_h100_1x_bs4096_200epoch_lustre/LPM_daf7ab7bf674b011/seed_31/checkpoints/best-validation-rmse-epoch0007.ckpt	0.51012157		ok
finetune_morgan_fixed	37	cigs_mce	CIGS MCE	lpm_paper10_morgan_fixed_finetune_fixmol_cigs_mce_seed37_molholdout_h100_2x_bs4096_200epoch_lustre	/ictstr01/groups/ml01/workspace/artur.szalata/code/chem-perturbridge_lpm/.plib_cache/results/lpm_paper10_morgan_fixed_finetune_fixmol_cigs_mce_seed37_molholdout_h100_2x_bs4096_200epoch_lustre/LPM_c5b2854a9de342cc/seed_37/checkpoints/best-validation-rmse-epoch0137.ckpt	0.58463342	0.58810000	ok
finetune_morgan_fixed	37	cigs_tcm	CIGS TCM	lpm_paper10_morgan_fixed_finetune_fixmol_cigs_tcm_seed37_molholdout_h100_2x_bs4096_200epoch_lustre	/ictstr01/groups/ml01/workspace/artur.szalata/code/chem-perturbridge_lpm/.plib_cache/results/lpm_paper10_morgan_fixed_finetune_fixmol_cigs_tcm_seed37_molholdout_h100_2x_bs4096_200epoch_lustre/LPM_219bba3a8abbbb9f/seed_37/checkpoints/best-validation-rmse-epoch0001.ckpt	0.44767016	0.40760000	ok
finetune_morgan_fixed	37	dilimap_train	dilimap_train	lpm_paper10_morgan_fixed_finetune_fixmol_dilimap_train_seed37_molholdout_h100_1x_bs4096_200epoch_lustre	/ictstr01/groups/ml01/workspace/artur.szalata/code/chem-perturbridge_lpm/.plib_cache/results/lpm_paper10_morgan_fixed_finetune_fixmol_dilimap_train_seed37_molholdout_h100_1x_bs4096_200epoch_lustre/LPM_ec665ed89ddd10d8/seed_37/checkpoints/best-validation-rmse-epoch0131.ckpt	0.58273317	0.60860000	ok
finetune_morgan_fixed	37	gdpx2	Ginkgo GDPx2	lpm_paper10_morgan_fixed_finetune_fixmol_gdpx2_seed37_molholdout_h100_2x_bs4096_200epoch_lustre	/ictstr01/groups/ml01/workspace/artur.szalata/code/chem-perturbridge_lpm/.plib_cache/results/lpm_paper10_morgan_fixed_finetune_fixmol_gdpx2_seed37_molholdout_h100_2x_bs4096_200epoch_lustre/LPM_62c5e56cb241a25f/seed_37/checkpoints/best-validation-rmse-epoch0067.ckpt	0.56610807	0.44240000	ok
finetune_morgan_fixed	37	lincs_phase1	LINCS_phase1_level3_epsilon	lpm_paper10_morgan_fixed_finetune_fixmol_lincs_phase1_seed37_molholdout_h100_2x_bs4096_200epoch_lustre	/ictstr01/groups/ml01/workspace/artur.szalata/code/chem-perturbridge_lpm/.plib_cache/results/lpm_paper10_morgan_fixed_finetune_fixmol_lincs_phase1_seed37_molholdout_h100_2x_bs4096_200epoch_lustre/LPM_f1d1357ad5b0ff79/seed_37/checkpoints/best-validation-rmse-epoch0026.ckpt	0.61347273	0.62520000	ok
finetune_morgan_fixed	37	lincs_phase2	LINCS_phase2_level3	lpm_paper10_morgan_fixed_finetune_fixmol_lincs_phase2_seed37_molholdout_h100_2x_bs4096_200epoch_lustre	/ictstr01/groups/ml01/workspace/artur.szalata/code/chem-perturbridge_lpm/.plib_cache/results/lpm_paper10_morgan_fixed_finetune_fixmol_lincs_phase2_seed37_molholdout_h100_2x_bs4096_200epoch_lustre/LPM_a6cadb788fd02c0b/seed_37/checkpoints/best-validation-rmse-epoch0042.ckpt	0.46995265	0.48580000	ok
finetune_morgan_fixed	37	novartis	Novartis MoABox DRUG-seq	lpm_paper10_morgan_fixed_finetune_fixmol_novartis_seed37_molholdout_h100_1x_bs4096_200epoch_lustre	/ictstr01/groups/ml01/workspace/artur.szalata/code/chem-perturbridge_lpm/.plib_cache/results/lpm_paper10_morgan_fixed_finetune_fixmol_novartis_seed37_molholdout_h100_1x_bs4096_200epoch_lustre/LPM_8dbc9ad74f1f4441/seed_37/checkpoints/best-validation-rmse-epoch0076.ckpt	0.67609950	0.53790000	ok
finetune_morgan_fixed	37	op3	op3	lpm_paper10_morgan_fixed_finetune_fixmol_op3_seed37_molholdout_h100_2x_bs4096_200epoch_lustre	/ictstr01/groups/ml01/workspace/artur.szalata/code/chem-perturbridge_lpm/.plib_cache/results/lpm_paper10_morgan_fixed_finetune_fixmol_op3_seed37_molholdout_h100_2x_bs4096_200epoch_lustre/LPM_fe389e971518b6db/seed_37/checkpoints/best-validation-rmse-epoch0071.ckpt	0.40117567	0.33730000	ok
finetune_morgan_fixed	37	sciplex	srivatsan20_sciplex3	lpm_paper10_morgan_fixed_finetune_fixmol_sciplex_seed37_molholdout_h100_2x_bs4096_200epoch_lustre	/ictstr01/groups/ml01/workspace/artur.szalata/code/chem-perturbridge_lpm/.plib_cache/results/lpm_paper10_morgan_fixed_finetune_fixmol_sciplex_seed37_molholdout_h100_2x_bs4096_200epoch_lustre/LPM_b61985f2a2edcbaf/seed_37/checkpoints/best-validation-rmse-epoch0121.ckpt	0.71421856	0.68640000	ok
finetune_morgan_fixed	37	tahoe100	tahoe100	lpm_paper10_morgan_fixed_finetune_fixmol_tahoe100_seed37_molholdout_h100_2x_bs4096_200epoch_lustre	/ictstr01/groups/ml01/workspace/artur.szalata/code/chem-perturbridge_lpm/.plib_cache/results/lpm_paper10_morgan_fixed_finetune_fixmol_tahoe100_seed37_molholdout_h100_2x_bs4096_200epoch_lustre/LPM_27fedeaacdec06dd/seed_37/checkpoints/best-validation-rmse-epoch0008.ckpt	0.74230802	0.73480000	ok
finetune_morgan_fixed	37	vcpi_0001	Ginkgo VCPI vcpi-0001 (tvc-bhr-009)	lpm_paper10_morgan_fixed_finetune_fixmol_vcpi_0001_seed37_molholdout_h100_1x_bs4096_200epoch_lustre	/ictstr01/groups/ml01/workspace/artur.szalata/code/chem-perturbridge_lpm/.plib_cache/results/lpm_paper10_morgan_fixed_finetune_fixmol_vcpi_0001_seed37_molholdout_h100_1x_bs4096_200epoch_lustre/LPM_1dc4f1d940a33eab/seed_37/checkpoints/best-validation-rmse-epoch0010.ckpt	0.55353202	0.57070000	ok
finetune_morgan_fixed	37	vcpi_0002	Ginkgo VCPI vcpi-0002 (tvc-kdl-010)	lpm_paper10_morgan_fixed_finetune_fixmol_vcpi_0002_seed37_molholdout_h100_1x_bs4096_200epoch_lustre	/ictstr01/groups/ml01/workspace/artur.szalata/code/chem-perturbridge_lpm/.plib_cache/results/lpm_paper10_morgan_fixed_finetune_fixmol_vcpi_0002_seed37_molholdout_h100_1x_bs4096_200epoch_lustre/LPM_daf7ab7bf674b011/seed_37/checkpoints/best-validation-rmse-epoch0007.ckpt	0.51009870		ok
finetune_morgan_fixed	41	cigs_mce	CIGS MCE	lpm_paper10_morgan_fixed_finetune_fixmol_cigs_mce_seed41_molholdout_h100_2x_bs4096_200epoch_lustre	/ictstr01/groups/ml01/workspace/artur.szalata/code/chem-perturbridge_lpm/.plib_cache/results/lpm_paper10_morgan_fixed_finetune_fixmol_cigs_mce_seed41_molholdout_h100_2x_bs4096_200epoch_lustre/LPM_c5b2854a9de342cc/seed_41/checkpoints/best-validation-rmse-epoch0126.ckpt	0.58456084	0.58260000	ok
finetune_morgan_fixed	41	cigs_tcm	CIGS TCM	lpm_paper10_morgan_fixed_finetune_fixmol_cigs_tcm_seed41_molholdout_h100_2x_bs4096_200epoch_lustre	/ictstr01/groups/ml01/workspace/artur.szalata/code/chem-perturbridge_lpm/.plib_cache/results/lpm_paper10_morgan_fixed_finetune_fixmol_cigs_tcm_seed41_molholdout_h100_2x_bs4096_200epoch_lustre/LPM_219bba3a8abbbb9f/seed_41/checkpoints/best-validation-rmse-epoch0001.ckpt	0.44753617	0.40750000	ok
finetune_morgan_fixed	41	dilimap_train	dilimap_train	lpm_paper10_morgan_fixed_finetune_fixmol_dilimap_train_seed41_molholdout_h100_1x_bs4096_200epoch_lustre	/ictstr01/groups/ml01/workspace/artur.szalata/code/chem-perturbridge_lpm/.plib_cache/results/lpm_paper10_morgan_fixed_finetune_fixmol_dilimap_train_seed41_molholdout_h100_1x_bs4096_200epoch_lustre/LPM_ec665ed89ddd10d8/seed_41/checkpoints/best-validation-rmse-epoch0132.ckpt	0.58271764	0.60860000	ok
finetune_morgan_fixed	41	gdpx2	Ginkgo GDPx2	lpm_paper10_morgan_fixed_finetune_fixmol_gdpx2_seed41_molholdout_h100_2x_bs4096_200epoch_lustre	/ictstr01/groups/ml01/workspace/artur.szalata/code/chem-perturbridge_lpm/.plib_cache/results/lpm_paper10_morgan_fixed_finetune_fixmol_gdpx2_seed41_molholdout_h100_2x_bs4096_200epoch_lustre/LPM_62c5e56cb241a25f/seed_41/checkpoints/best-validation-rmse-epoch0021.ckpt	0.56582949	0.43210000	ok
finetune_morgan_fixed	41	lincs_phase1	LINCS_phase1_level3_epsilon	lpm_paper10_morgan_fixed_finetune_fixmol_lincs_phase1_seed41_molholdout_h100_2x_bs4096_200epoch_lustre	/ictstr01/groups/ml01/workspace/artur.szalata/code/chem-perturbridge_lpm/.plib_cache/results/lpm_paper10_morgan_fixed_finetune_fixmol_lincs_phase1_seed41_molholdout_h100_2x_bs4096_200epoch_lustre/LPM_f1d1357ad5b0ff79/seed_41/checkpoints/best-validation-rmse-epoch0037.ckpt	0.61135494	0.62330000	ok
finetune_morgan_fixed	41	lincs_phase2	LINCS_phase2_level3	lpm_paper10_morgan_fixed_finetune_fixmol_lincs_phase2_seed41_molholdout_h100_2x_bs4096_200epoch_lustre	/ictstr01/groups/ml01/workspace/artur.szalata/code/chem-perturbridge_lpm/.plib_cache/results/lpm_paper10_morgan_fixed_finetune_fixmol_lincs_phase2_seed41_molholdout_h100_2x_bs4096_200epoch_lustre/LPM_a6cadb788fd02c0b/seed_41/checkpoints/best-validation-rmse-epoch0011.ckpt	0.46999889	0.48660000	ok
finetune_morgan_fixed	41	novartis	Novartis MoABox DRUG-seq	lpm_paper10_morgan_fixed_finetune_fixmol_novartis_seed41_molholdout_h100_1x_bs4096_200epoch_lustre	/ictstr01/groups/ml01/workspace/artur.szalata/code/chem-perturbridge_lpm/.plib_cache/results/lpm_paper10_morgan_fixed_finetune_fixmol_novartis_seed41_molholdout_h100_1x_bs4096_200epoch_lustre/LPM_8dbc9ad74f1f4441/seed_41/checkpoints/best-validation-rmse-epoch0064.ckpt	0.67614961	0.53790000	ok
finetune_morgan_fixed	41	op3	op3	lpm_paper10_morgan_fixed_finetune_fixmol_op3_seed41_molholdout_h100_2x_bs4096_200epoch_lustre	/ictstr01/groups/ml01/workspace/artur.szalata/code/chem-perturbridge_lpm/.plib_cache/results/lpm_paper10_morgan_fixed_finetune_fixmol_op3_seed41_molholdout_h100_2x_bs4096_200epoch_lustre/LPM_fe389e971518b6db/seed_41/checkpoints/best-validation-rmse-epoch0040.ckpt	0.40374057	0.33810000	ok
finetune_morgan_fixed	41	sciplex	srivatsan20_sciplex3	lpm_paper10_morgan_fixed_finetune_fixmol_sciplex_seed41_molholdout_h100_2x_bs4096_200epoch_lustre	/ictstr01/groups/ml01/workspace/artur.szalata/code/chem-perturbridge_lpm/.plib_cache/results/lpm_paper10_morgan_fixed_finetune_fixmol_sciplex_seed41_molholdout_h100_2x_bs4096_200epoch_lustre/LPM_b61985f2a2edcbaf/seed_41/checkpoints/best-validation-rmse-epoch0191.ckpt	0.71497355	0.68720000	ok
finetune_morgan_fixed	41	tahoe100	tahoe100	lpm_paper10_morgan_fixed_finetune_fixmol_tahoe100_seed41_molholdout_h100_2x_bs4096_200epoch_lustre	/ictstr01/groups/ml01/workspace/artur.szalata/code/chem-perturbridge_lpm/.plib_cache/results/lpm_paper10_morgan_fixed_finetune_fixmol_tahoe100_seed41_molholdout_h100_2x_bs4096_200epoch_lustre/LPM_27fedeaacdec06dd/seed_41/checkpoints/best-validation-rmse-epoch0006.ckpt	0.74271701	0.73450000	ok
finetune_morgan_fixed	41	vcpi_0001	Ginkgo VCPI vcpi-0001 (tvc-bhr-009)	lpm_paper10_morgan_fixed_finetune_fixmol_vcpi_0001_seed41_molholdout_h100_1x_bs4096_200epoch_lustre	/ictstr01/groups/ml01/workspace/artur.szalata/code/chem-perturbridge_lpm/.plib_cache/results/lpm_paper10_morgan_fixed_finetune_fixmol_vcpi_0001_seed41_molholdout_h100_1x_bs4096_200epoch_lustre/LPM_1dc4f1d940a33eab/seed_41/checkpoints/best-validation-rmse-epoch0018.ckpt	0.55354643	0.57070000	ok
finetune_morgan_fixed	41	vcpi_0002	Ginkgo VCPI vcpi-0002 (tvc-kdl-010)	lpm_paper10_morgan_fixed_finetune_fixmol_vcpi_0002_seed41_molholdout_h100_1x_bs4096_200epoch_lustre	/ictstr01/groups/ml01/workspace/artur.szalata/code/chem-perturbridge_lpm/.plib_cache/results/lpm_paper10_morgan_fixed_finetune_fixmol_vcpi_0002_seed41_molholdout_h100_1x_bs4096_200epoch_lustre/LPM_daf7ab7bf674b011/seed_41/checkpoints/best-validation-rmse-epoch0007.ckpt	0.51009875		ok
finetune_morgan_fixed	43	cigs_mce	CIGS MCE	lpm_paper10_morgan_fixed_finetune_fixmol_cigs_mce_seed43_molholdout_h100_2x_bs4096_200epoch_lustre	/ictstr01/groups/ml01/workspace/artur.szalata/code/chem-perturbridge_lpm/.plib_cache/results/lpm_paper10_morgan_fixed_finetune_fixmol_cigs_mce_seed43_molholdout_h100_2x_bs4096_200epoch_lustre/LPM_c5b2854a9de342cc/seed_43/checkpoints/best-validation-rmse-epoch0120.ckpt	0.58473266	0.58990000	ok
finetune_morgan_fixed	43	cigs_tcm	CIGS TCM	lpm_paper10_morgan_fixed_finetune_fixmol_cigs_tcm_seed43_molholdout_h100_2x_bs4096_200epoch_lustre	/ictstr01/groups/ml01/workspace/artur.szalata/code/chem-perturbridge_lpm/.plib_cache/results/lpm_paper10_morgan_fixed_finetune_fixmol_cigs_tcm_seed43_molholdout_h100_2x_bs4096_200epoch_lustre/LPM_219bba3a8abbbb9f/seed_43/checkpoints/best-validation-rmse-epoch0001.ckpt	0.44760592	0.40740000	ok
finetune_morgan_fixed	43	dilimap_train	dilimap_train	lpm_paper10_morgan_fixed_finetune_fixmol_dilimap_train_seed43_molholdout_h100_1x_bs4096_200epoch_lustre	/ictstr01/groups/ml01/workspace/artur.szalata/code/chem-perturbridge_lpm/.plib_cache/results/lpm_paper10_morgan_fixed_finetune_fixmol_dilimap_train_seed43_molholdout_h100_1x_bs4096_200epoch_lustre/LPM_ec665ed89ddd10d8/seed_43/checkpoints/best-validation-rmse-epoch0084.ckpt	0.58256370	0.60870000	ok
finetune_morgan_fixed	43	gdpx2	Ginkgo GDPx2	lpm_paper10_morgan_fixed_finetune_fixmol_gdpx2_seed43_molholdout_h100_2x_bs4096_200epoch_lustre	/ictstr01/groups/ml01/workspace/artur.szalata/code/chem-perturbridge_lpm/.plib_cache/results/lpm_paper10_morgan_fixed_finetune_fixmol_gdpx2_seed43_molholdout_h100_2x_bs4096_200epoch_lustre/LPM_62c5e56cb241a25f/seed_43/checkpoints/best-validation-rmse-epoch0067.ckpt	0.57162913	0.43480000	ok
finetune_morgan_fixed	43	lincs_phase1	LINCS_phase1_level3_epsilon	lpm_paper10_morgan_fixed_finetune_fixmol_lincs_phase1_seed43_molholdout_h100_2x_bs4096_200epoch_lustre	/ictstr01/groups/ml01/workspace/artur.szalata/code/chem-perturbridge_lpm/.plib_cache/results/lpm_paper10_morgan_fixed_finetune_fixmol_lincs_phase1_seed43_molholdout_h100_2x_bs4096_200epoch_lustre/LPM_f1d1357ad5b0ff79/seed_43/checkpoints/best-validation-rmse-epoch0025.ckpt	0.61306631	0.62630000	ok
finetune_morgan_fixed	43	lincs_phase2	LINCS_phase2_level3	lpm_paper10_morgan_fixed_finetune_fixmol_lincs_phase2_seed43_molholdout_h100_2x_bs4096_200epoch_lustre	/ictstr01/groups/ml01/workspace/artur.szalata/code/chem-perturbridge_lpm/.plib_cache/results/lpm_paper10_morgan_fixed_finetune_fixmol_lincs_phase2_seed43_molholdout_h100_2x_bs4096_200epoch_lustre/LPM_a6cadb788fd02c0b/seed_43/checkpoints/best-validation-rmse-epoch0009.ckpt	0.47028243	0.48690000	ok
finetune_morgan_fixed	43	novartis	Novartis MoABox DRUG-seq	lpm_paper10_morgan_fixed_finetune_fixmol_novartis_seed43_molholdout_h100_1x_bs4096_200epoch_lustre	/ictstr01/groups/ml01/workspace/artur.szalata/code/chem-perturbridge_lpm/.plib_cache/results/lpm_paper10_morgan_fixed_finetune_fixmol_novartis_seed43_molholdout_h100_1x_bs4096_200epoch_lustre/LPM_8dbc9ad74f1f4441/seed_43/checkpoints/best-validation-rmse-epoch0064.ckpt	0.67598671	0.53780000	ok
finetune_morgan_fixed	43	op3	op3	lpm_paper10_morgan_fixed_finetune_fixmol_op3_seed43_molholdout_h100_2x_bs4096_200epoch_lustre	/ictstr01/groups/ml01/workspace/artur.szalata/code/chem-perturbridge_lpm/.plib_cache/results/lpm_paper10_morgan_fixed_finetune_fixmol_op3_seed43_molholdout_h100_2x_bs4096_200epoch_lustre/LPM_fe389e971518b6db/seed_43/checkpoints/best-validation-rmse-epoch0035.ckpt	0.40575823	0.33250000	ok
finetune_morgan_fixed	43	sciplex	srivatsan20_sciplex3	lpm_paper10_morgan_fixed_finetune_fixmol_sciplex_seed43_molholdout_h100_2x_bs4096_200epoch_lustre	/ictstr01/groups/ml01/workspace/artur.szalata/code/chem-perturbridge_lpm/.plib_cache/results/lpm_paper10_morgan_fixed_finetune_fixmol_sciplex_seed43_molholdout_h100_2x_bs4096_200epoch_lustre/LPM_b61985f2a2edcbaf/seed_43/checkpoints/best-validation-rmse-epoch0163.ckpt	0.71401500	0.68740000	ok
finetune_morgan_fixed	43	tahoe100	tahoe100	lpm_paper10_morgan_fixed_finetune_fixmol_tahoe100_seed43_molholdout_h100_2x_bs4096_200epoch_lustre	/ictstr01/groups/ml01/workspace/artur.szalata/code/chem-perturbridge_lpm/.plib_cache/results/lpm_paper10_morgan_fixed_finetune_fixmol_tahoe100_seed43_molholdout_h100_2x_bs4096_200epoch_lustre/LPM_27fedeaacdec06dd/seed_43/checkpoints/best-validation-rmse-epoch0006.ckpt	0.74330179	0.73530000	ok
finetune_morgan_fixed	43	vcpi_0001	Ginkgo VCPI vcpi-0001 (tvc-bhr-009)	lpm_paper10_morgan_fixed_finetune_fixmol_vcpi_0001_seed43_molholdout_h100_1x_bs4096_200epoch_lustre	/ictstr01/groups/ml01/workspace/artur.szalata/code/chem-perturbridge_lpm/.plib_cache/results/lpm_paper10_morgan_fixed_finetune_fixmol_vcpi_0001_seed43_molholdout_h100_1x_bs4096_200epoch_lustre/LPM_1dc4f1d940a33eab/seed_43/checkpoints/best-validation-rmse-epoch0017.ckpt	0.55354009	0.57070000	ok
finetune_morgan_fixed	43	vcpi_0002	Ginkgo VCPI vcpi-0002 (tvc-kdl-010)	lpm_paper10_morgan_fixed_finetune_fixmol_vcpi_0002_seed43_molholdout_h100_1x_bs4096_200epoch_lustre	/ictstr01/groups/ml01/workspace/artur.szalata/code/chem-perturbridge_lpm/.plib_cache/results/lpm_paper10_morgan_fixed_finetune_fixmol_vcpi_0002_seed43_molholdout_h100_1x_bs4096_200epoch_lustre/LPM_daf7ab7bf674b011/seed_43/checkpoints/best-validation-rmse-epoch0007.ckpt	0.51006983		ok
finetune_morgan_fixed	47	cigs_mce	CIGS MCE	lpm_paper10_morgan_fixed_finetune_fixmol_cigs_mce_seed47_molholdout_h100_2x_bs4096_200epoch_lustre	/ictstr01/groups/ml01/workspace/artur.szalata/code/chem-perturbridge_lpm/.plib_cache/results/lpm_paper10_morgan_fixed_finetune_fixmol_cigs_mce_seed47_molholdout_h100_2x_bs4096_200epoch_lustre/LPM_c5b2854a9de342cc/seed_47/checkpoints/best-validation-rmse-epoch0153.ckpt	0.58480360	0.58170000	ok
finetune_morgan_fixed	47	cigs_tcm	CIGS TCM	lpm_paper10_morgan_fixed_finetune_fixmol_cigs_tcm_seed47_molholdout_h100_2x_bs4096_200epoch_lustre	/ictstr01/groups/ml01/workspace/artur.szalata/code/chem-perturbridge_lpm/.plib_cache/results/lpm_paper10_morgan_fixed_finetune_fixmol_cigs_tcm_seed47_molholdout_h100_2x_bs4096_200epoch_lustre/LPM_219bba3a8abbbb9f/seed_47/checkpoints/best-validation-rmse-epoch0001.ckpt	0.44782833	0.40780000	ok
finetune_morgan_fixed	47	dilimap_train	dilimap_train	lpm_paper10_morgan_fixed_finetune_fixmol_dilimap_train_seed47_molholdout_h100_1x_bs4096_200epoch_lustre	/ictstr01/groups/ml01/workspace/artur.szalata/code/chem-perturbridge_lpm/.plib_cache/results/lpm_paper10_morgan_fixed_finetune_fixmol_dilimap_train_seed47_molholdout_h100_1x_bs4096_200epoch_lustre/LPM_ec665ed89ddd10d8/seed_47/checkpoints/best-validation-rmse-epoch0132.ckpt	0.58262594	0.60860000	ok
finetune_morgan_fixed	47	gdpx2	Ginkgo GDPx2	lpm_paper10_morgan_fixed_finetune_fixmol_gdpx2_seed47_molholdout_h100_2x_bs4096_200epoch_lustre	/ictstr01/groups/ml01/workspace/artur.szalata/code/chem-perturbridge_lpm/.plib_cache/results/lpm_paper10_morgan_fixed_finetune_fixmol_gdpx2_seed47_molholdout_h100_2x_bs4096_200epoch_lustre/LPM_62c5e56cb241a25f/seed_47/checkpoints/best-validation-rmse-epoch0024.ckpt	0.56919526	0.43130000	ok
finetune_morgan_fixed	47	lincs_phase1	LINCS_phase1_level3_epsilon	lpm_paper10_morgan_fixed_finetune_fixmol_lincs_phase1_seed47_molholdout_h100_2x_bs4096_200epoch_lustre	/ictstr01/groups/ml01/workspace/artur.szalata/code/chem-perturbridge_lpm/.plib_cache/results/lpm_paper10_morgan_fixed_finetune_fixmol_lincs_phase1_seed47_molholdout_h100_2x_bs4096_200epoch_lustre/LPM_f1d1357ad5b0ff79/seed_47/checkpoints/best-validation-rmse-epoch0040.ckpt	0.61166420	0.62430000	ok
finetune_morgan_fixed	47	lincs_phase2	LINCS_phase2_level3	lpm_paper10_morgan_fixed_finetune_fixmol_lincs_phase2_seed47_molholdout_h100_2x_bs4096_200epoch_lustre	/ictstr01/groups/ml01/workspace/artur.szalata/code/chem-perturbridge_lpm/.plib_cache/results/lpm_paper10_morgan_fixed_finetune_fixmol_lincs_phase2_seed47_molholdout_h100_2x_bs4096_200epoch_lustre/LPM_a6cadb788fd02c0b/seed_47/checkpoints/best-validation-rmse-epoch0036.ckpt	0.47030965	0.48600000	ok
finetune_morgan_fixed	47	novartis	Novartis MoABox DRUG-seq	lpm_paper10_morgan_fixed_finetune_fixmol_novartis_seed47_molholdout_h100_1x_bs4096_200epoch_lustre	/ictstr01/groups/ml01/workspace/artur.szalata/code/chem-perturbridge_lpm/.plib_cache/results/lpm_paper10_morgan_fixed_finetune_fixmol_novartis_seed47_molholdout_h100_1x_bs4096_200epoch_lustre/LPM_8dbc9ad74f1f4441/seed_47/checkpoints/best-validation-rmse-epoch0051.ckpt	0.67601548	0.53810000	ok
finetune_morgan_fixed	47	op3	op3	lpm_paper10_morgan_fixed_finetune_fixmol_op3_seed47_molholdout_h100_2x_bs4096_200epoch_lustre	/ictstr01/groups/ml01/workspace/artur.szalata/code/chem-perturbridge_lpm/.plib_cache/results/lpm_paper10_morgan_fixed_finetune_fixmol_op3_seed47_molholdout_h100_2x_bs4096_200epoch_lustre/LPM_fe389e971518b6db/seed_47/checkpoints/best-validation-rmse-epoch0029.ckpt	0.41511506	0.34750000	ok
finetune_morgan_fixed	47	sciplex	srivatsan20_sciplex3	lpm_paper10_morgan_fixed_finetune_fixmol_sciplex_seed47_molholdout_h100_2x_bs4096_200epoch_lustre	/ictstr01/groups/ml01/workspace/artur.szalata/code/chem-perturbridge_lpm/.plib_cache/results/lpm_paper10_morgan_fixed_finetune_fixmol_sciplex_seed47_molholdout_h100_2x_bs4096_200epoch_lustre/LPM_b61985f2a2edcbaf/seed_47/checkpoints/best-validation-rmse-epoch0170.ckpt	0.71390482	0.68660000	ok
finetune_morgan_fixed	47	tahoe100	tahoe100	lpm_paper10_morgan_fixed_finetune_fixmol_tahoe100_seed47_molholdout_h100_2x_bs4096_200epoch_lustre	/ictstr01/groups/ml01/workspace/artur.szalata/code/chem-perturbridge_lpm/.plib_cache/results/lpm_paper10_morgan_fixed_finetune_fixmol_tahoe100_seed47_molholdout_h100_2x_bs4096_200epoch_lustre/LPM_27fedeaacdec06dd/seed_47/checkpoints/best-validation-rmse-epoch0007.ckpt	0.74297227	0.73480000	ok
finetune_morgan_fixed	47	vcpi_0001	Ginkgo VCPI vcpi-0001 (tvc-bhr-009)	lpm_paper10_morgan_fixed_finetune_fixmol_vcpi_0001_seed47_molholdout_h100_1x_bs4096_200epoch_lustre	/ictstr01/groups/ml01/workspace/artur.szalata/code/chem-perturbridge_lpm/.plib_cache/results/lpm_paper10_morgan_fixed_finetune_fixmol_vcpi_0001_seed47_molholdout_h100_1x_bs4096_200epoch_lustre/LPM_1dc4f1d940a33eab/seed_47/checkpoints/best-validation-rmse-epoch0011.ckpt	0.55354547	0.57070000	ok
finetune_morgan_fixed	47	vcpi_0002	Ginkgo VCPI vcpi-0002 (tvc-kdl-010)	lpm_paper10_morgan_fixed_finetune_fixmol_vcpi_0002_seed47_molholdout_h100_1x_bs4096_200epoch_lustre	/ictstr01/groups/ml01/workspace/artur.szalata/code/chem-perturbridge_lpm/.plib_cache/results/lpm_paper10_morgan_fixed_finetune_fixmol_vcpi_0002_seed47_molholdout_h100_1x_bs4096_200epoch_lustre/LPM_daf7ab7bf674b011/seed_47/checkpoints/best-validation-rmse-epoch0007.ckpt	0.51012530		ok
finetune_morgan_learned_fixed_updated_embeddings	13	cigs_mce	CIGS MCE	lpm_paper10_morgan_init_learned_finetune_fixmol_cigs_mce_seed13_molholdout_h100_2x_bs4096_200epoch_lustre	/ictstr01/groups/ml01/workspace/artur.szalata/code/chem-perturbridge_lpm/.plib_cache/results/lpm_paper10_morgan_init_learned_finetune_fixmol_cigs_mce_seed13_molholdout_h100_2x_bs4096_200epoch_lustre/LPM_ec504948200a6bab/seed_13/checkpoints/best-validation-rmse-epoch0036.ckpt	0.57953974	0.57290000	ok
finetune_morgan_learned_fixed_updated_embeddings	13	cigs_tcm	CIGS TCM	lpm_paper10_morgan_init_learned_finetune_fixmol_cigs_tcm_seed13_molholdout_h100_2x_bs4096_200epoch_lustre	/ictstr01/groups/ml01/workspace/artur.szalata/code/chem-perturbridge_lpm/.plib_cache/results/lpm_paper10_morgan_init_learned_finetune_fixmol_cigs_tcm_seed13_molholdout_h100_2x_bs4096_200epoch_lustre/LPM_4b801b3cff37f0c4/seed_13/checkpoints/best-validation-rmse-epoch0002.ckpt	0.44602282	0.40720000	ok
finetune_morgan_learned_fixed_updated_embeddings	13	dilimap_train	dilimap_train	lpm_paper10_morgan_init_learned_finetune_fixmol_dilimap_train_seed13_molholdout_h100_1x_bs4096_200epoch_lustre	/ictstr01/groups/ml01/workspace/artur.szalata/code/chem-perturbridge_lpm/.plib_cache/results/lpm_paper10_morgan_init_learned_finetune_fixmol_dilimap_train_seed13_molholdout_h100_1x_bs4096_200epoch_lustre/LPM_127b5b71a487cff9/seed_13/checkpoints/best-validation-rmse-epoch0134.ckpt	0.58294872	0.60860000	ok
finetune_morgan_learned_fixed_updated_embeddings	13	gdpx2	Ginkgo GDPx2	lpm_paper10_morgan_init_learned_finetune_fixmol_gdpx2_seed13_molholdout_h100_2x_bs4096_200epoch_lustre	/ictstr01/groups/ml01/workspace/artur.szalata/code/chem-perturbridge_lpm/.plib_cache/results/lpm_paper10_morgan_init_learned_finetune_fixmol_gdpx2_seed13_molholdout_h100_2x_bs4096_200epoch_lustre/LPM_7e0b5391a8ab0399/seed_13/checkpoints/best-validation-rmse-epoch0032.ckpt	0.55924939	0.43680000	ok
finetune_morgan_learned_fixed_updated_embeddings	13	lincs_phase1	LINCS_phase1_level3_epsilon	lpm_paper10_morgan_init_learned_finetune_fixmol_lincs_phase1_seed13_molholdout_h100_2x_bs4096_200epoch_lustre	/ictstr01/groups/ml01/workspace/artur.szalata/code/chem-perturbridge_lpm/.plib_cache/results/lpm_paper10_morgan_init_learned_finetune_fixmol_lincs_phase1_seed13_molholdout_h100_2x_bs4096_200epoch_lustre/LPM_dd47f6170bd65982/seed_13/checkpoints/best-validation-rmse-epoch0071.ckpt	0.60657678	0.62070000	ok
finetune_morgan_learned_fixed_updated_embeddings	13	lincs_phase2	LINCS_phase2_level3	lpm_paper10_morgan_init_learned_finetune_fixmol_lincs_phase2_seed13_molholdout_h100_2x_bs4096_200epoch_lustre	/ictstr01/groups/ml01/workspace/artur.szalata/code/chem-perturbridge_lpm/.plib_cache/results/lpm_paper10_morgan_init_learned_finetune_fixmol_lincs_phase2_seed13_molholdout_h100_2x_bs4096_200epoch_lustre/LPM_41cfc44ccec8c750/seed_13/checkpoints/best-validation-rmse-epoch0025.ckpt	0.46354587	0.48140000	ok
finetune_morgan_learned_fixed_updated_embeddings	13	novartis	Novartis MoABox DRUG-seq	lpm_paper10_morgan_init_learned_finetune_fixmol_novartis_seed13_molholdout_h100_1x_bs4096_200epoch_lustre	/ictstr01/groups/ml01/workspace/artur.szalata/code/chem-perturbridge_lpm/.plib_cache/results/lpm_paper10_morgan_init_learned_finetune_fixmol_novartis_seed13_molholdout_h100_1x_bs4096_200epoch_lustre/LPM_60518a932ebd589b/seed_13/checkpoints/best-validation-rmse-epoch0051.ckpt	0.67513081	0.53760000	ok
finetune_morgan_learned_fixed_updated_embeddings	13	op3	op3	lpm_paper10_morgan_init_learned_finetune_fixmol_op3_seed13_molholdout_h100_2x_bs4096_200epoch_lustre	/ictstr01/groups/ml01/workspace/artur.szalata/code/chem-perturbridge_lpm/.plib_cache/results/lpm_paper10_morgan_init_learned_finetune_fixmol_op3_seed13_molholdout_h100_2x_bs4096_200epoch_lustre/LPM_778feb0e1c2011fe/seed_13/checkpoints/best-validation-rmse-epoch0052.ckpt	0.41148457	0.34070000	ok
finetune_morgan_learned_fixed_updated_embeddings	13	sciplex	srivatsan20_sciplex3	lpm_paper10_morgan_init_learned_finetune_fixmol_sciplex_seed13_molholdout_h100_2x_bs4096_200epoch_lustre	/ictstr01/groups/ml01/workspace/artur.szalata/code/chem-perturbridge_lpm/.plib_cache/results/lpm_paper10_morgan_init_learned_finetune_fixmol_sciplex_seed13_molholdout_h100_2x_bs4096_200epoch_lustre/LPM_fb0444c9a4ce9b31/seed_13/checkpoints/best-validation-rmse-epoch0075.ckpt	0.71540900	0.69180000	ok
finetune_morgan_learned_fixed_updated_embeddings	13	tahoe100	tahoe100	lpm_paper10_morgan_init_learned_finetune_fixmol_tahoe100_seed13_molholdout_h100_2x_bs4096_200epoch_lustre	/ictstr01/groups/ml01/workspace/artur.szalata/code/chem-perturbridge_lpm/.plib_cache/results/lpm_paper10_morgan_init_learned_finetune_fixmol_tahoe100_seed13_molholdout_h100_2x_bs4096_200epoch_lustre/LPM_8eef9d10b2422397/seed_13/checkpoints/best-validation-rmse-epoch0002.ckpt	0.73690446	0.73700000	ok
finetune_morgan_learned_fixed_updated_embeddings	13	vcpi_0001	Ginkgo VCPI vcpi-0001 (tvc-bhr-009)	lpm_paper10_morgan_init_learned_finetune_fixmol_vcpi_0001_seed13_molholdout_h100_1x_bs4096_200epoch_lustre	/ictstr01/groups/ml01/workspace/artur.szalata/code/chem-perturbridge_lpm/.plib_cache/results/lpm_paper10_morgan_init_learned_finetune_fixmol_vcpi_0001_seed13_molholdout_h100_1x_bs4096_200epoch_lustre/LPM_95054eb62cd13760/seed_13/checkpoints/best-validation-rmse-epoch0177.ckpt	0.55352315	0.57060000	ok
finetune_morgan_learned_fixed_updated_embeddings	13	vcpi_0002	Ginkgo VCPI vcpi-0002 (tvc-kdl-010)	lpm_paper10_morgan_init_learned_finetune_fixmol_vcpi_0002_seed13_molholdout_h100_1x_bs4096_200epoch_lustre	/ictstr01/groups/ml01/workspace/artur.szalata/code/chem-perturbridge_lpm/.plib_cache/results/lpm_paper10_morgan_init_learned_finetune_fixmol_vcpi_0002_seed13_molholdout_h100_1x_bs4096_200epoch_lustre/LPM_53d0437890c55187/seed_13/checkpoints/best-validation-rmse-epoch0014.ckpt	0.51012261		ok
finetune_morgan_learned_fixed_updated_embeddings	17	cigs_mce	CIGS MCE	lpm_paper10_morgan_init_learned_finetune_fixmol_cigs_mce_seed17_molholdout_h100_2x_bs4096_200epoch_lustre	/ictstr01/groups/ml01/workspace/artur.szalata/code/chem-perturbridge_lpm/.plib_cache/results/lpm_paper10_morgan_init_learned_finetune_fixmol_cigs_mce_seed17_molholdout_h100_2x_bs4096_200epoch_lustre/LPM_ec504948200a6bab/seed_17/checkpoints/best-validation-rmse-epoch0070.ckpt	0.57946067	0.57840000	ok
finetune_morgan_learned_fixed_updated_embeddings	17	cigs_tcm	CIGS TCM	lpm_paper10_morgan_init_learned_finetune_fixmol_cigs_tcm_seed17_molholdout_h100_2x_bs4096_200epoch_lustre	/ictstr01/groups/ml01/workspace/artur.szalata/code/chem-perturbridge_lpm/.plib_cache/results/lpm_paper10_morgan_init_learned_finetune_fixmol_cigs_tcm_seed17_molholdout_h100_2x_bs4096_200epoch_lustre/LPM_4b801b3cff37f0c4/seed_17/checkpoints/best-validation-rmse-epoch0001.ckpt	0.44645071	0.40770000	ok
finetune_morgan_learned_fixed_updated_embeddings	17	dilimap_train	dilimap_train	lpm_paper10_morgan_init_learned_finetune_fixmol_dilimap_train_seed17_molholdout_h100_1x_bs4096_200epoch_lustre	/ictstr01/groups/ml01/workspace/artur.szalata/code/chem-perturbridge_lpm/.plib_cache/results/lpm_paper10_morgan_init_learned_finetune_fixmol_dilimap_train_seed17_molholdout_h100_1x_bs4096_200epoch_lustre/LPM_127b5b71a487cff9/seed_17/checkpoints/best-validation-rmse-epoch0150.ckpt	0.58245309	0.60920000	ok
finetune_morgan_learned_fixed_updated_embeddings	17	gdpx2	Ginkgo GDPx2	lpm_paper10_morgan_init_learned_finetune_fixmol_gdpx2_seed17_molholdout_h100_2x_bs4096_200epoch_lustre	/ictstr01/groups/ml01/workspace/artur.szalata/code/chem-perturbridge_lpm/.plib_cache/results/lpm_paper10_morgan_init_learned_finetune_fixmol_gdpx2_seed17_molholdout_h100_2x_bs4096_200epoch_lustre/LPM_7e0b5391a8ab0399/seed_17/checkpoints/best-validation-rmse-epoch0063.ckpt	0.55481067	0.43980000	ok
finetune_morgan_learned_fixed_updated_embeddings	17	lincs_phase1	LINCS_phase1_level3_epsilon	lpm_paper10_morgan_init_learned_finetune_fixmol_lincs_phase1_seed17_molholdout_h100_2x_bs4096_200epoch_lustre	/ictstr01/groups/ml01/workspace/artur.szalata/code/chem-perturbridge_lpm/.plib_cache/results/lpm_paper10_morgan_init_learned_finetune_fixmol_lincs_phase1_seed17_molholdout_h100_2x_bs4096_200epoch_lustre/LPM_dd47f6170bd65982/seed_17/checkpoints/best-validation-rmse-epoch0036.ckpt	0.60881768	0.62110000	ok
finetune_morgan_learned_fixed_updated_embeddings	17	lincs_phase2	LINCS_phase2_level3	lpm_paper10_morgan_init_learned_finetune_fixmol_lincs_phase2_seed17_molholdout_h100_2x_bs4096_200epoch_lustre	/ictstr01/groups/ml01/workspace/artur.szalata/code/chem-perturbridge_lpm/.plib_cache/results/lpm_paper10_morgan_init_learned_finetune_fixmol_lincs_phase2_seed17_molholdout_h100_2x_bs4096_200epoch_lustre/LPM_41cfc44ccec8c750/seed_17/checkpoints/best-validation-rmse-epoch0032.ckpt	0.46353431	0.48110000	ok
finetune_morgan_learned_fixed_updated_embeddings	17	novartis	Novartis MoABox DRUG-seq	lpm_paper10_morgan_init_learned_finetune_fixmol_novartis_seed17_molholdout_h100_1x_bs4096_200epoch_lustre	/ictstr01/groups/ml01/workspace/artur.szalata/code/chem-perturbridge_lpm/.plib_cache/results/lpm_paper10_morgan_init_learned_finetune_fixmol_novartis_seed17_molholdout_h100_1x_bs4096_200epoch_lustre/LPM_60518a932ebd589b/seed_17/checkpoints/best-validation-rmse-epoch0102.ckpt	0.67464392	0.53660000	ok
finetune_morgan_learned_fixed_updated_embeddings	17	op3	op3	lpm_paper10_morgan_init_learned_finetune_fixmol_op3_seed17_molholdout_h100_2x_bs4096_200epoch_lustre	/ictstr01/groups/ml01/workspace/artur.szalata/code/chem-perturbridge_lpm/.plib_cache/results/lpm_paper10_morgan_init_learned_finetune_fixmol_op3_seed17_molholdout_h100_2x_bs4096_200epoch_lustre/LPM_778feb0e1c2011fe/seed_17/checkpoints/best-validation-rmse-epoch0039.ckpt	0.41202242	0.34190000	ok
finetune_morgan_learned_fixed_updated_embeddings	17	sciplex	srivatsan20_sciplex3	lpm_paper10_morgan_init_learned_finetune_fixmol_sciplex_seed17_molholdout_h100_2x_bs4096_200epoch_lustre	/ictstr01/groups/ml01/workspace/artur.szalata/code/chem-perturbridge_lpm/.plib_cache/results/lpm_paper10_morgan_init_learned_finetune_fixmol_sciplex_seed17_molholdout_h100_2x_bs4096_200epoch_lustre/LPM_fb0444c9a4ce9b31/seed_17/checkpoints/best-validation-rmse-epoch0091.ckpt	0.71415579	0.69020000	ok
finetune_morgan_learned_fixed_updated_embeddings	17	tahoe100	tahoe100	lpm_paper10_morgan_init_learned_finetune_fixmol_tahoe100_seed17_molholdout_h100_2x_bs4096_200epoch_lustre	/ictstr01/groups/ml01/workspace/artur.szalata/code/chem-perturbridge_lpm/.plib_cache/results/lpm_paper10_morgan_init_learned_finetune_fixmol_tahoe100_seed17_molholdout_h100_2x_bs4096_200epoch_lustre/LPM_8eef9d10b2422397/seed_17/checkpoints/best-validation-rmse-epoch0004.ckpt	0.73732800	0.73600000	ok
finetune_morgan_learned_fixed_updated_embeddings	17	vcpi_0001	Ginkgo VCPI vcpi-0001 (tvc-bhr-009)	lpm_paper10_morgan_init_learned_finetune_fixmol_vcpi_0001_seed17_molholdout_h100_1x_bs4096_200epoch_lustre	/ictstr01/groups/ml01/workspace/artur.szalata/code/chem-perturbridge_lpm/.plib_cache/results/lpm_paper10_morgan_init_learned_finetune_fixmol_vcpi_0001_seed17_molholdout_h100_1x_bs4096_200epoch_lustre/LPM_95054eb62cd13760/seed_17/checkpoints/best-validation-rmse-epoch0031.ckpt	0.55356501	0.57070000	ok
finetune_morgan_learned_fixed_updated_embeddings	17	vcpi_0002	Ginkgo VCPI vcpi-0002 (tvc-kdl-010)	lpm_paper10_morgan_init_learned_finetune_fixmol_vcpi_0002_seed17_molholdout_h100_1x_bs4096_200epoch_lustre	/ictstr01/groups/ml01/workspace/artur.szalata/code/chem-perturbridge_lpm/.plib_cache/results/lpm_paper10_morgan_init_learned_finetune_fixmol_vcpi_0002_seed17_molholdout_h100_1x_bs4096_200epoch_lustre/LPM_53d0437890c55187/seed_17/checkpoints/best-validation-rmse-epoch0008.ckpt	0.51011782		ok
finetune_morgan_learned_fixed_updated_embeddings	19	cigs_mce	CIGS MCE	lpm_paper10_morgan_init_learned_finetune_fixmol_cigs_mce_seed19_molholdout_h100_2x_bs4096_200epoch_lustre	/ictstr01/groups/ml01/workspace/artur.szalata/code/chem-perturbridge_lpm/.plib_cache/results/lpm_paper10_morgan_init_learned_finetune_fixmol_cigs_mce_seed19_molholdout_h100_2x_bs4096_200epoch_lustre/LPM_ec504948200a6bab/seed_19/checkpoints/best-validation-rmse-epoch0049.ckpt	0.57905430	0.57490000	ok
finetune_morgan_learned_fixed_updated_embeddings	19	cigs_tcm	CIGS TCM	lpm_paper10_morgan_init_learned_finetune_fixmol_cigs_tcm_seed19_molholdout_h100_2x_bs4096_200epoch_lustre	/ictstr01/groups/ml01/workspace/artur.szalata/code/chem-perturbridge_lpm/.plib_cache/results/lpm_paper10_morgan_init_learned_finetune_fixmol_cigs_tcm_seed19_molholdout_h100_2x_bs4096_200epoch_lustre/LPM_4b801b3cff37f0c4/seed_19/checkpoints/best-validation-rmse-epoch0004.ckpt	0.44629013	0.40740000	ok
finetune_morgan_learned_fixed_updated_embeddings	19	dilimap_train	dilimap_train	lpm_paper10_morgan_init_learned_finetune_fixmol_dilimap_train_seed19_molholdout_h100_1x_bs4096_200epoch_lustre	/ictstr01/groups/ml01/workspace/artur.szalata/code/chem-perturbridge_lpm/.plib_cache/results/lpm_paper10_morgan_init_learned_finetune_fixmol_dilimap_train_seed19_molholdout_h100_1x_bs4096_200epoch_lustre/LPM_127b5b71a487cff9/seed_19/checkpoints/best-validation-rmse-epoch0199.ckpt	0.58319363	0.60870000	ok
finetune_morgan_learned_fixed_updated_embeddings	19	gdpx2	Ginkgo GDPx2	lpm_paper10_morgan_init_learned_finetune_fixmol_gdpx2_seed19_molholdout_h100_2x_bs4096_200epoch_lustre	/ictstr01/groups/ml01/workspace/artur.szalata/code/chem-perturbridge_lpm/.plib_cache/results/lpm_paper10_morgan_init_learned_finetune_fixmol_gdpx2_seed19_molholdout_h100_2x_bs4096_200epoch_lustre/LPM_7e0b5391a8ab0399/seed_19/checkpoints/best-validation-rmse-epoch0020.ckpt	0.56152165	0.43950000	ok
finetune_morgan_learned_fixed_updated_embeddings	19	lincs_phase1	LINCS_phase1_level3_epsilon	lpm_paper10_morgan_init_learned_finetune_fixmol_lincs_phase1_seed19_molholdout_h100_2x_bs4096_200epoch_lustre	/ictstr01/groups/ml01/workspace/artur.szalata/code/chem-perturbridge_lpm/.plib_cache/results/lpm_paper10_morgan_init_learned_finetune_fixmol_lincs_phase1_seed19_molholdout_h100_2x_bs4096_200epoch_lustre/LPM_dd47f6170bd65982/seed_19/checkpoints/best-validation-rmse-epoch0021.ckpt	0.60606355	0.62060000	ok
finetune_morgan_learned_fixed_updated_embeddings	19	lincs_phase2	LINCS_phase2_level3	lpm_paper10_morgan_init_learned_finetune_fixmol_lincs_phase2_seed19_molholdout_h100_2x_bs4096_200epoch_lustre	/ictstr01/groups/ml01/workspace/artur.szalata/code/chem-perturbridge_lpm/.plib_cache/results/lpm_paper10_morgan_init_learned_finetune_fixmol_lincs_phase2_seed19_molholdout_h100_2x_bs4096_200epoch_lustre/LPM_41cfc44ccec8c750/seed_19/checkpoints/best-validation-rmse-epoch0033.ckpt	0.46323436	0.48110000	ok
finetune_morgan_learned_fixed_updated_embeddings	19	novartis	Novartis MoABox DRUG-seq	lpm_paper10_morgan_init_learned_finetune_fixmol_novartis_seed19_molholdout_h100_1x_bs4096_200epoch_lustre	/ictstr01/groups/ml01/workspace/artur.szalata/code/chem-perturbridge_lpm/.plib_cache/results/lpm_paper10_morgan_init_learned_finetune_fixmol_novartis_seed19_molholdout_h100_1x_bs4096_200epoch_lustre/LPM_60518a932ebd589b/seed_19/checkpoints/best-validation-rmse-epoch0102.ckpt	0.67507037	0.53750000	ok
finetune_morgan_learned_fixed_updated_embeddings	19	op3	op3	lpm_paper10_morgan_init_learned_finetune_fixmol_op3_seed19_molholdout_h100_2x_bs4096_200epoch_lustre	/ictstr01/groups/ml01/workspace/artur.szalata/code/chem-perturbridge_lpm/.plib_cache/results/lpm_paper10_morgan_init_learned_finetune_fixmol_op3_seed19_molholdout_h100_2x_bs4096_200epoch_lustre/LPM_778feb0e1c2011fe/seed_19/checkpoints/best-validation-rmse-epoch0035.ckpt	0.41023003	0.34160000	ok
finetune_morgan_learned_fixed_updated_embeddings	19	sciplex	srivatsan20_sciplex3	lpm_paper10_morgan_init_learned_finetune_fixmol_sciplex_seed19_molholdout_h100_2x_bs4096_200epoch_lustre	/ictstr01/groups/ml01/workspace/artur.szalata/code/chem-perturbridge_lpm/.plib_cache/results/lpm_paper10_morgan_init_learned_finetune_fixmol_sciplex_seed19_molholdout_h100_2x_bs4096_200epoch_lustre/LPM_fb0444c9a4ce9b31/seed_19/checkpoints/best-validation-rmse-epoch0107.ckpt	0.71354034	0.68880000	ok
finetune_morgan_learned_fixed_updated_embeddings	19	tahoe100	tahoe100	lpm_paper10_morgan_init_learned_finetune_fixmol_tahoe100_seed19_molholdout_h100_2x_bs4096_200epoch_lustre	/ictstr01/groups/ml01/workspace/artur.szalata/code/chem-perturbridge_lpm/.plib_cache/results/lpm_paper10_morgan_init_learned_finetune_fixmol_tahoe100_seed19_molholdout_h100_2x_bs4096_200epoch_lustre/LPM_8eef9d10b2422397/seed_19/checkpoints/best-validation-rmse-epoch0005.ckpt	0.73776533	0.73650000	ok
finetune_morgan_learned_fixed_updated_embeddings	19	vcpi_0001	Ginkgo VCPI vcpi-0001 (tvc-bhr-009)	lpm_paper10_morgan_init_learned_finetune_fixmol_vcpi_0001_seed19_molholdout_h100_1x_bs4096_200epoch_lustre	/ictstr01/groups/ml01/workspace/artur.szalata/code/chem-perturbridge_lpm/.plib_cache/results/lpm_paper10_morgan_init_learned_finetune_fixmol_vcpi_0001_seed19_molholdout_h100_1x_bs4096_200epoch_lustre/LPM_95054eb62cd13760/seed_19/checkpoints/best-validation-rmse-epoch0199.ckpt	0.55352326	0.57060000	ok
finetune_morgan_learned_fixed_updated_embeddings	19	vcpi_0002	Ginkgo VCPI vcpi-0002 (tvc-kdl-010)	lpm_paper10_morgan_init_learned_finetune_fixmol_vcpi_0002_seed19_molholdout_h100_1x_bs4096_200epoch_lustre	/ictstr01/groups/ml01/workspace/artur.szalata/code/chem-perturbridge_lpm/.plib_cache/results/lpm_paper10_morgan_init_learned_finetune_fixmol_vcpi_0002_seed19_molholdout_h100_1x_bs4096_200epoch_lustre/LPM_53d0437890c55187/seed_19/checkpoints/best-validation-rmse-epoch0018.ckpt	0.51013385		ok
finetune_morgan_learned_fixed_updated_embeddings	23	cigs_mce	CIGS MCE	lpm_paper10_morgan_init_learned_finetune_fixmol_cigs_mce_seed23_molholdout_h100_2x_bs4096_200epoch_lustre	/ictstr01/groups/ml01/workspace/artur.szalata/code/chem-perturbridge_lpm/.plib_cache/results/lpm_paper10_morgan_init_learned_finetune_fixmol_cigs_mce_seed23_molholdout_h100_2x_bs4096_200epoch_lustre/LPM_ec504948200a6bab/seed_23/checkpoints/best-validation-rmse-epoch0070.ckpt	0.57923743	0.57280000	ok
finetune_morgan_learned_fixed_updated_embeddings	23	cigs_tcm	CIGS TCM	lpm_paper10_morgan_init_learned_finetune_fixmol_cigs_tcm_seed23_molholdout_h100_2x_bs4096_200epoch_lustre	/ictstr01/groups/ml01/workspace/artur.szalata/code/chem-perturbridge_lpm/.plib_cache/results/lpm_paper10_morgan_init_learned_finetune_fixmol_cigs_tcm_seed23_molholdout_h100_2x_bs4096_200epoch_lustre/LPM_4b801b3cff37f0c4/seed_23/checkpoints/best-validation-rmse-epoch0000.ckpt	0.44614836	0.40920000	ok
finetune_morgan_learned_fixed_updated_embeddings	23	dilimap_train	dilimap_train	lpm_paper10_morgan_init_learned_finetune_fixmol_dilimap_train_seed23_molholdout_h100_1x_bs4096_200epoch_lustre	/ictstr01/groups/ml01/workspace/artur.szalata/code/chem-perturbridge_lpm/.plib_cache/results/lpm_paper10_morgan_init_learned_finetune_fixmol_dilimap_train_seed23_molholdout_h100_1x_bs4096_200epoch_lustre/LPM_127b5b71a487cff9/seed_23/checkpoints/best-validation-rmse-epoch0199.ckpt	0.58415800	0.60950000	ok
finetune_morgan_learned_fixed_updated_embeddings	23	gdpx2	Ginkgo GDPx2	lpm_paper10_morgan_init_learned_finetune_fixmol_gdpx2_seed23_molholdout_h100_2x_bs4096_200epoch_lustre	/ictstr01/groups/ml01/workspace/artur.szalata/code/chem-perturbridge_lpm/.plib_cache/results/lpm_paper10_morgan_init_learned_finetune_fixmol_gdpx2_seed23_molholdout_h100_2x_bs4096_200epoch_lustre/LPM_7e0b5391a8ab0399/seed_23/checkpoints/best-validation-rmse-epoch0048.ckpt	0.55760011	0.43700000	ok
finetune_morgan_learned_fixed_updated_embeddings	23	lincs_phase1	LINCS_phase1_level3_epsilon	lpm_paper10_morgan_init_learned_finetune_fixmol_lincs_phase1_seed23_molholdout_h100_2x_bs4096_200epoch_lustre	/ictstr01/groups/ml01/workspace/artur.szalata/code/chem-perturbridge_lpm/.plib_cache/results/lpm_paper10_morgan_init_learned_finetune_fixmol_lincs_phase1_seed23_molholdout_h100_2x_bs4096_200epoch_lustre/LPM_dd47f6170bd65982/seed_23/checkpoints/best-validation-rmse-epoch0036.ckpt	0.60768446	0.62210000	ok
finetune_morgan_learned_fixed_updated_embeddings	23	lincs_phase2	LINCS_phase2_level3	lpm_paper10_morgan_init_learned_finetune_fixmol_lincs_phase2_seed23_molholdout_h100_2x_bs4096_200epoch_lustre	/ictstr01/groups/ml01/workspace/artur.szalata/code/chem-perturbridge_lpm/.plib_cache/results/lpm_paper10_morgan_init_learned_finetune_fixmol_lincs_phase2_seed23_molholdout_h100_2x_bs4096_200epoch_lustre/LPM_41cfc44ccec8c750/seed_23/checkpoints/best-validation-rmse-epoch0056.ckpt	0.46327860	0.48160000	ok
finetune_morgan_learned_fixed_updated_embeddings	23	novartis	Novartis MoABox DRUG-seq	lpm_paper10_morgan_init_learned_finetune_fixmol_novartis_seed23_molholdout_h100_1x_bs4096_200epoch_lustre	/ictstr01/groups/ml01/workspace/artur.szalata/code/chem-perturbridge_lpm/.plib_cache/results/lpm_paper10_morgan_init_learned_finetune_fixmol_novartis_seed23_molholdout_h100_1x_bs4096_200epoch_lustre/LPM_60518a932ebd589b/seed_23/checkpoints/best-validation-rmse-epoch0199.ckpt	0.67543499	0.53760000	ok
finetune_morgan_learned_fixed_updated_embeddings	23	op3	op3	lpm_paper10_morgan_init_learned_finetune_fixmol_op3_seed23_molholdout_h100_2x_bs4096_200epoch_lustre	/ictstr01/groups/ml01/workspace/artur.szalata/code/chem-perturbridge_lpm/.plib_cache/results/lpm_paper10_morgan_init_learned_finetune_fixmol_op3_seed23_molholdout_h100_2x_bs4096_200epoch_lustre/LPM_778feb0e1c2011fe/seed_23/checkpoints/best-validation-rmse-epoch0040.ckpt	0.41442947	0.34410000	ok
finetune_morgan_learned_fixed_updated_embeddings	23	sciplex	srivatsan20_sciplex3	lpm_paper10_morgan_init_learned_finetune_fixmol_sciplex_seed23_molholdout_h100_2x_bs4096_200epoch_lustre	/ictstr01/groups/ml01/workspace/artur.szalata/code/chem-perturbridge_lpm/.plib_cache/results/lpm_paper10_morgan_init_learned_finetune_fixmol_sciplex_seed23_molholdout_h100_2x_bs4096_200epoch_lustre/LPM_fb0444c9a4ce9b31/seed_23/checkpoints/best-validation-rmse-epoch0111.ckpt	0.71357458	0.69130000	ok
finetune_morgan_learned_fixed_updated_embeddings	23	tahoe100	tahoe100	lpm_paper10_morgan_init_learned_finetune_fixmol_tahoe100_seed23_molholdout_h100_2x_bs4096_200epoch_lustre	/ictstr01/groups/ml01/workspace/artur.szalata/code/chem-perturbridge_lpm/.plib_cache/results/lpm_paper10_morgan_init_learned_finetune_fixmol_tahoe100_seed23_molholdout_h100_2x_bs4096_200epoch_lustre/LPM_8eef9d10b2422397/seed_23/checkpoints/best-validation-rmse-epoch0004.ckpt	0.73732386	0.73670000	ok
finetune_morgan_learned_fixed_updated_embeddings	23	vcpi_0001	Ginkgo VCPI vcpi-0001 (tvc-bhr-009)	lpm_paper10_morgan_init_learned_finetune_fixmol_vcpi_0001_seed23_molholdout_h100_1x_bs4096_200epoch_lustre	/ictstr01/groups/ml01/workspace/artur.szalata/code/chem-perturbridge_lpm/.plib_cache/results/lpm_paper10_morgan_init_learned_finetune_fixmol_vcpi_0001_seed23_molholdout_h100_1x_bs4096_200epoch_lustre/LPM_95054eb62cd13760/seed_23/checkpoints/best-validation-rmse-epoch0031.ckpt	0.55354940	0.57050000	ok
finetune_morgan_learned_fixed_updated_embeddings	23	vcpi_0002	Ginkgo VCPI vcpi-0002 (tvc-kdl-010)	lpm_paper10_morgan_init_learned_finetune_fixmol_vcpi_0002_seed23_molholdout_h100_1x_bs4096_200epoch_lustre	/ictstr01/groups/ml01/workspace/artur.szalata/code/chem-perturbridge_lpm/.plib_cache/results/lpm_paper10_morgan_init_learned_finetune_fixmol_vcpi_0002_seed23_molholdout_h100_1x_bs4096_200epoch_lustre/LPM_53d0437890c55187/seed_23/checkpoints/best-validation-rmse-epoch0007.ckpt	0.51009169		ok
finetune_morgan_learned_fixed_updated_embeddings	29	cigs_mce	CIGS MCE	lpm_paper10_morgan_init_learned_finetune_fixmol_cigs_mce_seed29_molholdout_h100_2x_bs4096_200epoch_lustre	/ictstr01/groups/ml01/workspace/artur.szalata/code/chem-perturbridge_lpm/.plib_cache/results/lpm_paper10_morgan_init_learned_finetune_fixmol_cigs_mce_seed29_molholdout_h100_2x_bs4096_200epoch_lustre/LPM_ec504948200a6bab/seed_29/checkpoints/best-validation-rmse-epoch0070.ckpt	0.57946177	0.57500000	ok
finetune_morgan_learned_fixed_updated_embeddings	29	cigs_tcm	CIGS TCM	lpm_paper10_morgan_init_learned_finetune_fixmol_cigs_tcm_seed29_molholdout_h100_2x_bs4096_200epoch_lustre	/ictstr01/groups/ml01/workspace/artur.szalata/code/chem-perturbridge_lpm/.plib_cache/results/lpm_paper10_morgan_init_learned_finetune_fixmol_cigs_tcm_seed29_molholdout_h100_2x_bs4096_200epoch_lustre/LPM_4b801b3cff37f0c4/seed_29/checkpoints/best-validation-rmse-epoch0003.ckpt	0.44621698	0.40740000	ok
finetune_morgan_learned_fixed_updated_embeddings	29	dilimap_train	dilimap_train	lpm_paper10_morgan_init_learned_finetune_fixmol_dilimap_train_seed29_molholdout_h100_1x_bs4096_200epoch_lustre	/ictstr01/groups/ml01/workspace/artur.szalata/code/chem-perturbridge_lpm/.plib_cache/results/lpm_paper10_morgan_init_learned_finetune_fixmol_dilimap_train_seed29_molholdout_h100_1x_bs4096_200epoch_lustre/LPM_127b5b71a487cff9/seed_29/checkpoints/best-validation-rmse-epoch0172.ckpt	0.58274923	0.60950000	ok
finetune_morgan_learned_fixed_updated_embeddings	29	gdpx2	Ginkgo GDPx2	lpm_paper10_morgan_init_learned_finetune_fixmol_gdpx2_seed29_molholdout_h100_2x_bs4096_200epoch_lustre	/ictstr01/groups/ml01/workspace/artur.szalata/code/chem-perturbridge_lpm/.plib_cache/results/lpm_paper10_morgan_init_learned_finetune_fixmol_gdpx2_seed29_molholdout_h100_2x_bs4096_200epoch_lustre/LPM_7e0b5391a8ab0399/seed_29/checkpoints/best-validation-rmse-epoch0036.ckpt	0.55983945	0.44300000	ok
finetune_morgan_learned_fixed_updated_embeddings	29	lincs_phase1	LINCS_phase1_level3_epsilon	lpm_paper10_morgan_init_learned_finetune_fixmol_lincs_phase1_seed29_molholdout_h100_2x_bs4096_200epoch_lustre	/ictstr01/groups/ml01/workspace/artur.szalata/code/chem-perturbridge_lpm/.plib_cache/results/lpm_paper10_morgan_init_learned_finetune_fixmol_lincs_phase1_seed29_molholdout_h100_2x_bs4096_200epoch_lustre/LPM_dd47f6170bd65982/seed_29/checkpoints/best-validation-rmse-epoch0013.ckpt	0.60719797	0.62240000	ok
finetune_morgan_learned_fixed_updated_embeddings	29	lincs_phase2	LINCS_phase2_level3	lpm_paper10_morgan_init_learned_finetune_fixmol_lincs_phase2_seed29_molholdout_h100_2x_bs4096_200epoch_lustre	/ictstr01/groups/ml01/workspace/artur.szalata/code/chem-perturbridge_lpm/.plib_cache/results/lpm_paper10_morgan_init_learned_finetune_fixmol_lincs_phase2_seed29_molholdout_h100_2x_bs4096_200epoch_lustre/LPM_41cfc44ccec8c750/seed_29/checkpoints/best-validation-rmse-epoch0037.ckpt	0.46339791	0.48210000	ok
finetune_morgan_learned_fixed_updated_embeddings	29	novartis	Novartis MoABox DRUG-seq	lpm_paper10_morgan_init_learned_finetune_fixmol_novartis_seed29_molholdout_h100_1x_bs4096_200epoch_lustre	/ictstr01/groups/ml01/workspace/artur.szalata/code/chem-perturbridge_lpm/.plib_cache/results/lpm_paper10_morgan_init_learned_finetune_fixmol_novartis_seed29_molholdout_h100_1x_bs4096_200epoch_lustre/LPM_60518a932ebd589b/seed_29/checkpoints/best-validation-rmse-epoch0075.ckpt	0.67543481	0.53770000	ok
finetune_morgan_learned_fixed_updated_embeddings	29	op3	op3	lpm_paper10_morgan_init_learned_finetune_fixmol_op3_seed29_molholdout_h100_2x_bs4096_200epoch_lustre	/ictstr01/groups/ml01/workspace/artur.szalata/code/chem-perturbridge_lpm/.plib_cache/results/lpm_paper10_morgan_init_learned_finetune_fixmol_op3_seed29_molholdout_h100_2x_bs4096_200epoch_lustre/LPM_778feb0e1c2011fe/seed_29/checkpoints/best-validation-rmse-epoch0036.ckpt	0.41357324	0.34320000	ok
finetune_morgan_learned_fixed_updated_embeddings	29	sciplex	srivatsan20_sciplex3	lpm_paper10_morgan_init_learned_finetune_fixmol_sciplex_seed29_molholdout_h100_2x_bs4096_200epoch_lustre	/ictstr01/groups/ml01/workspace/artur.szalata/code/chem-perturbridge_lpm/.plib_cache/results/lpm_paper10_morgan_init_learned_finetune_fixmol_sciplex_seed29_molholdout_h100_2x_bs4096_200epoch_lustre/LPM_fb0444c9a4ce9b31/seed_29/checkpoints/best-validation-rmse-epoch0044.ckpt	0.71183093	0.68760000	ok
finetune_morgan_learned_fixed_updated_embeddings	29	tahoe100	tahoe100	lpm_paper10_morgan_init_learned_finetune_fixmol_tahoe100_seed29_molholdout_h100_2x_bs4096_200epoch_lustre	/ictstr01/groups/ml01/workspace/artur.szalata/code/chem-perturbridge_lpm/.plib_cache/results/lpm_paper10_morgan_init_learned_finetune_fixmol_tahoe100_seed29_molholdout_h100_2x_bs4096_200epoch_lustre/LPM_8eef9d10b2422397/seed_29/checkpoints/best-validation-rmse-epoch0003.ckpt	0.73719580	0.73640000	ok
finetune_morgan_learned_fixed_updated_embeddings	29	vcpi_0001	Ginkgo VCPI vcpi-0001 (tvc-bhr-009)	lpm_paper10_morgan_init_learned_finetune_fixmol_vcpi_0001_seed29_molholdout_h100_1x_bs4096_200epoch_lustre	/ictstr01/groups/ml01/workspace/artur.szalata/code/chem-perturbridge_lpm/.plib_cache/results/lpm_paper10_morgan_init_learned_finetune_fixmol_vcpi_0001_seed29_molholdout_h100_1x_bs4096_200epoch_lustre/LPM_95054eb62cd13760/seed_29/checkpoints/best-validation-rmse-epoch0031.ckpt	0.55356624	0.57070000	ok
finetune_morgan_learned_fixed_updated_embeddings	29	vcpi_0002	Ginkgo VCPI vcpi-0002 (tvc-kdl-010)	lpm_paper10_morgan_init_learned_finetune_fixmol_vcpi_0002_seed29_molholdout_h100_1x_bs4096_200epoch_lustre	/ictstr01/groups/ml01/workspace/artur.szalata/code/chem-perturbridge_lpm/.plib_cache/results/lpm_paper10_morgan_init_learned_finetune_fixmol_vcpi_0002_seed29_molholdout_h100_1x_bs4096_200epoch_lustre/LPM_53d0437890c55187/seed_29/checkpoints/best-validation-rmse-epoch0027.ckpt	0.51013565		ok
finetune_morgan_learned_fixed_updated_embeddings	31	cigs_mce	CIGS MCE	lpm_paper10_morgan_init_learned_finetune_fixmol_cigs_mce_seed31_molholdout_h100_2x_bs4096_200epoch_lustre	/ictstr01/groups/ml01/workspace/artur.szalata/code/chem-perturbridge_lpm/.plib_cache/results/lpm_paper10_morgan_init_learned_finetune_fixmol_cigs_mce_seed31_molholdout_h100_2x_bs4096_200epoch_lustre/LPM_ec504948200a6bab/seed_31/checkpoints/best-validation-rmse-epoch0049.ckpt	0.57942865	0.57510000	ok
finetune_morgan_learned_fixed_updated_embeddings	31	cigs_tcm	CIGS TCM	lpm_paper10_morgan_init_learned_finetune_fixmol_cigs_tcm_seed31_molholdout_h100_2x_bs4096_200epoch_lustre	/ictstr01/groups/ml01/workspace/artur.szalata/code/chem-perturbridge_lpm/.plib_cache/results/lpm_paper10_morgan_init_learned_finetune_fixmol_cigs_tcm_seed31_molholdout_h100_2x_bs4096_200epoch_lustre/LPM_4b801b3cff37f0c4/seed_31/checkpoints/best-validation-rmse-epoch0005.ckpt	0.44646273	0.40740000	ok
finetune_morgan_learned_fixed_updated_embeddings	31	dilimap_train	dilimap_train	lpm_paper10_morgan_init_learned_finetune_fixmol_dilimap_train_seed31_molholdout_h100_1x_bs4096_200epoch_lustre	/ictstr01/groups/ml01/workspace/artur.szalata/code/chem-perturbridge_lpm/.plib_cache/results/lpm_paper10_morgan_init_learned_finetune_fixmol_dilimap_train_seed31_molholdout_h100_1x_bs4096_200epoch_lustre/LPM_127b5b71a487cff9/seed_31/checkpoints/best-validation-rmse-epoch0083.ckpt	0.58258435	0.60990000	ok
finetune_morgan_learned_fixed_updated_embeddings	31	gdpx2	Ginkgo GDPx2	lpm_paper10_morgan_init_learned_finetune_fixmol_gdpx2_seed31_molholdout_h100_2x_bs4096_200epoch_lustre	/ictstr01/groups/ml01/workspace/artur.szalata/code/chem-perturbridge_lpm/.plib_cache/results/lpm_paper10_morgan_init_learned_finetune_fixmol_gdpx2_seed31_molholdout_h100_2x_bs4096_200epoch_lustre/LPM_7e0b5391a8ab0399/seed_31/checkpoints/best-validation-rmse-epoch0103.ckpt	0.55955492	0.43760000	ok
finetune_morgan_learned_fixed_updated_embeddings	31	lincs_phase1	LINCS_phase1_level3_epsilon	lpm_paper10_morgan_init_learned_finetune_fixmol_lincs_phase1_seed31_molholdout_h100_2x_bs4096_200epoch_lustre	/ictstr01/groups/ml01/workspace/artur.szalata/code/chem-perturbridge_lpm/.plib_cache/results/lpm_paper10_morgan_init_learned_finetune_fixmol_lincs_phase1_seed31_molholdout_h100_2x_bs4096_200epoch_lustre/LPM_dd47f6170bd65982/seed_31/checkpoints/best-validation-rmse-epoch0018.ckpt	0.60825472	0.62310000	ok
finetune_morgan_learned_fixed_updated_embeddings	31	lincs_phase2	LINCS_phase2_level3	lpm_paper10_morgan_init_learned_finetune_fixmol_lincs_phase2_seed31_molholdout_h100_2x_bs4096_200epoch_lustre	/ictstr01/groups/ml01/workspace/artur.szalata/code/chem-perturbridge_lpm/.plib_cache/results/lpm_paper10_morgan_init_learned_finetune_fixmol_lincs_phase2_seed31_molholdout_h100_2x_bs4096_200epoch_lustre/LPM_41cfc44ccec8c750/seed_31/checkpoints/best-validation-rmse-epoch0045.ckpt	0.46324633	0.48090000	ok
finetune_morgan_learned_fixed_updated_embeddings	31	novartis	Novartis MoABox DRUG-seq	lpm_paper10_morgan_init_learned_finetune_fixmol_novartis_seed31_molholdout_h100_1x_bs4096_200epoch_lustre	/ictstr01/groups/ml01/workspace/artur.szalata/code/chem-perturbridge_lpm/.plib_cache/results/lpm_paper10_morgan_init_learned_finetune_fixmol_novartis_seed31_molholdout_h100_1x_bs4096_200epoch_lustre/LPM_60518a932ebd589b/seed_31/checkpoints/best-validation-rmse-epoch0105.ckpt	0.67525815	0.53750000	ok
finetune_morgan_learned_fixed_updated_embeddings	31	op3	op3	lpm_paper10_morgan_init_learned_finetune_fixmol_op3_seed31_molholdout_h100_2x_bs4096_200epoch_lustre	/ictstr01/groups/ml01/workspace/artur.szalata/code/chem-perturbridge_lpm/.plib_cache/results/lpm_paper10_morgan_init_learned_finetune_fixmol_op3_seed31_molholdout_h100_2x_bs4096_200epoch_lustre/LPM_778feb0e1c2011fe/seed_31/checkpoints/best-validation-rmse-epoch0031.ckpt	0.41431751	0.34330000	ok
finetune_morgan_learned_fixed_updated_embeddings	31	sciplex	srivatsan20_sciplex3	lpm_paper10_morgan_init_learned_finetune_fixmol_sciplex_seed31_molholdout_h100_2x_bs4096_200epoch_lustre	/ictstr01/groups/ml01/workspace/artur.szalata/code/chem-perturbridge_lpm/.plib_cache/results/lpm_paper10_morgan_init_learned_finetune_fixmol_sciplex_seed31_molholdout_h100_2x_bs4096_200epoch_lustre/LPM_fb0444c9a4ce9b31/seed_31/checkpoints/best-validation-rmse-epoch0109.ckpt	0.71250346	0.69260000	ok
finetune_morgan_learned_fixed_updated_embeddings	31	tahoe100	tahoe100	lpm_paper10_morgan_init_learned_finetune_fixmol_tahoe100_seed31_molholdout_h100_2x_bs4096_200epoch_lustre	/ictstr01/groups/ml01/workspace/artur.szalata/code/chem-perturbridge_lpm/.plib_cache/results/lpm_paper10_morgan_init_learned_finetune_fixmol_tahoe100_seed31_molholdout_h100_2x_bs4096_200epoch_lustre/LPM_8eef9d10b2422397/seed_31/checkpoints/best-validation-rmse-epoch0003.ckpt	0.73883499	0.73360000	ok
finetune_morgan_learned_fixed_updated_embeddings	31	vcpi_0001	Ginkgo VCPI vcpi-0001 (tvc-bhr-009)	lpm_paper10_morgan_init_learned_finetune_fixmol_vcpi_0001_seed31_molholdout_h100_1x_bs4096_200epoch_lustre	/ictstr01/groups/ml01/workspace/artur.szalata/code/chem-perturbridge_lpm/.plib_cache/results/lpm_paper10_morgan_init_learned_finetune_fixmol_vcpi_0001_seed31_molholdout_h100_1x_bs4096_200epoch_lustre/LPM_95054eb62cd13760/seed_31/checkpoints/best-validation-rmse-epoch0065.ckpt	0.55350365	0.57060000	ok
finetune_morgan_learned_fixed_updated_embeddings	31	vcpi_0002	Ginkgo VCPI vcpi-0002 (tvc-kdl-010)	lpm_paper10_morgan_init_learned_finetune_fixmol_vcpi_0002_seed31_molholdout_h100_1x_bs4096_200epoch_lustre	/ictstr01/groups/ml01/workspace/artur.szalata/code/chem-perturbridge_lpm/.plib_cache/results/lpm_paper10_morgan_init_learned_finetune_fixmol_vcpi_0002_seed31_molholdout_h100_1x_bs4096_200epoch_lustre/LPM_53d0437890c55187/seed_31/checkpoints/best-validation-rmse-epoch0014.ckpt	0.51014120		ok
finetune_morgan_learned_fixed_updated_embeddings	37	cigs_mce	CIGS MCE	lpm_paper10_morgan_init_learned_finetune_fixmol_cigs_mce_seed37_molholdout_h100_2x_bs4096_200epoch_lustre	/ictstr01/groups/ml01/workspace/artur.szalata/code/chem-perturbridge_lpm/.plib_cache/results/lpm_paper10_morgan_init_learned_finetune_fixmol_cigs_mce_seed37_molholdout_h100_2x_bs4096_200epoch_lustre/LPM_ec504948200a6bab/seed_37/checkpoints/best-validation-rmse-epoch0084.ckpt	0.57927122	0.57370000	ok
finetune_morgan_learned_fixed_updated_embeddings	37	cigs_tcm	CIGS TCM	lpm_paper10_morgan_init_learned_finetune_fixmol_cigs_tcm_seed37_molholdout_h100_2x_bs4096_200epoch_lustre	/ictstr01/groups/ml01/workspace/artur.szalata/code/chem-perturbridge_lpm/.plib_cache/results/lpm_paper10_morgan_init_learned_finetune_fixmol_cigs_tcm_seed37_molholdout_h100_2x_bs4096_200epoch_lustre/LPM_4b801b3cff37f0c4/seed_37/checkpoints/best-validation-rmse-epoch0000.ckpt	0.44536818	0.40770000	ok
finetune_morgan_learned_fixed_updated_embeddings	37	dilimap_train	dilimap_train	lpm_paper10_morgan_init_learned_finetune_fixmol_dilimap_train_seed37_molholdout_h100_1x_bs4096_200epoch_lustre	/ictstr01/groups/ml01/workspace/artur.szalata/code/chem-perturbridge_lpm/.plib_cache/results/lpm_paper10_morgan_init_learned_finetune_fixmol_dilimap_train_seed37_molholdout_h100_1x_bs4096_200epoch_lustre/LPM_127b5b71a487cff9/seed_37/checkpoints/best-validation-rmse-epoch0075.ckpt	0.58292088	0.61000000	ok
finetune_morgan_learned_fixed_updated_embeddings	37	gdpx2	Ginkgo GDPx2	lpm_paper10_morgan_init_learned_finetune_fixmol_gdpx2_seed37_molholdout_h100_2x_bs4096_200epoch_lustre	/ictstr01/groups/ml01/workspace/artur.szalata/code/chem-perturbridge_lpm/.plib_cache/results/lpm_paper10_morgan_init_learned_finetune_fixmol_gdpx2_seed37_molholdout_h100_2x_bs4096_200epoch_lustre/LPM_7e0b5391a8ab0399/seed_37/checkpoints/best-validation-rmse-epoch0031.ckpt	0.56237543	0.43900000	ok
finetune_morgan_learned_fixed_updated_embeddings	37	lincs_phase1	LINCS_phase1_level3_epsilon	lpm_paper10_morgan_init_learned_finetune_fixmol_lincs_phase1_seed37_molholdout_h100_2x_bs4096_200epoch_lustre	/ictstr01/groups/ml01/workspace/artur.szalata/code/chem-perturbridge_lpm/.plib_cache/results/lpm_paper10_morgan_init_learned_finetune_fixmol_lincs_phase1_seed37_molholdout_h100_2x_bs4096_200epoch_lustre/LPM_dd47f6170bd65982/seed_37/checkpoints/best-validation-rmse-epoch0063.ckpt	0.60729802	0.62070000	ok
finetune_morgan_learned_fixed_updated_embeddings	37	lincs_phase2	LINCS_phase2_level3	lpm_paper10_morgan_init_learned_finetune_fixmol_lincs_phase2_seed37_molholdout_h100_2x_bs4096_200epoch_lustre	/ictstr01/groups/ml01/workspace/artur.szalata/code/chem-perturbridge_lpm/.plib_cache/results/lpm_paper10_morgan_init_learned_finetune_fixmol_lincs_phase2_seed37_molholdout_h100_2x_bs4096_200epoch_lustre/LPM_41cfc44ccec8c750/seed_37/checkpoints/best-validation-rmse-epoch0026.ckpt	0.46353581	0.48070000	ok
finetune_morgan_learned_fixed_updated_embeddings	37	novartis	Novartis MoABox DRUG-seq	lpm_paper10_morgan_init_learned_finetune_fixmol_novartis_seed37_molholdout_h100_1x_bs4096_200epoch_lustre	/ictstr01/groups/ml01/workspace/artur.szalata/code/chem-perturbridge_lpm/.plib_cache/results/lpm_paper10_morgan_init_learned_finetune_fixmol_novartis_seed37_molholdout_h100_1x_bs4096_200epoch_lustre/LPM_60518a932ebd589b/seed_37/checkpoints/best-validation-rmse-epoch0172.ckpt	0.67554414	0.53770000	ok
finetune_morgan_learned_fixed_updated_embeddings	37	op3	op3	lpm_paper10_morgan_init_learned_finetune_fixmol_op3_seed37_molholdout_h100_2x_bs4096_200epoch_lustre	/ictstr01/groups/ml01/workspace/artur.szalata/code/chem-perturbridge_lpm/.plib_cache/results/lpm_paper10_morgan_init_learned_finetune_fixmol_op3_seed37_molholdout_h100_2x_bs4096_200epoch_lustre/LPM_778feb0e1c2011fe/seed_37/checkpoints/best-validation-rmse-epoch0031.ckpt	0.41054323	0.34380000	ok
finetune_morgan_learned_fixed_updated_embeddings	37	sciplex	srivatsan20_sciplex3	lpm_paper10_morgan_init_learned_finetune_fixmol_sciplex_seed37_molholdout_h100_2x_bs4096_200epoch_lustre	/ictstr01/groups/ml01/workspace/artur.szalata/code/chem-perturbridge_lpm/.plib_cache/results/lpm_paper10_morgan_init_learned_finetune_fixmol_sciplex_seed37_molholdout_h100_2x_bs4096_200epoch_lustre/LPM_fb0444c9a4ce9b31/seed_37/checkpoints/best-validation-rmse-epoch0132.ckpt	0.71333346	0.69440000	ok
finetune_morgan_learned_fixed_updated_embeddings	37	tahoe100	tahoe100	lpm_paper10_morgan_init_learned_finetune_fixmol_tahoe100_seed37_molholdout_h100_2x_bs4096_200epoch_lustre	/ictstr01/groups/ml01/workspace/artur.szalata/code/chem-perturbridge_lpm/.plib_cache/results/lpm_paper10_morgan_init_learned_finetune_fixmol_tahoe100_seed37_molholdout_h100_2x_bs4096_200epoch_lustre/LPM_8eef9d10b2422397/seed_37/checkpoints/best-validation-rmse-epoch0002.ckpt	0.73724640	0.73370000	ok
finetune_morgan_learned_fixed_updated_embeddings	37	vcpi_0001	Ginkgo VCPI vcpi-0001 (tvc-bhr-009)	lpm_paper10_morgan_init_learned_finetune_fixmol_vcpi_0001_seed37_molholdout_h100_1x_bs4096_200epoch_lustre	/ictstr01/groups/ml01/workspace/artur.szalata/code/chem-perturbridge_lpm/.plib_cache/results/lpm_paper10_morgan_init_learned_finetune_fixmol_vcpi_0001_seed37_molholdout_h100_1x_bs4096_200epoch_lustre/LPM_95054eb62cd13760/seed_37/checkpoints/best-validation-rmse-epoch0032.ckpt	0.55356784	0.57070000	ok
finetune_morgan_learned_fixed_updated_embeddings	37	vcpi_0002	Ginkgo VCPI vcpi-0002 (tvc-kdl-010)	lpm_paper10_morgan_init_learned_finetune_fixmol_vcpi_0002_seed37_molholdout_h100_1x_bs4096_200epoch_lustre	/ictstr01/groups/ml01/workspace/artur.szalata/code/chem-perturbridge_lpm/.plib_cache/results/lpm_paper10_morgan_init_learned_finetune_fixmol_vcpi_0002_seed37_molholdout_h100_1x_bs4096_200epoch_lustre/LPM_53d0437890c55187/seed_37/checkpoints/best-validation-rmse-epoch0027.ckpt	0.51011887		ok
finetune_morgan_learned_fixed_updated_embeddings	41	cigs_mce	CIGS MCE	lpm_paper10_morgan_init_learned_finetune_fixmol_cigs_mce_seed41_molholdout_h100_2x_bs4096_200epoch_lustre	/ictstr01/groups/ml01/workspace/artur.szalata/code/chem-perturbridge_lpm/.plib_cache/results/lpm_paper10_morgan_init_learned_finetune_fixmol_cigs_mce_seed41_molholdout_h100_2x_bs4096_200epoch_lustre/LPM_ec504948200a6bab/seed_41/checkpoints/best-validation-rmse-epoch0037.ckpt	0.57957098	0.57680000	ok
finetune_morgan_learned_fixed_updated_embeddings	41	cigs_tcm	CIGS TCM	lpm_paper10_morgan_init_learned_finetune_fixmol_cigs_tcm_seed41_molholdout_h100_2x_bs4096_200epoch_lustre	/ictstr01/groups/ml01/workspace/artur.szalata/code/chem-perturbridge_lpm/.plib_cache/results/lpm_paper10_morgan_init_learned_finetune_fixmol_cigs_tcm_seed41_molholdout_h100_2x_bs4096_200epoch_lustre/LPM_4b801b3cff37f0c4/seed_41/checkpoints/best-validation-rmse-epoch0000.ckpt	0.44565650	0.40750000	ok
finetune_morgan_learned_fixed_updated_embeddings	41	dilimap_train	dilimap_train	lpm_paper10_morgan_init_learned_finetune_fixmol_dilimap_train_seed41_molholdout_h100_1x_bs4096_200epoch_lustre	/ictstr01/groups/ml01/workspace/artur.szalata/code/chem-perturbridge_lpm/.plib_cache/results/lpm_paper10_morgan_init_learned_finetune_fixmol_dilimap_train_seed41_molholdout_h100_1x_bs4096_200epoch_lustre/LPM_127b5b71a487cff9/seed_41/checkpoints/best-validation-rmse-epoch0195.ckpt	0.58298090	0.60880000	ok
finetune_morgan_learned_fixed_updated_embeddings	41	gdpx2	Ginkgo GDPx2	lpm_paper10_morgan_init_learned_finetune_fixmol_gdpx2_seed41_molholdout_h100_2x_bs4096_200epoch_lustre	/ictstr01/groups/ml01/workspace/artur.szalata/code/chem-perturbridge_lpm/.plib_cache/results/lpm_paper10_morgan_init_learned_finetune_fixmol_gdpx2_seed41_molholdout_h100_2x_bs4096_200epoch_lustre/LPM_7e0b5391a8ab0399/seed_41/checkpoints/best-validation-rmse-epoch0031.ckpt	0.55795279	0.43600000	ok
finetune_morgan_learned_fixed_updated_embeddings	41	lincs_phase1	LINCS_phase1_level3_epsilon	lpm_paper10_morgan_init_learned_finetune_fixmol_lincs_phase1_seed41_molholdout_h100_2x_bs4096_200epoch_lustre	/ictstr01/groups/ml01/workspace/artur.szalata/code/chem-perturbridge_lpm/.plib_cache/results/lpm_paper10_morgan_init_learned_finetune_fixmol_lincs_phase1_seed41_molholdout_h100_2x_bs4096_200epoch_lustre/LPM_dd47f6170bd65982/seed_41/checkpoints/best-validation-rmse-epoch0052.ckpt	0.60708215	0.62080000	ok
finetune_morgan_learned_fixed_updated_embeddings	41	lincs_phase2	LINCS_phase2_level3	lpm_paper10_morgan_init_learned_finetune_fixmol_lincs_phase2_seed41_molholdout_h100_2x_bs4096_200epoch_lustre	/ictstr01/groups/ml01/workspace/artur.szalata/code/chem-perturbridge_lpm/.plib_cache/results/lpm_paper10_morgan_init_learned_finetune_fixmol_lincs_phase2_seed41_molholdout_h100_2x_bs4096_200epoch_lustre/LPM_41cfc44ccec8c750/seed_41/checkpoints/best-validation-rmse-epoch0037.ckpt	0.46347424	0.48130000	ok
finetune_morgan_learned_fixed_updated_embeddings	41	novartis	Novartis MoABox DRUG-seq	lpm_paper10_morgan_init_learned_finetune_fixmol_novartis_seed41_molholdout_h100_1x_bs4096_200epoch_lustre	/ictstr01/groups/ml01/workspace/artur.szalata/code/chem-perturbridge_lpm/.plib_cache/results/lpm_paper10_morgan_init_learned_finetune_fixmol_novartis_seed41_molholdout_h100_1x_bs4096_200epoch_lustre/LPM_60518a932ebd589b/seed_41/checkpoints/best-validation-rmse-epoch0156.ckpt	0.67500175	0.53620000	ok
finetune_morgan_learned_fixed_updated_embeddings	41	op3	op3	lpm_paper10_morgan_init_learned_finetune_fixmol_op3_seed41_molholdout_h100_2x_bs4096_200epoch_lustre	/ictstr01/groups/ml01/workspace/artur.szalata/code/chem-perturbridge_lpm/.plib_cache/results/lpm_paper10_morgan_init_learned_finetune_fixmol_op3_seed41_molholdout_h100_2x_bs4096_200epoch_lustre/LPM_778feb0e1c2011fe/seed_41/checkpoints/best-validation-rmse-epoch0038.ckpt	0.41611831	0.34390000	ok
finetune_morgan_learned_fixed_updated_embeddings	41	sciplex	srivatsan20_sciplex3	lpm_paper10_morgan_init_learned_finetune_fixmol_sciplex_seed41_molholdout_h100_2x_bs4096_200epoch_lustre	/ictstr01/groups/ml01/workspace/artur.szalata/code/chem-perturbridge_lpm/.plib_cache/results/lpm_paper10_morgan_init_learned_finetune_fixmol_sciplex_seed41_molholdout_h100_2x_bs4096_200epoch_lustre/LPM_fb0444c9a4ce9b31/seed_41/checkpoints/best-validation-rmse-epoch0058.ckpt	0.71233852	0.68890000	ok
finetune_morgan_learned_fixed_updated_embeddings	41	tahoe100	tahoe100	lpm_paper10_morgan_init_learned_finetune_fixmol_tahoe100_seed41_molholdout_h100_2x_bs4096_200epoch_lustre	/ictstr01/groups/ml01/workspace/artur.szalata/code/chem-perturbridge_lpm/.plib_cache/results/lpm_paper10_morgan_init_learned_finetune_fixmol_tahoe100_seed41_molholdout_h100_2x_bs4096_200epoch_lustre/LPM_8eef9d10b2422397/seed_41/checkpoints/best-validation-rmse-epoch0002.ckpt	0.73742764	0.73400000	ok
finetune_morgan_learned_fixed_updated_embeddings	41	vcpi_0001	Ginkgo VCPI vcpi-0001 (tvc-bhr-009)	lpm_paper10_morgan_init_learned_finetune_fixmol_vcpi_0001_seed41_molholdout_h100_1x_bs4096_200epoch_lustre	/ictstr01/groups/ml01/workspace/artur.szalata/code/chem-perturbridge_lpm/.plib_cache/results/lpm_paper10_morgan_init_learned_finetune_fixmol_vcpi_0001_seed41_molholdout_h100_1x_bs4096_200epoch_lustre/LPM_95054eb62cd13760/seed_41/checkpoints/best-validation-rmse-epoch0032.ckpt	0.55356687	0.57070000	ok
finetune_morgan_learned_fixed_updated_embeddings	41	vcpi_0002	Ginkgo VCPI vcpi-0002 (tvc-kdl-010)	lpm_paper10_morgan_init_learned_finetune_fixmol_vcpi_0002_seed41_molholdout_h100_1x_bs4096_200epoch_lustre	/ictstr01/groups/ml01/workspace/artur.szalata/code/chem-perturbridge_lpm/.plib_cache/results/lpm_paper10_morgan_init_learned_finetune_fixmol_vcpi_0002_seed41_molholdout_h100_1x_bs4096_200epoch_lustre/LPM_53d0437890c55187/seed_41/checkpoints/best-validation-rmse-epoch0006.ckpt	0.51008717		ok
finetune_morgan_learned_fixed_updated_embeddings	43	cigs_mce	CIGS MCE	lpm_paper10_morgan_init_learned_finetune_fixmol_cigs_mce_seed43_molholdout_h100_2x_bs4096_200epoch_lustre	/ictstr01/groups/ml01/workspace/artur.szalata/code/chem-perturbridge_lpm/.plib_cache/results/lpm_paper10_morgan_init_learned_finetune_fixmol_cigs_mce_seed43_molholdout_h100_2x_bs4096_200epoch_lustre/LPM_ec504948200a6bab/seed_43/checkpoints/best-validation-rmse-epoch0084.ckpt	0.57949144	0.57480000	ok
finetune_morgan_learned_fixed_updated_embeddings	43	cigs_tcm	CIGS TCM	lpm_paper10_morgan_init_learned_finetune_fixmol_cigs_tcm_seed43_molholdout_h100_2x_bs4096_200epoch_lustre	/ictstr01/groups/ml01/workspace/artur.szalata/code/chem-perturbridge_lpm/.plib_cache/results/lpm_paper10_morgan_init_learned_finetune_fixmol_cigs_tcm_seed43_molholdout_h100_2x_bs4096_200epoch_lustre/LPM_4b801b3cff37f0c4/seed_43/checkpoints/best-validation-rmse-epoch0001.ckpt	0.44680442	0.40800000	ok
finetune_morgan_learned_fixed_updated_embeddings	43	dilimap_train	dilimap_train	lpm_paper10_morgan_init_learned_finetune_fixmol_dilimap_train_seed43_molholdout_h100_1x_bs4096_200epoch_lustre	/ictstr01/groups/ml01/workspace/artur.szalata/code/chem-perturbridge_lpm/.plib_cache/results/lpm_paper10_morgan_init_learned_finetune_fixmol_dilimap_train_seed43_molholdout_h100_1x_bs4096_200epoch_lustre/LPM_127b5b71a487cff9/seed_43/checkpoints/best-validation-rmse-epoch0098.ckpt	0.58257449	0.60910000	ok
finetune_morgan_learned_fixed_updated_embeddings	43	gdpx2	Ginkgo GDPx2	lpm_paper10_morgan_init_learned_finetune_fixmol_gdpx2_seed43_molholdout_h100_2x_bs4096_200epoch_lustre	/ictstr01/groups/ml01/workspace/artur.szalata/code/chem-perturbridge_lpm/.plib_cache/results/lpm_paper10_morgan_init_learned_finetune_fixmol_gdpx2_seed43_molholdout_h100_2x_bs4096_200epoch_lustre/LPM_7e0b5391a8ab0399/seed_43/checkpoints/best-validation-rmse-epoch0034.ckpt	0.55729289	0.43540000	ok
finetune_morgan_learned_fixed_updated_embeddings	43	lincs_phase1	LINCS_phase1_level3_epsilon	lpm_paper10_morgan_init_learned_finetune_fixmol_lincs_phase1_seed43_molholdout_h100_2x_bs4096_200epoch_lustre	/ictstr01/groups/ml01/workspace/artur.szalata/code/chem-perturbridge_lpm/.plib_cache/results/lpm_paper10_morgan_init_learned_finetune_fixmol_lincs_phase1_seed43_molholdout_h100_2x_bs4096_200epoch_lustre/LPM_dd47f6170bd65982/seed_43/checkpoints/best-validation-rmse-epoch0022.ckpt	0.60853890	0.62310000	ok
finetune_morgan_learned_fixed_updated_embeddings	43	lincs_phase2	LINCS_phase2_level3	lpm_paper10_morgan_init_learned_finetune_fixmol_lincs_phase2_seed43_molholdout_h100_2x_bs4096_200epoch_lustre	/ictstr01/groups/ml01/workspace/artur.szalata/code/chem-perturbridge_lpm/.plib_cache/results/lpm_paper10_morgan_init_learned_finetune_fixmol_lincs_phase2_seed43_molholdout_h100_2x_bs4096_200epoch_lustre/LPM_41cfc44ccec8c750/seed_43/checkpoints/best-validation-rmse-epoch0052.ckpt	0.46387865	0.48160000	ok
finetune_morgan_learned_fixed_updated_embeddings	43	novartis	Novartis MoABox DRUG-seq	lpm_paper10_morgan_init_learned_finetune_fixmol_novartis_seed43_molholdout_h100_1x_bs4096_200epoch_lustre	/ictstr01/groups/ml01/workspace/artur.szalata/code/chem-perturbridge_lpm/.plib_cache/results/lpm_paper10_morgan_init_learned_finetune_fixmol_novartis_seed43_molholdout_h100_1x_bs4096_200epoch_lustre/LPM_60518a932ebd589b/seed_43/checkpoints/best-validation-rmse-epoch0183.ckpt	0.67409632	0.53610000	ok
finetune_morgan_learned_fixed_updated_embeddings	43	op3	op3	lpm_paper10_morgan_init_learned_finetune_fixmol_op3_seed43_molholdout_h100_2x_bs4096_200epoch_lustre	/ictstr01/groups/ml01/workspace/artur.szalata/code/chem-perturbridge_lpm/.plib_cache/results/lpm_paper10_morgan_init_learned_finetune_fixmol_op3_seed43_molholdout_h100_2x_bs4096_200epoch_lustre/LPM_778feb0e1c2011fe/seed_43/checkpoints/best-validation-rmse-epoch0061.ckpt	0.41456820	0.34520000	ok
finetune_morgan_learned_fixed_updated_embeddings	43	sciplex	srivatsan20_sciplex3	lpm_paper10_morgan_init_learned_finetune_fixmol_sciplex_seed43_molholdout_h100_2x_bs4096_200epoch_lustre	/ictstr01/groups/ml01/workspace/artur.szalata/code/chem-perturbridge_lpm/.plib_cache/results/lpm_paper10_morgan_init_learned_finetune_fixmol_sciplex_seed43_molholdout_h100_2x_bs4096_200epoch_lustre/LPM_fb0444c9a4ce9b31/seed_43/checkpoints/best-validation-rmse-epoch0045.ckpt	0.71380847	0.68900000	ok
finetune_morgan_learned_fixed_updated_embeddings	43	tahoe100	tahoe100	lpm_paper10_morgan_init_learned_finetune_fixmol_tahoe100_seed43_molholdout_h100_2x_bs4096_200epoch_lustre	/ictstr01/groups/ml01/workspace/artur.szalata/code/chem-perturbridge_lpm/.plib_cache/results/lpm_paper10_morgan_init_learned_finetune_fixmol_tahoe100_seed43_molholdout_h100_2x_bs4096_200epoch_lustre/LPM_8eef9d10b2422397/seed_43/checkpoints/best-validation-rmse-epoch0004.ckpt	0.73680821	0.73470000	ok
finetune_morgan_learned_fixed_updated_embeddings	43	vcpi_0001	Ginkgo VCPI vcpi-0001 (tvc-bhr-009)	lpm_paper10_morgan_init_learned_finetune_fixmol_vcpi_0001_seed43_molholdout_h100_1x_bs4096_200epoch_lustre	/ictstr01/groups/ml01/workspace/artur.szalata/code/chem-perturbridge_lpm/.plib_cache/results/lpm_paper10_morgan_init_learned_finetune_fixmol_vcpi_0001_seed43_molholdout_h100_1x_bs4096_200epoch_lustre/LPM_95054eb62cd13760/seed_43/checkpoints/best-validation-rmse-epoch0031.ckpt	0.55356495	0.57070000	ok
finetune_morgan_learned_fixed_updated_embeddings	43	vcpi_0002	Ginkgo VCPI vcpi-0002 (tvc-kdl-010)	lpm_paper10_morgan_init_learned_finetune_fixmol_vcpi_0002_seed43_molholdout_h100_1x_bs4096_200epoch_lustre	/ictstr01/groups/ml01/workspace/artur.szalata/code/chem-perturbridge_lpm/.plib_cache/results/lpm_paper10_morgan_init_learned_finetune_fixmol_vcpi_0002_seed43_molholdout_h100_1x_bs4096_200epoch_lustre/LPM_53d0437890c55187/seed_43/checkpoints/best-validation-rmse-epoch0026.ckpt	0.51014550		ok
finetune_morgan_learned_fixed_updated_embeddings	47	cigs_mce	CIGS MCE	lpm_paper10_morgan_init_learned_finetune_fixmol_cigs_mce_seed47_molholdout_h100_2x_bs4096_200epoch_lustre	/ictstr01/groups/ml01/workspace/artur.szalata/code/chem-perturbridge_lpm/.plib_cache/results/lpm_paper10_morgan_init_learned_finetune_fixmol_cigs_mce_seed47_molholdout_h100_2x_bs4096_200epoch_lustre/LPM_ec504948200a6bab/seed_47/checkpoints/best-validation-rmse-epoch0070.ckpt	0.57936353	0.57580000	ok
finetune_morgan_learned_fixed_updated_embeddings	47	cigs_tcm	CIGS TCM	lpm_paper10_morgan_init_learned_finetune_fixmol_cigs_tcm_seed47_molholdout_h100_2x_bs4096_200epoch_lustre	/ictstr01/groups/ml01/workspace/artur.szalata/code/chem-perturbridge_lpm/.plib_cache/results/lpm_paper10_morgan_init_learned_finetune_fixmol_cigs_tcm_seed47_molholdout_h100_2x_bs4096_200epoch_lustre/LPM_4b801b3cff37f0c4/seed_47/checkpoints/best-validation-rmse-epoch0002.ckpt	0.44585255	0.40720000	ok
finetune_morgan_learned_fixed_updated_embeddings	47	dilimap_train	dilimap_train	lpm_paper10_morgan_init_learned_finetune_fixmol_dilimap_train_seed47_molholdout_h100_1x_bs4096_200epoch_lustre	/ictstr01/groups/ml01/workspace/artur.szalata/code/chem-perturbridge_lpm/.plib_cache/results/lpm_paper10_morgan_init_learned_finetune_fixmol_dilimap_train_seed47_molholdout_h100_1x_bs4096_200epoch_lustre/LPM_127b5b71a487cff9/seed_47/checkpoints/best-validation-rmse-epoch0049.ckpt	0.58433128	0.61130000	ok
finetune_morgan_learned_fixed_updated_embeddings	47	gdpx2	Ginkgo GDPx2	lpm_paper10_morgan_init_learned_finetune_fixmol_gdpx2_seed47_molholdout_h100_2x_bs4096_200epoch_lustre	/ictstr01/groups/ml01/workspace/artur.szalata/code/chem-perturbridge_lpm/.plib_cache/results/lpm_paper10_morgan_init_learned_finetune_fixmol_gdpx2_seed47_molholdout_h100_2x_bs4096_200epoch_lustre/LPM_7e0b5391a8ab0399/seed_47/checkpoints/best-validation-rmse-epoch0037.ckpt	0.55809489	0.43590000	ok
finetune_morgan_learned_fixed_updated_embeddings	47	lincs_phase1	LINCS_phase1_level3_epsilon	lpm_paper10_morgan_init_learned_finetune_fixmol_lincs_phase1_seed47_molholdout_h100_2x_bs4096_200epoch_lustre	/ictstr01/groups/ml01/workspace/artur.szalata/code/chem-perturbridge_lpm/.plib_cache/results/lpm_paper10_morgan_init_learned_finetune_fixmol_lincs_phase1_seed47_molholdout_h100_2x_bs4096_200epoch_lustre/LPM_dd47f6170bd65982/seed_47/checkpoints/best-validation-rmse-epoch0020.ckpt	0.60602878	0.61990000	ok
finetune_morgan_learned_fixed_updated_embeddings	47	lincs_phase2	LINCS_phase2_level3	lpm_paper10_morgan_init_learned_finetune_fixmol_lincs_phase2_seed47_molholdout_h100_2x_bs4096_200epoch_lustre	/ictstr01/groups/ml01/workspace/artur.szalata/code/chem-perturbridge_lpm/.plib_cache/results/lpm_paper10_morgan_init_learned_finetune_fixmol_lincs_phase2_seed47_molholdout_h100_2x_bs4096_200epoch_lustre/LPM_41cfc44ccec8c750/seed_47/checkpoints/best-validation-rmse-epoch0038.ckpt	0.46377276	0.48190000	ok
finetune_morgan_learned_fixed_updated_embeddings	47	novartis	Novartis MoABox DRUG-seq	lpm_paper10_morgan_init_learned_finetune_fixmol_novartis_seed47_molholdout_h100_1x_bs4096_200epoch_lustre	/ictstr01/groups/ml01/workspace/artur.szalata/code/chem-perturbridge_lpm/.plib_cache/results/lpm_paper10_morgan_init_learned_finetune_fixmol_novartis_seed47_molholdout_h100_1x_bs4096_200epoch_lustre/LPM_60518a932ebd589b/seed_47/checkpoints/best-validation-rmse-epoch0173.ckpt	0.67467553	0.53680000	ok
finetune_morgan_learned_fixed_updated_embeddings	47	op3	op3	lpm_paper10_morgan_init_learned_finetune_fixmol_op3_seed47_molholdout_h100_2x_bs4096_200epoch_lustre	/ictstr01/groups/ml01/workspace/artur.szalata/code/chem-perturbridge_lpm/.plib_cache/results/lpm_paper10_morgan_init_learned_finetune_fixmol_op3_seed47_molholdout_h100_2x_bs4096_200epoch_lustre/LPM_778feb0e1c2011fe/seed_47/checkpoints/best-validation-rmse-epoch0042.ckpt	0.41208234	0.34280000	ok
finetune_morgan_learned_fixed_updated_embeddings	47	sciplex	srivatsan20_sciplex3	lpm_paper10_morgan_init_learned_finetune_fixmol_sciplex_seed47_molholdout_h100_2x_bs4096_200epoch_lustre	/ictstr01/groups/ml01/workspace/artur.szalata/code/chem-perturbridge_lpm/.plib_cache/results/lpm_paper10_morgan_init_learned_finetune_fixmol_sciplex_seed47_molholdout_h100_2x_bs4096_200epoch_lustre/LPM_fb0444c9a4ce9b31/seed_47/checkpoints/best-validation-rmse-epoch0060.ckpt	0.71499911	0.68450000	ok
finetune_morgan_learned_fixed_updated_embeddings	47	tahoe100	tahoe100	lpm_paper10_morgan_init_learned_finetune_fixmol_tahoe100_seed47_molholdout_h100_2x_bs4096_200epoch_lustre	/ictstr01/groups/ml01/workspace/artur.szalata/code/chem-perturbridge_lpm/.plib_cache/results/lpm_paper10_morgan_init_learned_finetune_fixmol_tahoe100_seed47_molholdout_h100_2x_bs4096_200epoch_lustre/LPM_8eef9d10b2422397/seed_47/checkpoints/best-validation-rmse-epoch0003.ckpt	0.73747708	0.73510000	ok
finetune_morgan_learned_fixed_updated_embeddings	47	vcpi_0001	Ginkgo VCPI vcpi-0001 (tvc-bhr-009)	lpm_paper10_morgan_init_learned_finetune_fixmol_vcpi_0001_seed47_molholdout_h100_1x_bs4096_200epoch_lustre	/ictstr01/groups/ml01/workspace/artur.szalata/code/chem-perturbridge_lpm/.plib_cache/results/lpm_paper10_morgan_init_learned_finetune_fixmol_vcpi_0001_seed47_molholdout_h100_1x_bs4096_200epoch_lustre/LPM_95054eb62cd13760/seed_47/checkpoints/best-validation-rmse-epoch0031.ckpt	0.55356778	0.57070000	ok
finetune_morgan_learned_fixed_updated_embeddings	47	vcpi_0002	Ginkgo VCPI vcpi-0002 (tvc-kdl-010)	lpm_paper10_morgan_init_learned_finetune_fixmol_vcpi_0002_seed47_molholdout_h100_1x_bs4096_200epoch_lustre	/ictstr01/groups/ml01/workspace/artur.szalata/code/chem-perturbridge_lpm/.plib_cache/results/lpm_paper10_morgan_init_learned_finetune_fixmol_vcpi_0002_seed47_molholdout_h100_1x_bs4096_200epoch_lustre/LPM_53d0437890c55187/seed_47/checkpoints/best-validation-rmse-epoch0008.ckpt	0.51007514		ok
