model_family	seed	dataset_slug	dataset	config_id	checkpoint_path	val_rmse	test_rmse	status
all_datasets	13	cigs_mce	CIGS MCE	lpm_paper10_all_data_plus_tahoe_novartis_op3_seed13_molholdout_h100_2x_bs4096_200epoch_lustre	/ictstr01/groups/ml01/workspace/artur.szalata/code/chem-perturbridge_lpm/.plib_cache/results/lpm_paper10_all_data_plus_tahoe_novartis_op3_seed13_molholdout_h100_2x_bs4096_200epoch_lustre/LPM_b347c04960ae595d/seed_13/checkpoints/epoch-epoch=0009.ckpt	0.57557523	0.57555640	ok
all_datasets	13	cigs_tcm	CIGS TCM	lpm_paper10_all_data_plus_tahoe_novartis_op3_seed13_molholdout_h100_2x_bs4096_200epoch_lustre	/ictstr01/groups/ml01/workspace/artur.szalata/code/chem-perturbridge_lpm/.plib_cache/results/lpm_paper10_all_data_plus_tahoe_novartis_op3_seed13_molholdout_h100_2x_bs4096_200epoch_lustre/LPM_b347c04960ae595d/seed_13/checkpoints/epoch-epoch=0040.ckpt	0.42510682	0.40817329	ok
all_datasets	13	dilimap_train	dilimap_train	lpm_paper10_all_data_plus_tahoe_novartis_op3_seed13_molholdout_h100_2x_bs4096_200epoch_lustre	/ictstr01/groups/ml01/workspace/artur.szalata/code/chem-perturbridge_lpm/.plib_cache/results/lpm_paper10_all_data_plus_tahoe_novartis_op3_seed13_molholdout_h100_2x_bs4096_200epoch_lustre/LPM_b347c04960ae595d/seed_13/checkpoints/epoch-epoch=0015.ckpt	0.61701411	0.65489334	ok
all_datasets	13	gdpx2	Ginkgo GDPx2	lpm_paper10_all_data_plus_tahoe_novartis_op3_seed13_molholdout_h100_2x_bs4096_200epoch_lustre	/ictstr01/groups/ml01/workspace/artur.szalata/code/chem-perturbridge_lpm/.plib_cache/results/lpm_paper10_all_data_plus_tahoe_novartis_op3_seed13_molholdout_h100_2x_bs4096_200epoch_lustre/LPM_b347c04960ae595d/seed_13/checkpoints/epoch-epoch=0044.ckpt	0.56938237	0.44273201	ok
all_datasets	13	lincs_phase1	LINCS_phase1_level3_epsilon	lpm_paper10_all_data_plus_tahoe_novartis_op3_seed13_molholdout_h100_2x_bs4096_200epoch_lustre	/ictstr01/groups/ml01/workspace/artur.szalata/code/chem-perturbridge_lpm/.plib_cache/results/lpm_paper10_all_data_plus_tahoe_novartis_op3_seed13_molholdout_h100_2x_bs4096_200epoch_lustre/LPM_b347c04960ae595d/seed_13/checkpoints/epoch-epoch=0019.ckpt	0.61686885	0.62763298	ok
all_datasets	13	lincs_phase2	LINCS_phase2_level3	lpm_paper10_all_data_plus_tahoe_novartis_op3_seed13_molholdout_h100_2x_bs4096_200epoch_lustre	/ictstr01/groups/ml01/workspace/artur.szalata/code/chem-perturbridge_lpm/.plib_cache/results/lpm_paper10_all_data_plus_tahoe_novartis_op3_seed13_molholdout_h100_2x_bs4096_200epoch_lustre/LPM_b347c04960ae595d/seed_13/checkpoints/epoch-epoch=0091.ckpt	0.48343682	0.48480353	ok
all_datasets	13	novartis	Novartis MoABox DRUG-seq	lpm_paper10_all_data_plus_tahoe_novartis_op3_seed13_molholdout_h100_2x_bs4096_200epoch_lustre	/ictstr01/groups/ml01/workspace/artur.szalata/code/chem-perturbridge_lpm/.plib_cache/results/lpm_paper10_all_data_plus_tahoe_novartis_op3_seed13_molholdout_h100_2x_bs4096_200epoch_lustre/LPM_b347c04960ae595d/seed_13/checkpoints/epoch-epoch=0001.ckpt	0.69021785	0.55606830	ok
all_datasets	13	op3	op3	lpm_paper10_all_data_plus_tahoe_novartis_op3_seed13_molholdout_h100_2x_bs4096_200epoch_lustre	/ictstr01/groups/ml01/workspace/artur.szalata/code/chem-perturbridge_lpm/.plib_cache/results/lpm_paper10_all_data_plus_tahoe_novartis_op3_seed13_molholdout_h100_2x_bs4096_200epoch_lustre/LPM_b347c04960ae595d/seed_13/checkpoints/epoch-epoch=0016.ckpt	0.40033591	0.35725582	ok
all_datasets	13	sciplex	srivatsan20_sciplex3	lpm_paper10_all_data_plus_tahoe_novartis_op3_seed13_molholdout_h100_2x_bs4096_200epoch_lustre	/ictstr01/groups/ml01/workspace/artur.szalata/code/chem-perturbridge_lpm/.plib_cache/results/lpm_paper10_all_data_plus_tahoe_novartis_op3_seed13_molholdout_h100_2x_bs4096_200epoch_lustre/LPM_b347c04960ae595d/seed_13/checkpoints/epoch-epoch=0018.ckpt	0.65853363	0.68612814	ok
all_datasets	13	tahoe100	tahoe100	lpm_paper10_all_data_plus_tahoe_novartis_op3_seed13_molholdout_h100_2x_bs4096_200epoch_lustre	/ictstr01/groups/ml01/workspace/artur.szalata/code/chem-perturbridge_lpm/.plib_cache/results/lpm_paper10_all_data_plus_tahoe_novartis_op3_seed13_molholdout_h100_2x_bs4096_200epoch_lustre/LPM_b347c04960ae595d/seed_13/checkpoints/epoch-epoch=0015.ckpt	0.74842614	0.73752457	ok
all_datasets	13	vcpi_0001	Ginkgo VCPI vcpi-0001 (tvc-bhr-009)	lpm_paper10_all_data_plus_tahoe_novartis_op3_seed13_molholdout_h100_2x_bs4096_200epoch_lustre	/ictstr01/groups/ml01/workspace/artur.szalata/code/chem-perturbridge_lpm/.plib_cache/results/lpm_paper10_all_data_plus_tahoe_novartis_op3_seed13_molholdout_h100_2x_bs4096_200epoch_lustre/LPM_b347c04960ae595d/seed_13/checkpoints/epoch-epoch=0160.ckpt	0.55394250	0.57085335	ok
all_datasets	13	vcpi_0002	Ginkgo VCPI vcpi-0002 (tvc-kdl-010)	lpm_paper10_all_data_plus_tahoe_novartis_op3_seed13_molholdout_h100_2x_bs4096_200epoch_lustre	/ictstr01/groups/ml01/workspace/artur.szalata/code/chem-perturbridge_lpm/.plib_cache/results/lpm_paper10_all_data_plus_tahoe_novartis_op3_seed13_molholdout_h100_2x_bs4096_200epoch_lustre/LPM_b347c04960ae595d/seed_13/checkpoints/epoch-epoch=0015.ckpt	0.51073855		ok
all_datasets	17	cigs_mce	CIGS MCE	lpm_paper10_all_data_plus_tahoe_novartis_op3_seed17_molholdout_h100_2x_bs4096_200epoch_lustre	/ictstr01/groups/ml01/workspace/artur.szalata/code/chem-perturbridge_lpm/.plib_cache/results/lpm_paper10_all_data_plus_tahoe_novartis_op3_seed17_molholdout_h100_2x_bs4096_200epoch_lustre/LPM_b347c04960ae595d/seed_17/checkpoints/epoch-epoch=0004.ckpt	0.57688713	0.57579798	ok
all_datasets	17	cigs_tcm	CIGS TCM	lpm_paper10_all_data_plus_tahoe_novartis_op3_seed17_molholdout_h100_2x_bs4096_200epoch_lustre	/ictstr01/groups/ml01/workspace/artur.szalata/code/chem-perturbridge_lpm/.plib_cache/results/lpm_paper10_all_data_plus_tahoe_novartis_op3_seed17_molholdout_h100_2x_bs4096_200epoch_lustre/LPM_b347c04960ae595d/seed_17/checkpoints/epoch-epoch=0019.ckpt	0.42475924	0.40837061	ok
all_datasets	17	dilimap_train	dilimap_train	lpm_paper10_all_data_plus_tahoe_novartis_op3_seed17_molholdout_h100_2x_bs4096_200epoch_lustre	/ictstr01/groups/ml01/workspace/artur.szalata/code/chem-perturbridge_lpm/.plib_cache/results/lpm_paper10_all_data_plus_tahoe_novartis_op3_seed17_molholdout_h100_2x_bs4096_200epoch_lustre/LPM_b347c04960ae595d/seed_17/checkpoints/epoch-epoch=0005.ckpt	0.61155498	0.65200496	ok
all_datasets	17	gdpx2	Ginkgo GDPx2	lpm_paper10_all_data_plus_tahoe_novartis_op3_seed17_molholdout_h100_2x_bs4096_200epoch_lustre	/ictstr01/groups/ml01/workspace/artur.szalata/code/chem-perturbridge_lpm/.plib_cache/results/lpm_paper10_all_data_plus_tahoe_novartis_op3_seed17_molholdout_h100_2x_bs4096_200epoch_lustre/LPM_b347c04960ae595d/seed_17/checkpoints/epoch-epoch=0082.ckpt	0.55718994	0.43934682	ok
all_datasets	17	lincs_phase1	LINCS_phase1_level3_epsilon	lpm_paper10_all_data_plus_tahoe_novartis_op3_seed17_molholdout_h100_2x_bs4096_200epoch_lustre	/ictstr01/groups/ml01/workspace/artur.szalata/code/chem-perturbridge_lpm/.plib_cache/results/lpm_paper10_all_data_plus_tahoe_novartis_op3_seed17_molholdout_h100_2x_bs4096_200epoch_lustre/LPM_b347c04960ae595d/seed_17/checkpoints/epoch-epoch=0026.ckpt	0.61486012	0.62723196	ok
all_datasets	17	lincs_phase2	LINCS_phase2_level3	lpm_paper10_all_data_plus_tahoe_novartis_op3_seed17_molholdout_h100_2x_bs4096_200epoch_lustre	/ictstr01/groups/ml01/workspace/artur.szalata/code/chem-perturbridge_lpm/.plib_cache/results/lpm_paper10_all_data_plus_tahoe_novartis_op3_seed17_molholdout_h100_2x_bs4096_200epoch_lustre/LPM_b347c04960ae595d/seed_17/checkpoints/epoch-epoch=0180.ckpt	0.48451599	0.48304877	ok
all_datasets	17	novartis	Novartis MoABox DRUG-seq	lpm_paper10_all_data_plus_tahoe_novartis_op3_seed17_molholdout_h100_2x_bs4096_200epoch_lustre	/ictstr01/groups/ml01/workspace/artur.szalata/code/chem-perturbridge_lpm/.plib_cache/results/lpm_paper10_all_data_plus_tahoe_novartis_op3_seed17_molholdout_h100_2x_bs4096_200epoch_lustre/LPM_b347c04960ae595d/seed_17/checkpoints/epoch-epoch=0000.ckpt	0.69026923	0.55625772	ok
all_datasets	17	op3	op3	lpm_paper10_all_data_plus_tahoe_novartis_op3_seed17_molholdout_h100_2x_bs4096_200epoch_lustre	/ictstr01/groups/ml01/workspace/artur.szalata/code/chem-perturbridge_lpm/.plib_cache/results/lpm_paper10_all_data_plus_tahoe_novartis_op3_seed17_molholdout_h100_2x_bs4096_200epoch_lustre/LPM_b347c04960ae595d/seed_17/checkpoints/epoch-epoch=0019.ckpt	0.40037361	0.35730705	ok
all_datasets	17	sciplex	srivatsan20_sciplex3	lpm_paper10_all_data_plus_tahoe_novartis_op3_seed17_molholdout_h100_2x_bs4096_200epoch_lustre	/ictstr01/groups/ml01/workspace/artur.szalata/code/chem-perturbridge_lpm/.plib_cache/results/lpm_paper10_all_data_plus_tahoe_novartis_op3_seed17_molholdout_h100_2x_bs4096_200epoch_lustre/LPM_b347c04960ae595d/seed_17/checkpoints/epoch-epoch=0196.ckpt	0.65807015	0.68594652	ok
all_datasets	17	tahoe100	tahoe100	lpm_paper10_all_data_plus_tahoe_novartis_op3_seed17_molholdout_h100_2x_bs4096_200epoch_lustre	/ictstr01/groups/ml01/workspace/artur.szalata/code/chem-perturbridge_lpm/.plib_cache/results/lpm_paper10_all_data_plus_tahoe_novartis_op3_seed17_molholdout_h100_2x_bs4096_200epoch_lustre/LPM_b347c04960ae595d/seed_17/checkpoints/epoch-epoch=0006.ckpt	0.74655747	0.73928344	ok
all_datasets	17	vcpi_0001	Ginkgo VCPI vcpi-0001 (tvc-bhr-009)	lpm_paper10_all_data_plus_tahoe_novartis_op3_seed17_molholdout_h100_2x_bs4096_200epoch_lustre	/ictstr01/groups/ml01/workspace/artur.szalata/code/chem-perturbridge_lpm/.plib_cache/results/lpm_paper10_all_data_plus_tahoe_novartis_op3_seed17_molholdout_h100_2x_bs4096_200epoch_lustre/LPM_b347c04960ae595d/seed_17/checkpoints/epoch-epoch=0160.ckpt	0.55394971	0.57083631	ok
all_datasets	17	vcpi_0002	Ginkgo VCPI vcpi-0002 (tvc-kdl-010)	lpm_paper10_all_data_plus_tahoe_novartis_op3_seed17_molholdout_h100_2x_bs4096_200epoch_lustre	/ictstr01/groups/ml01/workspace/artur.szalata/code/chem-perturbridge_lpm/.plib_cache/results/lpm_paper10_all_data_plus_tahoe_novartis_op3_seed17_molholdout_h100_2x_bs4096_200epoch_lustre/LPM_b347c04960ae595d/seed_17/checkpoints/epoch-epoch=0005.ckpt	0.51073098		ok
all_datasets	19	cigs_mce	CIGS MCE	lpm_paper10_all_data_plus_tahoe_novartis_op3_seed19_molholdout_h100_2x_bs4096_200epoch_lustre	/ictstr01/groups/ml01/workspace/artur.szalata/code/chem-perturbridge_lpm/.plib_cache/results/lpm_paper10_all_data_plus_tahoe_novartis_op3_seed19_molholdout_h100_2x_bs4096_200epoch_lustre/LPM_b347c04960ae595d/seed_19/checkpoints/epoch-epoch=0023.ckpt	0.57769024	0.57657236	ok
all_datasets	19	cigs_tcm	CIGS TCM	lpm_paper10_all_data_plus_tahoe_novartis_op3_seed19_molholdout_h100_2x_bs4096_200epoch_lustre	/ictstr01/groups/ml01/workspace/artur.szalata/code/chem-perturbridge_lpm/.plib_cache/results/lpm_paper10_all_data_plus_tahoe_novartis_op3_seed19_molholdout_h100_2x_bs4096_200epoch_lustre/LPM_b347c04960ae595d/seed_19/checkpoints/epoch-epoch=0018.ckpt	0.42459247	0.40791601	ok
all_datasets	19	dilimap_train	dilimap_train	lpm_paper10_all_data_plus_tahoe_novartis_op3_seed19_molholdout_h100_2x_bs4096_200epoch_lustre	/ictstr01/groups/ml01/workspace/artur.szalata/code/chem-perturbridge_lpm/.plib_cache/results/lpm_paper10_all_data_plus_tahoe_novartis_op3_seed19_molholdout_h100_2x_bs4096_200epoch_lustre/LPM_b347c04960ae595d/seed_19/checkpoints/epoch-epoch=0016.ckpt	0.66605115	0.71183813	ok
all_datasets	19	gdpx2	Ginkgo GDPx2	lpm_paper10_all_data_plus_tahoe_novartis_op3_seed19_molholdout_h100_2x_bs4096_200epoch_lustre	/ictstr01/groups/ml01/workspace/artur.szalata/code/chem-perturbridge_lpm/.plib_cache/results/lpm_paper10_all_data_plus_tahoe_novartis_op3_seed19_molholdout_h100_2x_bs4096_200epoch_lustre/LPM_b347c04960ae595d/seed_19/checkpoints/epoch-epoch=0122.ckpt	0.57145417	0.44467261	ok
all_datasets	19	lincs_phase1	LINCS_phase1_level3_epsilon	lpm_paper10_all_data_plus_tahoe_novartis_op3_seed19_molholdout_h100_2x_bs4096_200epoch_lustre	/ictstr01/groups/ml01/workspace/artur.szalata/code/chem-perturbridge_lpm/.plib_cache/results/lpm_paper10_all_data_plus_tahoe_novartis_op3_seed19_molholdout_h100_2x_bs4096_200epoch_lustre/LPM_b347c04960ae595d/seed_19/checkpoints/epoch-epoch=0035.ckpt	0.61630613	0.62986034	ok
all_datasets	19	lincs_phase2	LINCS_phase2_level3	lpm_paper10_all_data_plus_tahoe_novartis_op3_seed19_molholdout_h100_2x_bs4096_200epoch_lustre	/ictstr01/groups/ml01/workspace/artur.szalata/code/chem-perturbridge_lpm/.plib_cache/results/lpm_paper10_all_data_plus_tahoe_novartis_op3_seed19_molholdout_h100_2x_bs4096_200epoch_lustre/LPM_b347c04960ae595d/seed_19/checkpoints/epoch-epoch=0078.ckpt	0.48223296	0.48486090	ok
all_datasets	19	novartis	Novartis MoABox DRUG-seq	lpm_paper10_all_data_plus_tahoe_novartis_op3_seed19_molholdout_h100_2x_bs4096_200epoch_lustre	/ictstr01/groups/ml01/workspace/artur.szalata/code/chem-perturbridge_lpm/.plib_cache/results/lpm_paper10_all_data_plus_tahoe_novartis_op3_seed19_molholdout_h100_2x_bs4096_200epoch_lustre/LPM_b347c04960ae595d/seed_19/checkpoints/epoch-epoch=0001.ckpt	0.68992800	0.55571854	ok
all_datasets	19	op3	op3	lpm_paper10_all_data_plus_tahoe_novartis_op3_seed19_molholdout_h100_2x_bs4096_200epoch_lustre	/ictstr01/groups/ml01/workspace/artur.szalata/code/chem-perturbridge_lpm/.plib_cache/results/lpm_paper10_all_data_plus_tahoe_novartis_op3_seed19_molholdout_h100_2x_bs4096_200epoch_lustre/LPM_b347c04960ae595d/seed_19/checkpoints/epoch-epoch=0088.ckpt	0.39594442	0.35461497	ok
all_datasets	19	sciplex	srivatsan20_sciplex3	lpm_paper10_all_data_plus_tahoe_novartis_op3_seed19_molholdout_h100_2x_bs4096_200epoch_lustre	/ictstr01/groups/ml01/workspace/artur.szalata/code/chem-perturbridge_lpm/.plib_cache/results/lpm_paper10_all_data_plus_tahoe_novartis_op3_seed19_molholdout_h100_2x_bs4096_200epoch_lustre/LPM_b347c04960ae595d/seed_19/checkpoints/epoch-epoch=0045.ckpt	0.65715915	0.69038761	ok
all_datasets	19	tahoe100	tahoe100	lpm_paper10_all_data_plus_tahoe_novartis_op3_seed19_molholdout_h100_2x_bs4096_200epoch_lustre	/ictstr01/groups/ml01/workspace/artur.szalata/code/chem-perturbridge_lpm/.plib_cache/results/lpm_paper10_all_data_plus_tahoe_novartis_op3_seed19_molholdout_h100_2x_bs4096_200epoch_lustre/LPM_b347c04960ae595d/seed_19/checkpoints/epoch-epoch=0016.ckpt	0.74535406	0.73394382	ok
all_datasets	19	vcpi_0001	Ginkgo VCPI vcpi-0001 (tvc-bhr-009)	lpm_paper10_all_data_plus_tahoe_novartis_op3_seed19_molholdout_h100_2x_bs4096_200epoch_lustre	/ictstr01/groups/ml01/workspace/artur.szalata/code/chem-perturbridge_lpm/.plib_cache/results/lpm_paper10_all_data_plus_tahoe_novartis_op3_seed19_molholdout_h100_2x_bs4096_200epoch_lustre/LPM_b347c04960ae595d/seed_19/checkpoints/epoch-epoch=0160.ckpt	0.55393755	0.57083714	ok
all_datasets	19	vcpi_0002	Ginkgo VCPI vcpi-0002 (tvc-kdl-010)	lpm_paper10_all_data_plus_tahoe_novartis_op3_seed19_molholdout_h100_2x_bs4096_200epoch_lustre	/ictstr01/groups/ml01/workspace/artur.szalata/code/chem-perturbridge_lpm/.plib_cache/results/lpm_paper10_all_data_plus_tahoe_novartis_op3_seed19_molholdout_h100_2x_bs4096_200epoch_lustre/LPM_b347c04960ae595d/seed_19/checkpoints/epoch-epoch=0016.ckpt	0.51067364		ok
all_datasets	23	cigs_mce	CIGS MCE	lpm_paper10_all_data_plus_tahoe_novartis_op3_seed23_molholdout_h100_2x_bs4096_200epoch_lustre	/ictstr01/groups/ml01/workspace/artur.szalata/code/chem-perturbridge_lpm/.plib_cache/results/lpm_paper10_all_data_plus_tahoe_novartis_op3_seed23_molholdout_h100_2x_bs4096_200epoch_lustre/LPM_b347c04960ae595d/seed_23/checkpoints/epoch-epoch=0013.ckpt	0.57614470	0.57567519	ok
all_datasets	23	cigs_tcm	CIGS TCM	lpm_paper10_all_data_plus_tahoe_novartis_op3_seed23_molholdout_h100_2x_bs4096_200epoch_lustre	/ictstr01/groups/ml01/workspace/artur.szalata/code/chem-perturbridge_lpm/.plib_cache/results/lpm_paper10_all_data_plus_tahoe_novartis_op3_seed23_molholdout_h100_2x_bs4096_200epoch_lustre/LPM_b347c04960ae595d/seed_23/checkpoints/epoch-epoch=0014.ckpt	0.42443663	0.40808657	ok
all_datasets	23	dilimap_train	dilimap_train	lpm_paper10_all_data_plus_tahoe_novartis_op3_seed23_molholdout_h100_2x_bs4096_200epoch_lustre	/ictstr01/groups/ml01/workspace/artur.szalata/code/chem-perturbridge_lpm/.plib_cache/results/lpm_paper10_all_data_plus_tahoe_novartis_op3_seed23_molholdout_h100_2x_bs4096_200epoch_lustre/LPM_b347c04960ae595d/seed_23/checkpoints/epoch-epoch=0001.ckpt	0.59918648	0.63488424	ok
all_datasets	23	gdpx2	Ginkgo GDPx2	lpm_paper10_all_data_plus_tahoe_novartis_op3_seed23_molholdout_h100_2x_bs4096_200epoch_lustre	/ictstr01/groups/ml01/workspace/artur.szalata/code/chem-perturbridge_lpm/.plib_cache/results/lpm_paper10_all_data_plus_tahoe_novartis_op3_seed23_molholdout_h100_2x_bs4096_200epoch_lustre/LPM_b347c04960ae595d/seed_23/checkpoints/epoch-epoch=0026.ckpt	0.57906121	0.43707064	ok
all_datasets	23	lincs_phase1	LINCS_phase1_level3_epsilon	lpm_paper10_all_data_plus_tahoe_novartis_op3_seed23_molholdout_h100_2x_bs4096_200epoch_lustre	/ictstr01/groups/ml01/workspace/artur.szalata/code/chem-perturbridge_lpm/.plib_cache/results/lpm_paper10_all_data_plus_tahoe_novartis_op3_seed23_molholdout_h100_2x_bs4096_200epoch_lustre/LPM_b347c04960ae595d/seed_23/checkpoints/epoch-epoch=0028.ckpt	0.61588961	0.62787575	ok
all_datasets	23	lincs_phase2	LINCS_phase2_level3	lpm_paper10_all_data_plus_tahoe_novartis_op3_seed23_molholdout_h100_2x_bs4096_200epoch_lustre	/ictstr01/groups/ml01/workspace/artur.szalata/code/chem-perturbridge_lpm/.plib_cache/results/lpm_paper10_all_data_plus_tahoe_novartis_op3_seed23_molholdout_h100_2x_bs4096_200epoch_lustre/LPM_b347c04960ae595d/seed_23/checkpoints/epoch-epoch=0028.ckpt	0.48348323	0.48594227	ok
all_datasets	23	novartis	Novartis MoABox DRUG-seq	lpm_paper10_all_data_plus_tahoe_novartis_op3_seed23_molholdout_h100_2x_bs4096_200epoch_lustre	/ictstr01/groups/ml01/workspace/artur.szalata/code/chem-perturbridge_lpm/.plib_cache/results/lpm_paper10_all_data_plus_tahoe_novartis_op3_seed23_molholdout_h100_2x_bs4096_200epoch_lustre/LPM_b347c04960ae595d/seed_23/checkpoints/epoch-epoch=0006.ckpt	0.68946415	0.55604726	ok
all_datasets	23	op3	op3	lpm_paper10_all_data_plus_tahoe_novartis_op3_seed23_molholdout_h100_2x_bs4096_200epoch_lustre	/ictstr01/groups/ml01/workspace/artur.szalata/code/chem-perturbridge_lpm/.plib_cache/results/lpm_paper10_all_data_plus_tahoe_novartis_op3_seed23_molholdout_h100_2x_bs4096_200epoch_lustre/LPM_b347c04960ae595d/seed_23/checkpoints/epoch-epoch=0013.ckpt	0.40056440	0.35758984	ok
all_datasets	23	sciplex	srivatsan20_sciplex3	lpm_paper10_all_data_plus_tahoe_novartis_op3_seed23_molholdout_h100_2x_bs4096_200epoch_lustre	/ictstr01/groups/ml01/workspace/artur.szalata/code/chem-perturbridge_lpm/.plib_cache/results/lpm_paper10_all_data_plus_tahoe_novartis_op3_seed23_molholdout_h100_2x_bs4096_200epoch_lustre/LPM_b347c04960ae595d/seed_23/checkpoints/epoch-epoch=0026.ckpt	0.65734786	0.68352157	ok
all_datasets	23	tahoe100	tahoe100	lpm_paper10_all_data_plus_tahoe_novartis_op3_seed23_molholdout_h100_2x_bs4096_200epoch_lustre	/ictstr01/groups/ml01/workspace/artur.szalata/code/chem-perturbridge_lpm/.plib_cache/results/lpm_paper10_all_data_plus_tahoe_novartis_op3_seed23_molholdout_h100_2x_bs4096_200epoch_lustre/LPM_b347c04960ae595d/seed_23/checkpoints/epoch-epoch=0001.ckpt	0.74815446	0.73899442	ok
all_datasets	23	vcpi_0001	Ginkgo VCPI vcpi-0001 (tvc-bhr-009)	lpm_paper10_all_data_plus_tahoe_novartis_op3_seed23_molholdout_h100_2x_bs4096_200epoch_lustre	/ictstr01/groups/ml01/workspace/artur.szalata/code/chem-perturbridge_lpm/.plib_cache/results/lpm_paper10_all_data_plus_tahoe_novartis_op3_seed23_molholdout_h100_2x_bs4096_200epoch_lustre/LPM_b347c04960ae595d/seed_23/checkpoints/epoch-epoch=0191.ckpt	0.55394238	0.57084823	ok
all_datasets	23	vcpi_0002	Ginkgo VCPI vcpi-0002 (tvc-kdl-010)	lpm_paper10_all_data_plus_tahoe_novartis_op3_seed23_molholdout_h100_2x_bs4096_200epoch_lustre	/ictstr01/groups/ml01/workspace/artur.szalata/code/chem-perturbridge_lpm/.plib_cache/results/lpm_paper10_all_data_plus_tahoe_novartis_op3_seed23_molholdout_h100_2x_bs4096_200epoch_lustre/LPM_b347c04960ae595d/seed_23/checkpoints/epoch-epoch=0001.ckpt	0.51092863		ok
all_datasets	29	cigs_mce	CIGS MCE	lpm_paper10_all_data_plus_tahoe_novartis_op3_seed29_molholdout_h100_2x_bs4096_200epoch_lustre	/ictstr01/groups/ml01/workspace/artur.szalata/code/chem-perturbridge_lpm/.plib_cache/results/lpm_paper10_all_data_plus_tahoe_novartis_op3_seed29_molholdout_h100_2x_bs4096_200epoch_lustre/LPM_b347c04960ae595d/seed_29/checkpoints/epoch-epoch=0012.ckpt	0.57697803	0.57740629	ok
all_datasets	29	cigs_tcm	CIGS TCM	lpm_paper10_all_data_plus_tahoe_novartis_op3_seed29_molholdout_h100_2x_bs4096_200epoch_lustre	/ictstr01/groups/ml01/workspace/artur.szalata/code/chem-perturbridge_lpm/.plib_cache/results/lpm_paper10_all_data_plus_tahoe_novartis_op3_seed29_molholdout_h100_2x_bs4096_200epoch_lustre/LPM_b347c04960ae595d/seed_29/checkpoints/epoch-epoch=0022.ckpt	0.42506468	0.40882799	ok
all_datasets	29	dilimap_train	dilimap_train	lpm_paper10_all_data_plus_tahoe_novartis_op3_seed29_molholdout_h100_2x_bs4096_200epoch_lustre	/ictstr01/groups/ml01/workspace/artur.szalata/code/chem-perturbridge_lpm/.plib_cache/results/lpm_paper10_all_data_plus_tahoe_novartis_op3_seed29_molholdout_h100_2x_bs4096_200epoch_lustre/LPM_b347c04960ae595d/seed_29/checkpoints/epoch-epoch=0022.ckpt	0.61808032	0.65997827	ok
all_datasets	29	gdpx2	Ginkgo GDPx2	lpm_paper10_all_data_plus_tahoe_novartis_op3_seed29_molholdout_h100_2x_bs4096_200epoch_lustre	/ictstr01/groups/ml01/workspace/artur.szalata/code/chem-perturbridge_lpm/.plib_cache/results/lpm_paper10_all_data_plus_tahoe_novartis_op3_seed29_molholdout_h100_2x_bs4096_200epoch_lustre/LPM_b347c04960ae595d/seed_29/checkpoints/epoch-epoch=0064.ckpt	0.57796681	0.43762904	ok
all_datasets	29	lincs_phase1	LINCS_phase1_level3_epsilon	lpm_paper10_all_data_plus_tahoe_novartis_op3_seed29_molholdout_h100_2x_bs4096_200epoch_lustre	/ictstr01/groups/ml01/workspace/artur.szalata/code/chem-perturbridge_lpm/.plib_cache/results/lpm_paper10_all_data_plus_tahoe_novartis_op3_seed29_molholdout_h100_2x_bs4096_200epoch_lustre/LPM_b347c04960ae595d/seed_29/checkpoints/epoch-epoch=0022.ckpt	0.61690527	0.62963146	ok
all_datasets	29	lincs_phase2	LINCS_phase2_level3	lpm_paper10_all_data_plus_tahoe_novartis_op3_seed29_molholdout_h100_2x_bs4096_200epoch_lustre	/ictstr01/groups/ml01/workspace/artur.szalata/code/chem-perturbridge_lpm/.plib_cache/results/lpm_paper10_all_data_plus_tahoe_novartis_op3_seed29_molholdout_h100_2x_bs4096_200epoch_lustre/LPM_b347c04960ae595d/seed_29/checkpoints/epoch-epoch=0062.ckpt	0.48282835	0.48675653	ok
all_datasets	29	novartis	Novartis MoABox DRUG-seq	lpm_paper10_all_data_plus_tahoe_novartis_op3_seed29_molholdout_h100_2x_bs4096_200epoch_lustre	/ictstr01/groups/ml01/workspace/artur.szalata/code/chem-perturbridge_lpm/.plib_cache/results/lpm_paper10_all_data_plus_tahoe_novartis_op3_seed29_molholdout_h100_2x_bs4096_200epoch_lustre/LPM_b347c04960ae595d/seed_29/checkpoints/epoch-epoch=0001.ckpt	0.68987787	0.55580866	ok
all_datasets	29	op3	op3	lpm_paper10_all_data_plus_tahoe_novartis_op3_seed29_molholdout_h100_2x_bs4096_200epoch_lustre	/ictstr01/groups/ml01/workspace/artur.szalata/code/chem-perturbridge_lpm/.plib_cache/results/lpm_paper10_all_data_plus_tahoe_novartis_op3_seed29_molholdout_h100_2x_bs4096_200epoch_lustre/LPM_b347c04960ae595d/seed_29/checkpoints/epoch-epoch=0041.ckpt	0.40005276	0.35743141	ok
all_datasets	29	sciplex	srivatsan20_sciplex3	lpm_paper10_all_data_plus_tahoe_novartis_op3_seed29_molholdout_h100_2x_bs4096_200epoch_lustre	/ictstr01/groups/ml01/workspace/artur.szalata/code/chem-perturbridge_lpm/.plib_cache/results/lpm_paper10_all_data_plus_tahoe_novartis_op3_seed29_molholdout_h100_2x_bs4096_200epoch_lustre/LPM_b347c04960ae595d/seed_29/checkpoints/epoch-epoch=0062.ckpt	0.65876049	0.68324286	ok
all_datasets	29	tahoe100	tahoe100	lpm_paper10_all_data_plus_tahoe_novartis_op3_seed29_molholdout_h100_2x_bs4096_200epoch_lustre	/ictstr01/groups/ml01/workspace/artur.szalata/code/chem-perturbridge_lpm/.plib_cache/results/lpm_paper10_all_data_plus_tahoe_novartis_op3_seed29_molholdout_h100_2x_bs4096_200epoch_lustre/LPM_b347c04960ae595d/seed_29/checkpoints/epoch-epoch=0022.ckpt	0.74870795	0.73853958	ok
all_datasets	29	vcpi_0001	Ginkgo VCPI vcpi-0001 (tvc-bhr-009)	lpm_paper10_all_data_plus_tahoe_novartis_op3_seed29_molholdout_h100_2x_bs4096_200epoch_lustre	/ictstr01/groups/ml01/workspace/artur.szalata/code/chem-perturbridge_lpm/.plib_cache/results/lpm_paper10_all_data_plus_tahoe_novartis_op3_seed29_molholdout_h100_2x_bs4096_200epoch_lustre/LPM_b347c04960ae595d/seed_29/checkpoints/epoch-epoch=0160.ckpt	0.55394810	0.57080585	ok
all_datasets	29	vcpi_0002	Ginkgo VCPI vcpi-0002 (tvc-kdl-010)	lpm_paper10_all_data_plus_tahoe_novartis_op3_seed29_molholdout_h100_2x_bs4096_200epoch_lustre	/ictstr01/groups/ml01/workspace/artur.szalata/code/chem-perturbridge_lpm/.plib_cache/results/lpm_paper10_all_data_plus_tahoe_novartis_op3_seed29_molholdout_h100_2x_bs4096_200epoch_lustre/LPM_b347c04960ae595d/seed_29/checkpoints/epoch-epoch=0022.ckpt	0.51068014		ok
all_datasets	31	cigs_mce	CIGS MCE	lpm_paper10_all_data_plus_tahoe_novartis_op3_seed31_molholdout_h100_2x_bs4096_200epoch_lustre	/ictstr01/groups/ml01/workspace/artur.szalata/code/chem-perturbridge_lpm/.plib_cache/results/lpm_paper10_all_data_plus_tahoe_novartis_op3_seed31_molholdout_h100_2x_bs4096_200epoch_lustre/LPM_b347c04960ae595d/seed_31/checkpoints/epoch-epoch=0007.ckpt	0.57783550	0.57603800	ok
all_datasets	31	cigs_tcm	CIGS TCM	lpm_paper10_all_data_plus_tahoe_novartis_op3_seed31_molholdout_h100_2x_bs4096_200epoch_lustre	/ictstr01/groups/ml01/workspace/artur.szalata/code/chem-perturbridge_lpm/.plib_cache/results/lpm_paper10_all_data_plus_tahoe_novartis_op3_seed31_molholdout_h100_2x_bs4096_200epoch_lustre/LPM_b347c04960ae595d/seed_31/checkpoints/epoch-epoch=0006.ckpt	0.42486423	0.40817833	ok
all_datasets	31	dilimap_train	dilimap_train	lpm_paper10_all_data_plus_tahoe_novartis_op3_seed31_molholdout_h100_2x_bs4096_200epoch_lustre	/ictstr01/groups/ml01/workspace/artur.szalata/code/chem-perturbridge_lpm/.plib_cache/results/lpm_paper10_all_data_plus_tahoe_novartis_op3_seed31_molholdout_h100_2x_bs4096_200epoch_lustre/LPM_b347c04960ae595d/seed_31/checkpoints/epoch-epoch=0018.ckpt	0.69549012	0.74988955	ok
all_datasets	31	gdpx2	Ginkgo GDPx2	lpm_paper10_all_data_plus_tahoe_novartis_op3_seed31_molholdout_h100_2x_bs4096_200epoch_lustre	/ictstr01/groups/ml01/workspace/artur.szalata/code/chem-perturbridge_lpm/.plib_cache/results/lpm_paper10_all_data_plus_tahoe_novartis_op3_seed31_molholdout_h100_2x_bs4096_200epoch_lustre/LPM_b347c04960ae595d/seed_31/checkpoints/epoch-epoch=0040.ckpt	0.56910890	0.43937066	ok
all_datasets	31	lincs_phase1	LINCS_phase1_level3_epsilon	lpm_paper10_all_data_plus_tahoe_novartis_op3_seed31_molholdout_h100_2x_bs4096_200epoch_lustre	/ictstr01/groups/ml01/workspace/artur.szalata/code/chem-perturbridge_lpm/.plib_cache/results/lpm_paper10_all_data_plus_tahoe_novartis_op3_seed31_molholdout_h100_2x_bs4096_200epoch_lustre/LPM_b347c04960ae595d/seed_31/checkpoints/epoch-epoch=0026.ckpt	0.61461228	0.62731117	ok
all_datasets	31	lincs_phase2	LINCS_phase2_level3	lpm_paper10_all_data_plus_tahoe_novartis_op3_seed31_molholdout_h100_2x_bs4096_200epoch_lustre	/ictstr01/groups/ml01/workspace/artur.szalata/code/chem-perturbridge_lpm/.plib_cache/results/lpm_paper10_all_data_plus_tahoe_novartis_op3_seed31_molholdout_h100_2x_bs4096_200epoch_lustre/LPM_b347c04960ae595d/seed_31/checkpoints/epoch-epoch=0095.ckpt	0.48353332	0.48597074	ok
all_datasets	31	novartis	Novartis MoABox DRUG-seq	lpm_paper10_all_data_plus_tahoe_novartis_op3_seed31_molholdout_h100_2x_bs4096_200epoch_lustre	/ictstr01/groups/ml01/workspace/artur.szalata/code/chem-perturbridge_lpm/.plib_cache/results/lpm_paper10_all_data_plus_tahoe_novartis_op3_seed31_molholdout_h100_2x_bs4096_200epoch_lustre/LPM_b347c04960ae595d/seed_31/checkpoints/epoch-epoch=0006.ckpt	0.68930411	0.55538982	ok
all_datasets	31	op3	op3	lpm_paper10_all_data_plus_tahoe_novartis_op3_seed31_molholdout_h100_2x_bs4096_200epoch_lustre	/ictstr01/groups/ml01/workspace/artur.szalata/code/chem-perturbridge_lpm/.plib_cache/results/lpm_paper10_all_data_plus_tahoe_novartis_op3_seed31_molholdout_h100_2x_bs4096_200epoch_lustre/LPM_b347c04960ae595d/seed_31/checkpoints/epoch-epoch=0018.ckpt	0.40032008	0.35760430	ok
all_datasets	31	sciplex	srivatsan20_sciplex3	lpm_paper10_all_data_plus_tahoe_novartis_op3_seed31_molholdout_h100_2x_bs4096_200epoch_lustre	/ictstr01/groups/ml01/workspace/artur.szalata/code/chem-perturbridge_lpm/.plib_cache/results/lpm_paper10_all_data_plus_tahoe_novartis_op3_seed31_molholdout_h100_2x_bs4096_200epoch_lustre/LPM_b347c04960ae595d/seed_31/checkpoints/epoch-epoch=0022.ckpt	0.65523702	0.68184108	ok
all_datasets	31	tahoe100	tahoe100	lpm_paper10_all_data_plus_tahoe_novartis_op3_seed31_molholdout_h100_2x_bs4096_200epoch_lustre	/ictstr01/groups/ml01/workspace/artur.szalata/code/chem-perturbridge_lpm/.plib_cache/results/lpm_paper10_all_data_plus_tahoe_novartis_op3_seed31_molholdout_h100_2x_bs4096_200epoch_lustre/LPM_b347c04960ae595d/seed_31/checkpoints/epoch-epoch=0001.ckpt	0.74747330	0.73812681	ok
all_datasets	31	vcpi_0001	Ginkgo VCPI vcpi-0001 (tvc-bhr-009)	lpm_paper10_all_data_plus_tahoe_novartis_op3_seed31_molholdout_h100_2x_bs4096_200epoch_lustre	/ictstr01/groups/ml01/workspace/artur.szalata/code/chem-perturbridge_lpm/.plib_cache/results/lpm_paper10_all_data_plus_tahoe_novartis_op3_seed31_molholdout_h100_2x_bs4096_200epoch_lustre/LPM_b347c04960ae595d/seed_31/checkpoints/epoch-epoch=0124.ckpt	0.55394536	0.57084745	ok
all_datasets	31	vcpi_0002	Ginkgo VCPI vcpi-0002 (tvc-kdl-010)	lpm_paper10_all_data_plus_tahoe_novartis_op3_seed31_molholdout_h100_2x_bs4096_200epoch_lustre	/ictstr01/groups/ml01/workspace/artur.szalata/code/chem-perturbridge_lpm/.plib_cache/results/lpm_paper10_all_data_plus_tahoe_novartis_op3_seed31_molholdout_h100_2x_bs4096_200epoch_lustre/LPM_b347c04960ae595d/seed_31/checkpoints/epoch-epoch=0018.ckpt	0.51063550		ok
all_datasets	37	cigs_mce	CIGS MCE	lpm_paper10_all_data_plus_tahoe_novartis_op3_seed37_molholdout_h100_2x_bs4096_200epoch_lustre	/ictstr01/groups/ml01/workspace/artur.szalata/code/chem-perturbridge_lpm/.plib_cache/results/lpm_paper10_all_data_plus_tahoe_novartis_op3_seed37_molholdout_h100_2x_bs4096_200epoch_lustre/LPM_b347c04960ae595d/seed_37/checkpoints/epoch-epoch=0009.ckpt	0.57711947	0.57691437	ok
all_datasets	37	cigs_tcm	CIGS TCM	lpm_paper10_all_data_plus_tahoe_novartis_op3_seed37_molholdout_h100_2x_bs4096_200epoch_lustre	/ictstr01/groups/ml01/workspace/artur.szalata/code/chem-perturbridge_lpm/.plib_cache/results/lpm_paper10_all_data_plus_tahoe_novartis_op3_seed37_molholdout_h100_2x_bs4096_200epoch_lustre/LPM_b347c04960ae595d/seed_37/checkpoints/epoch-epoch=0006.ckpt	0.42480305	0.40804657	ok
all_datasets	37	dilimap_train	dilimap_train	lpm_paper10_all_data_plus_tahoe_novartis_op3_seed37_molholdout_h100_2x_bs4096_200epoch_lustre	/ictstr01/groups/ml01/workspace/artur.szalata/code/chem-perturbridge_lpm/.plib_cache/results/lpm_paper10_all_data_plus_tahoe_novartis_op3_seed37_molholdout_h100_2x_bs4096_200epoch_lustre/LPM_b347c04960ae595d/seed_37/checkpoints/epoch-epoch=0024.ckpt	0.62447029	0.66144150	ok
all_datasets	37	gdpx2	Ginkgo GDPx2	lpm_paper10_all_data_plus_tahoe_novartis_op3_seed37_molholdout_h100_2x_bs4096_200epoch_lustre	/ictstr01/groups/ml01/workspace/artur.szalata/code/chem-perturbridge_lpm/.plib_cache/results/lpm_paper10_all_data_plus_tahoe_novartis_op3_seed37_molholdout_h100_2x_bs4096_200epoch_lustre/LPM_b347c04960ae595d/seed_37/checkpoints/epoch-epoch=0197.ckpt	0.56738406	0.43984267	ok
all_datasets	37	lincs_phase1	LINCS_phase1_level3_epsilon	lpm_paper10_all_data_plus_tahoe_novartis_op3_seed37_molholdout_h100_2x_bs4096_200epoch_lustre	/ictstr01/groups/ml01/workspace/artur.szalata/code/chem-perturbridge_lpm/.plib_cache/results/lpm_paper10_all_data_plus_tahoe_novartis_op3_seed37_molholdout_h100_2x_bs4096_200epoch_lustre/LPM_b347c04960ae595d/seed_37/checkpoints/epoch-epoch=0021.ckpt	0.61674351	0.62960142	ok
all_datasets	37	lincs_phase2	LINCS_phase2_level3	lpm_paper10_all_data_plus_tahoe_novartis_op3_seed37_molholdout_h100_2x_bs4096_200epoch_lustre	/ictstr01/groups/ml01/workspace/artur.szalata/code/chem-perturbridge_lpm/.plib_cache/results/lpm_paper10_all_data_plus_tahoe_novartis_op3_seed37_molholdout_h100_2x_bs4096_200epoch_lustre/LPM_b347c04960ae595d/seed_37/checkpoints/epoch-epoch=0052.ckpt	0.48369747	0.48635763	ok
all_datasets	37	novartis	Novartis MoABox DRUG-seq	lpm_paper10_all_data_plus_tahoe_novartis_op3_seed37_molholdout_h100_2x_bs4096_200epoch_lustre	/ictstr01/groups/ml01/workspace/artur.szalata/code/chem-perturbridge_lpm/.plib_cache/results/lpm_paper10_all_data_plus_tahoe_novartis_op3_seed37_molholdout_h100_2x_bs4096_200epoch_lustre/LPM_b347c04960ae595d/seed_37/checkpoints/epoch-epoch=0000.ckpt	0.69002378	0.55582154	ok
all_datasets	37	op3	op3	lpm_paper10_all_data_plus_tahoe_novartis_op3_seed37_molholdout_h100_2x_bs4096_200epoch_lustre	/ictstr01/groups/ml01/workspace/artur.szalata/code/chem-perturbridge_lpm/.plib_cache/results/lpm_paper10_all_data_plus_tahoe_novartis_op3_seed37_molholdout_h100_2x_bs4096_200epoch_lustre/LPM_b347c04960ae595d/seed_37/checkpoints/epoch-epoch=0089.ckpt	0.40044385	0.35722810	ok
all_datasets	37	sciplex	srivatsan20_sciplex3	lpm_paper10_all_data_plus_tahoe_novartis_op3_seed37_molholdout_h100_2x_bs4096_200epoch_lustre	/ictstr01/groups/ml01/workspace/artur.szalata/code/chem-perturbridge_lpm/.plib_cache/results/lpm_paper10_all_data_plus_tahoe_novartis_op3_seed37_molholdout_h100_2x_bs4096_200epoch_lustre/LPM_b347c04960ae595d/seed_37/checkpoints/epoch-epoch=0027.ckpt	0.65643394	0.68189591	ok
all_datasets	37	tahoe100	tahoe100	lpm_paper10_all_data_plus_tahoe_novartis_op3_seed37_molholdout_h100_2x_bs4096_200epoch_lustre	/ictstr01/groups/ml01/workspace/artur.szalata/code/chem-perturbridge_lpm/.plib_cache/results/lpm_paper10_all_data_plus_tahoe_novartis_op3_seed37_molholdout_h100_2x_bs4096_200epoch_lustre/LPM_b347c04960ae595d/seed_37/checkpoints/epoch-epoch=0024.ckpt	0.74590677	0.73474050	ok
all_datasets	37	vcpi_0001	Ginkgo VCPI vcpi-0001 (tvc-bhr-009)	lpm_paper10_all_data_plus_tahoe_novartis_op3_seed37_molholdout_h100_2x_bs4096_200epoch_lustre	/ictstr01/groups/ml01/workspace/artur.szalata/code/chem-perturbridge_lpm/.plib_cache/results/lpm_paper10_all_data_plus_tahoe_novartis_op3_seed37_molholdout_h100_2x_bs4096_200epoch_lustre/LPM_b347c04960ae595d/seed_37/checkpoints/epoch-epoch=0124.ckpt	0.55394399	0.57082731	ok
all_datasets	37	vcpi_0002	Ginkgo VCPI vcpi-0002 (tvc-kdl-010)	lpm_paper10_all_data_plus_tahoe_novartis_op3_seed37_molholdout_h100_2x_bs4096_200epoch_lustre	/ictstr01/groups/ml01/workspace/artur.szalata/code/chem-perturbridge_lpm/.plib_cache/results/lpm_paper10_all_data_plus_tahoe_novartis_op3_seed37_molholdout_h100_2x_bs4096_200epoch_lustre/LPM_b347c04960ae595d/seed_37/checkpoints/epoch-epoch=0024.ckpt	0.51069212		ok
all_datasets	41	cigs_mce	CIGS MCE	lpm_paper10_all_data_plus_tahoe_novartis_op3_seed41_molholdout_h100_2x_bs4096_200epoch_lustre	/ictstr01/groups/ml01/workspace/artur.szalata/code/chem-perturbridge_lpm/.plib_cache/results/lpm_paper10_all_data_plus_tahoe_novartis_op3_seed41_molholdout_h100_2x_bs4096_200epoch_lustre/LPM_b347c04960ae595d/seed_41/checkpoints/epoch-epoch=0016.ckpt	0.57571423	0.57476610	ok
all_datasets	41	cigs_tcm	CIGS TCM	lpm_paper10_all_data_plus_tahoe_novartis_op3_seed41_molholdout_h100_2x_bs4096_200epoch_lustre	/ictstr01/groups/ml01/workspace/artur.szalata/code/chem-perturbridge_lpm/.plib_cache/results/lpm_paper10_all_data_plus_tahoe_novartis_op3_seed41_molholdout_h100_2x_bs4096_200epoch_lustre/LPM_b347c04960ae595d/seed_41/checkpoints/epoch-epoch=0025.ckpt	0.42492750	0.40790683	ok
all_datasets	41	dilimap_train	dilimap_train	lpm_paper10_all_data_plus_tahoe_novartis_op3_seed41_molholdout_h100_2x_bs4096_200epoch_lustre	/ictstr01/groups/ml01/workspace/artur.szalata/code/chem-perturbridge_lpm/.plib_cache/results/lpm_paper10_all_data_plus_tahoe_novartis_op3_seed41_molholdout_h100_2x_bs4096_200epoch_lustre/LPM_b347c04960ae595d/seed_41/checkpoints/epoch-epoch=0006.ckpt	0.60367221	0.64199126	ok
all_datasets	41	gdpx2	Ginkgo GDPx2	lpm_paper10_all_data_plus_tahoe_novartis_op3_seed41_molholdout_h100_2x_bs4096_200epoch_lustre	/ictstr01/groups/ml01/workspace/artur.szalata/code/chem-perturbridge_lpm/.plib_cache/results/lpm_paper10_all_data_plus_tahoe_novartis_op3_seed41_molholdout_h100_2x_bs4096_200epoch_lustre/LPM_b347c04960ae595d/seed_41/checkpoints/epoch-epoch=0038.ckpt	0.57627857	0.43704206	ok
all_datasets	41	lincs_phase1	LINCS_phase1_level3_epsilon	lpm_paper10_all_data_plus_tahoe_novartis_op3_seed41_molholdout_h100_2x_bs4096_200epoch_lustre	/ictstr01/groups/ml01/workspace/artur.szalata/code/chem-perturbridge_lpm/.plib_cache/results/lpm_paper10_all_data_plus_tahoe_novartis_op3_seed41_molholdout_h100_2x_bs4096_200epoch_lustre/LPM_b347c04960ae595d/seed_41/checkpoints/epoch-epoch=0025.ckpt	0.61416936	0.62805575	ok
all_datasets	41	lincs_phase2	LINCS_phase2_level3	lpm_paper10_all_data_plus_tahoe_novartis_op3_seed41_molholdout_h100_2x_bs4096_200epoch_lustre	/ictstr01/groups/ml01/workspace/artur.szalata/code/chem-perturbridge_lpm/.plib_cache/results/lpm_paper10_all_data_plus_tahoe_novartis_op3_seed41_molholdout_h100_2x_bs4096_200epoch_lustre/LPM_b347c04960ae595d/seed_41/checkpoints/epoch-epoch=0082.ckpt	0.48396507	0.48311019	ok
all_datasets	41	novartis	Novartis MoABox DRUG-seq	lpm_paper10_all_data_plus_tahoe_novartis_op3_seed41_molholdout_h100_2x_bs4096_200epoch_lustre	/ictstr01/groups/ml01/workspace/artur.szalata/code/chem-perturbridge_lpm/.plib_cache/results/lpm_paper10_all_data_plus_tahoe_novartis_op3_seed41_molholdout_h100_2x_bs4096_200epoch_lustre/LPM_b347c04960ae595d/seed_41/checkpoints/epoch-epoch=0018.ckpt	0.68951368	0.55491966	ok
all_datasets	41	op3	op3	lpm_paper10_all_data_plus_tahoe_novartis_op3_seed41_molholdout_h100_2x_bs4096_200epoch_lustre	/ictstr01/groups/ml01/workspace/artur.szalata/code/chem-perturbridge_lpm/.plib_cache/results/lpm_paper10_all_data_plus_tahoe_novartis_op3_seed41_molholdout_h100_2x_bs4096_200epoch_lustre/LPM_b347c04960ae595d/seed_41/checkpoints/epoch-epoch=0057.ckpt	0.40037981	0.35737681	ok
all_datasets	41	sciplex	srivatsan20_sciplex3	lpm_paper10_all_data_plus_tahoe_novartis_op3_seed41_molholdout_h100_2x_bs4096_200epoch_lustre	/ictstr01/groups/ml01/workspace/artur.szalata/code/chem-perturbridge_lpm/.plib_cache/results/lpm_paper10_all_data_plus_tahoe_novartis_op3_seed41_molholdout_h100_2x_bs4096_200epoch_lustre/LPM_b347c04960ae595d/seed_41/checkpoints/epoch-epoch=0023.ckpt	0.65718728	0.68201411	ok
all_datasets	41	tahoe100	tahoe100	lpm_paper10_all_data_plus_tahoe_novartis_op3_seed41_molholdout_h100_2x_bs4096_200epoch_lustre	/ictstr01/groups/ml01/workspace/artur.szalata/code/chem-perturbridge_lpm/.plib_cache/results/lpm_paper10_all_data_plus_tahoe_novartis_op3_seed41_molholdout_h100_2x_bs4096_200epoch_lustre/LPM_b347c04960ae595d/seed_41/checkpoints/epoch-epoch=0006.ckpt	0.74646240	0.73832381	ok
all_datasets	41	vcpi_0001	Ginkgo VCPI vcpi-0001 (tvc-bhr-009)	lpm_paper10_all_data_plus_tahoe_novartis_op3_seed41_molholdout_h100_2x_bs4096_200epoch_lustre	/ictstr01/groups/ml01/workspace/artur.szalata/code/chem-perturbridge_lpm/.plib_cache/results/lpm_paper10_all_data_plus_tahoe_novartis_op3_seed41_molholdout_h100_2x_bs4096_200epoch_lustre/LPM_b347c04960ae595d/seed_41/checkpoints/epoch-epoch=0124.ckpt	0.55394393	0.57081044	ok
all_datasets	41	vcpi_0002	Ginkgo VCPI vcpi-0002 (tvc-kdl-010)	lpm_paper10_all_data_plus_tahoe_novartis_op3_seed41_molholdout_h100_2x_bs4096_200epoch_lustre	/ictstr01/groups/ml01/workspace/artur.szalata/code/chem-perturbridge_lpm/.plib_cache/results/lpm_paper10_all_data_plus_tahoe_novartis_op3_seed41_molholdout_h100_2x_bs4096_200epoch_lustre/LPM_b347c04960ae595d/seed_41/checkpoints/epoch-epoch=0006.ckpt	0.51070684		ok
all_datasets	43	cigs_mce	CIGS MCE	lpm_paper10_all_data_plus_tahoe_novartis_op3_seed43_molholdout_h100_2x_bs4096_200epoch_lustre	/ictstr01/groups/ml01/workspace/artur.szalata/code/chem-perturbridge_lpm/.plib_cache/results/lpm_paper10_all_data_plus_tahoe_novartis_op3_seed43_molholdout_h100_2x_bs4096_200epoch_lustre/LPM_b347c04960ae595d/seed_43/checkpoints/epoch-epoch=0012.ckpt	0.57581306	0.57622969	ok
all_datasets	43	cigs_tcm	CIGS TCM	lpm_paper10_all_data_plus_tahoe_novartis_op3_seed43_molholdout_h100_2x_bs4096_200epoch_lustre	/ictstr01/groups/ml01/workspace/artur.szalata/code/chem-perturbridge_lpm/.plib_cache/results/lpm_paper10_all_data_plus_tahoe_novartis_op3_seed43_molholdout_h100_2x_bs4096_200epoch_lustre/LPM_b347c04960ae595d/seed_43/checkpoints/epoch-epoch=0016.ckpt	0.42465577	0.40801516	ok
all_datasets	43	dilimap_train	dilimap_train	lpm_paper10_all_data_plus_tahoe_novartis_op3_seed43_molholdout_h100_2x_bs4096_200epoch_lustre	/ictstr01/groups/ml01/workspace/artur.szalata/code/chem-perturbridge_lpm/.plib_cache/results/lpm_paper10_all_data_plus_tahoe_novartis_op3_seed43_molholdout_h100_2x_bs4096_200epoch_lustre/LPM_b347c04960ae595d/seed_43/checkpoints/epoch-epoch=0006.ckpt	0.59836453	0.63185608	ok
all_datasets	43	gdpx2	Ginkgo GDPx2	lpm_paper10_all_data_plus_tahoe_novartis_op3_seed43_molholdout_h100_2x_bs4096_200epoch_lustre	/ictstr01/groups/ml01/workspace/artur.szalata/code/chem-perturbridge_lpm/.plib_cache/results/lpm_paper10_all_data_plus_tahoe_novartis_op3_seed43_molholdout_h100_2x_bs4096_200epoch_lustre/LPM_b347c04960ae595d/seed_43/checkpoints/epoch-epoch=0117.ckpt	0.57383275	0.43666354	ok
all_datasets	43	lincs_phase1	LINCS_phase1_level3_epsilon	lpm_paper10_all_data_plus_tahoe_novartis_op3_seed43_molholdout_h100_2x_bs4096_200epoch_lustre	/ictstr01/groups/ml01/workspace/artur.szalata/code/chem-perturbridge_lpm/.plib_cache/results/lpm_paper10_all_data_plus_tahoe_novartis_op3_seed43_molholdout_h100_2x_bs4096_200epoch_lustre/LPM_b347c04960ae595d/seed_43/checkpoints/epoch-epoch=0021.ckpt	0.61541867	0.62877196	ok
all_datasets	43	lincs_phase2	LINCS_phase2_level3	lpm_paper10_all_data_plus_tahoe_novartis_op3_seed43_molholdout_h100_2x_bs4096_200epoch_lustre	/ictstr01/groups/ml01/workspace/artur.szalata/code/chem-perturbridge_lpm/.plib_cache/results/lpm_paper10_all_data_plus_tahoe_novartis_op3_seed43_molholdout_h100_2x_bs4096_200epoch_lustre/LPM_b347c04960ae595d/seed_43/checkpoints/epoch-epoch=0043.ckpt	0.48343652	0.48557290	ok
all_datasets	43	novartis	Novartis MoABox DRUG-seq	lpm_paper10_all_data_plus_tahoe_novartis_op3_seed43_molholdout_h100_2x_bs4096_200epoch_lustre	/ictstr01/groups/ml01/workspace/artur.szalata/code/chem-perturbridge_lpm/.plib_cache/results/lpm_paper10_all_data_plus_tahoe_novartis_op3_seed43_molholdout_h100_2x_bs4096_200epoch_lustre/LPM_b347c04960ae595d/seed_43/checkpoints/epoch-epoch=0001.ckpt	0.68967134	0.55527186	ok
all_datasets	43	op3	op3	lpm_paper10_all_data_plus_tahoe_novartis_op3_seed43_molholdout_h100_2x_bs4096_200epoch_lustre	/ictstr01/groups/ml01/workspace/artur.szalata/code/chem-perturbridge_lpm/.plib_cache/results/lpm_paper10_all_data_plus_tahoe_novartis_op3_seed43_molholdout_h100_2x_bs4096_200epoch_lustre/LPM_b347c04960ae595d/seed_43/checkpoints/epoch-epoch=0003.ckpt	0.40108639	0.35796961	ok
all_datasets	43	sciplex	srivatsan20_sciplex3	lpm_paper10_all_data_plus_tahoe_novartis_op3_seed43_molholdout_h100_2x_bs4096_200epoch_lustre	/ictstr01/groups/ml01/workspace/artur.szalata/code/chem-perturbridge_lpm/.plib_cache/results/lpm_paper10_all_data_plus_tahoe_novartis_op3_seed43_molholdout_h100_2x_bs4096_200epoch_lustre/LPM_b347c04960ae595d/seed_43/checkpoints/epoch-epoch=0101.ckpt	0.65639263	0.68385285	ok
all_datasets	43	tahoe100	tahoe100	lpm_paper10_all_data_plus_tahoe_novartis_op3_seed43_molholdout_h100_2x_bs4096_200epoch_lustre	/ictstr01/groups/ml01/workspace/artur.szalata/code/chem-perturbridge_lpm/.plib_cache/results/lpm_paper10_all_data_plus_tahoe_novartis_op3_seed43_molholdout_h100_2x_bs4096_200epoch_lustre/LPM_b347c04960ae595d/seed_43/checkpoints/epoch-epoch=0006.ckpt	0.74592018	0.74041533	ok
all_datasets	43	vcpi_0001	Ginkgo VCPI vcpi-0001 (tvc-bhr-009)	lpm_paper10_all_data_plus_tahoe_novartis_op3_seed43_molholdout_h100_2x_bs4096_200epoch_lustre	/ictstr01/groups/ml01/workspace/artur.szalata/code/chem-perturbridge_lpm/.plib_cache/results/lpm_paper10_all_data_plus_tahoe_novartis_op3_seed43_molholdout_h100_2x_bs4096_200epoch_lustre/LPM_b347c04960ae595d/seed_43/checkpoints/epoch-epoch=0065.ckpt	0.55366999	0.57084572	ok
all_datasets	43	vcpi_0002	Ginkgo VCPI vcpi-0002 (tvc-kdl-010)	lpm_paper10_all_data_plus_tahoe_novartis_op3_seed43_molholdout_h100_2x_bs4096_200epoch_lustre	/ictstr01/groups/ml01/workspace/artur.szalata/code/chem-perturbridge_lpm/.plib_cache/results/lpm_paper10_all_data_plus_tahoe_novartis_op3_seed43_molholdout_h100_2x_bs4096_200epoch_lustre/LPM_b347c04960ae595d/seed_43/checkpoints/epoch-epoch=0006.ckpt	0.51076013		ok
all_datasets	47	cigs_mce	CIGS MCE	lpm_paper10_all_data_plus_tahoe_novartis_op3_seed47_molholdout_h100_2x_bs4096_200epoch_lustre	/ictstr01/groups/ml01/workspace/artur.szalata/code/chem-perturbridge_lpm/.plib_cache/results/lpm_paper10_all_data_plus_tahoe_novartis_op3_seed47_molholdout_h100_2x_bs4096_200epoch_lustre/LPM_b347c04960ae595d/seed_47/checkpoints/epoch-epoch=0010.ckpt	0.57511717	0.57639170	ok
all_datasets	47	cigs_tcm	CIGS TCM	lpm_paper10_all_data_plus_tahoe_novartis_op3_seed47_molholdout_h100_2x_bs4096_200epoch_lustre	/ictstr01/groups/ml01/workspace/artur.szalata/code/chem-perturbridge_lpm/.plib_cache/results/lpm_paper10_all_data_plus_tahoe_novartis_op3_seed47_molholdout_h100_2x_bs4096_200epoch_lustre/LPM_b347c04960ae595d/seed_47/checkpoints/epoch-epoch=0006.ckpt	0.42496035	0.40798879	ok
all_datasets	47	dilimap_train	dilimap_train	lpm_paper10_all_data_plus_tahoe_novartis_op3_seed47_molholdout_h100_2x_bs4096_200epoch_lustre	/ictstr01/groups/ml01/workspace/artur.szalata/code/chem-perturbridge_lpm/.plib_cache/results/lpm_paper10_all_data_plus_tahoe_novartis_op3_seed47_molholdout_h100_2x_bs4096_200epoch_lustre/LPM_b347c04960ae595d/seed_47/checkpoints/epoch-epoch=0015.ckpt	0.60339975	0.64146775	ok
all_datasets	47	gdpx2	Ginkgo GDPx2	lpm_paper10_all_data_plus_tahoe_novartis_op3_seed47_molholdout_h100_2x_bs4096_200epoch_lustre	/ictstr01/groups/ml01/workspace/artur.szalata/code/chem-perturbridge_lpm/.plib_cache/results/lpm_paper10_all_data_plus_tahoe_novartis_op3_seed47_molholdout_h100_2x_bs4096_200epoch_lustre/LPM_b347c04960ae595d/seed_47/checkpoints/epoch-epoch=0055.ckpt	0.57054347	0.43746251	ok
all_datasets	47	lincs_phase1	LINCS_phase1_level3_epsilon	lpm_paper10_all_data_plus_tahoe_novartis_op3_seed47_molholdout_h100_2x_bs4096_200epoch_lustre	/ictstr01/groups/ml01/workspace/artur.szalata/code/chem-perturbridge_lpm/.plib_cache/results/lpm_paper10_all_data_plus_tahoe_novartis_op3_seed47_molholdout_h100_2x_bs4096_200epoch_lustre/LPM_b347c04960ae595d/seed_47/checkpoints/epoch-epoch=0022.ckpt	0.61483568	0.62771118	ok
all_datasets	47	lincs_phase2	LINCS_phase2_level3	lpm_paper10_all_data_plus_tahoe_novartis_op3_seed47_molholdout_h100_2x_bs4096_200epoch_lustre	/ictstr01/groups/ml01/workspace/artur.szalata/code/chem-perturbridge_lpm/.plib_cache/results/lpm_paper10_all_data_plus_tahoe_novartis_op3_seed47_molholdout_h100_2x_bs4096_200epoch_lustre/LPM_b347c04960ae595d/seed_47/checkpoints/epoch-epoch=0110.ckpt	0.48097235	0.48305741	ok
all_datasets	47	novartis	Novartis MoABox DRUG-seq	lpm_paper10_all_data_plus_tahoe_novartis_op3_seed47_molholdout_h100_2x_bs4096_200epoch_lustre	/ictstr01/groups/ml01/workspace/artur.szalata/code/chem-perturbridge_lpm/.plib_cache/results/lpm_paper10_all_data_plus_tahoe_novartis_op3_seed47_molholdout_h100_2x_bs4096_200epoch_lustre/LPM_b347c04960ae595d/seed_47/checkpoints/epoch-epoch=0000.ckpt	0.69005942	0.55583745	ok
all_datasets	47	op3	op3	lpm_paper10_all_data_plus_tahoe_novartis_op3_seed47_molholdout_h100_2x_bs4096_200epoch_lustre	/ictstr01/groups/ml01/workspace/artur.szalata/code/chem-perturbridge_lpm/.plib_cache/results/lpm_paper10_all_data_plus_tahoe_novartis_op3_seed47_molholdout_h100_2x_bs4096_200epoch_lustre/LPM_b347c04960ae595d/seed_47/checkpoints/epoch-epoch=0020.ckpt	0.40016484	0.35724109	ok
all_datasets	47	sciplex	srivatsan20_sciplex3	lpm_paper10_all_data_plus_tahoe_novartis_op3_seed47_molholdout_h100_2x_bs4096_200epoch_lustre	/ictstr01/groups/ml01/workspace/artur.szalata/code/chem-perturbridge_lpm/.plib_cache/results/lpm_paper10_all_data_plus_tahoe_novartis_op3_seed47_molholdout_h100_2x_bs4096_200epoch_lustre/LPM_b347c04960ae595d/seed_47/checkpoints/epoch-epoch=0099.ckpt	0.65407926	0.68233478	ok
all_datasets	47	tahoe100	tahoe100	lpm_paper10_all_data_plus_tahoe_novartis_op3_seed47_molholdout_h100_2x_bs4096_200epoch_lustre	/ictstr01/groups/ml01/workspace/artur.szalata/code/chem-perturbridge_lpm/.plib_cache/results/lpm_paper10_all_data_plus_tahoe_novartis_op3_seed47_molholdout_h100_2x_bs4096_200epoch_lustre/LPM_b347c04960ae595d/seed_47/checkpoints/epoch-epoch=0015.ckpt	0.74560571	0.74283755	ok
all_datasets	47	vcpi_0001	Ginkgo VCPI vcpi-0001 (tvc-bhr-009)	lpm_paper10_all_data_plus_tahoe_novartis_op3_seed47_molholdout_h100_2x_bs4096_200epoch_lustre	/ictstr01/groups/ml01/workspace/artur.szalata/code/chem-perturbridge_lpm/.plib_cache/results/lpm_paper10_all_data_plus_tahoe_novartis_op3_seed47_molholdout_h100_2x_bs4096_200epoch_lustre/LPM_b347c04960ae595d/seed_47/checkpoints/epoch-epoch=0159.ckpt	0.55390978	0.57085949	ok
all_datasets	47	vcpi_0002	Ginkgo VCPI vcpi-0002 (tvc-kdl-010)	lpm_paper10_all_data_plus_tahoe_novartis_op3_seed47_molholdout_h100_2x_bs4096_200epoch_lustre	/ictstr01/groups/ml01/workspace/artur.szalata/code/chem-perturbridge_lpm/.plib_cache/results/lpm_paper10_all_data_plus_tahoe_novartis_op3_seed47_molholdout_h100_2x_bs4096_200epoch_lustre/LPM_b347c04960ae595d/seed_47/checkpoints/epoch-epoch=0015.ckpt	0.51070821		ok
scratch_target_only	13	cigs_mce	CIGS MCE	lpm_paper10_scratch_cigs_mce_seed13_molholdout_h100_2x_bs4096_200epoch_lustre	/ictstr01/groups/ml01/workspace/artur.szalata/code/chem-perturbridge_lpm/.plib_cache/results/lpm_paper10_scratch_cigs_mce_seed13_molholdout_h100_2x_bs4096_200epoch_lustre/LPM_1627e7de5ad288b4/seed_13/checkpoints/best-validation-rmse-epoch0020.ckpt	0.58703411	0.57220000	ok
scratch_target_only	13	cigs_tcm	CIGS TCM	lpm_paper10_scratch_cigs_tcm_seed13_molholdout_h100_2x_bs4096_200epoch_lustre	/ictstr01/groups/ml01/workspace/artur.szalata/code/chem-perturbridge_lpm/.plib_cache/results/lpm_paper10_scratch_cigs_tcm_seed13_molholdout_h100_2x_bs4096_200epoch_lustre/LPM_78507308ed947ca6/seed_13/checkpoints/best-validation-rmse-epoch0040.ckpt	0.44870777	0.40810000	ok
scratch_target_only	13	dilimap_train	dilimap_train	lpm_paper10_scratch_dilimap_train_seed13_molholdout_h100_1x_bs4096_200epoch_lustre	/ictstr01/groups/ml01/workspace/artur.szalata/code/chem-perturbridge_lpm/.plib_cache/results/lpm_paper10_scratch_dilimap_train_seed13_molholdout_h100_1x_bs4096_200epoch_lustre/LPM_80c22dac4801950d/seed_13/checkpoints/best-validation-rmse-epoch0199.ckpt	0.58378663	0.60880000	ok
scratch_target_only	13	gdpx2	Ginkgo GDPx2	lpm_paper10_scratch_gdpx2_seed13_molholdout_h100_2x_bs4096_200epoch_lustre	/ictstr01/groups/ml01/workspace/artur.szalata/code/chem-perturbridge_lpm/.plib_cache/results/lpm_paper10_scratch_gdpx2_seed13_molholdout_h100_2x_bs4096_200epoch_lustre/LPM_2c7627599d005a2b/seed_13/checkpoints/best-validation-rmse-epoch0109.ckpt	0.57108151	0.43120000	ok
scratch_target_only	13	lincs_phase1	LINCS_phase1_level3_epsilon	lpm_paper10_scratch_lincs_phase1_seed13_molholdout_h100_2x_bs4096_200epoch_lustre	/ictstr01/groups/ml01/workspace/artur.szalata/code/chem-perturbridge_lpm/.plib_cache/results/lpm_paper10_scratch_lincs_phase1_seed13_molholdout_h100_2x_bs4096_200epoch_lustre/LPM_8a5894aa3c36c9f2/seed_13/checkpoints/best-validation-rmse-epoch0007.ckpt	0.61924252	0.63260000	ok
scratch_target_only	13	lincs_phase2	LINCS_phase2_level3	lpm_paper10_scratch_lincs_phase2_seed13_molholdout_h100_2x_bs4096_200epoch_lustre	/ictstr01/groups/ml01/workspace/artur.szalata/code/chem-perturbridge_lpm/.plib_cache/results/lpm_paper10_scratch_lincs_phase2_seed13_molholdout_h100_2x_bs4096_200epoch_lustre/LPM_519688f6efd3cc2c/seed_13/checkpoints/best-validation-rmse-epoch0006.ckpt	0.47208785	0.48780000	ok
scratch_target_only	13	novartis	Novartis MoABox DRUG-seq	lpm_paper10_scratch_novartis_seed13_molholdout_h100_1x_bs4096_200epoch_lustre	/ictstr01/groups/ml01/workspace/artur.szalata/code/chem-perturbridge_lpm/.plib_cache/results/lpm_paper10_scratch_novartis_seed13_molholdout_h100_1x_bs4096_200epoch_lustre/LPM_4ec072a2e99a007e/seed_13/checkpoints/best-validation-rmse-epoch0035.ckpt	0.67798885	0.54040000	ok
scratch_target_only	13	op3	op3	lpm_paper10_scratch_op3_seed13_molholdout_h100_2x_bs4096_200epoch_lustre	/ictstr01/groups/ml01/workspace/artur.szalata/code/chem-perturbridge_lpm/.plib_cache/results/lpm_paper10_scratch_op3_seed13_molholdout_h100_2x_bs4096_200epoch_lustre/LPM_73dd39a880d7dd25/seed_13/checkpoints/best-validation-rmse-epoch0042.ckpt	0.41782449	0.34720000	ok
scratch_target_only	13	sciplex	srivatsan20_sciplex3	lpm_paper10_scratch_sciplex_seed13_molholdout_h100_2x_bs4096_200epoch_lustre	/ictstr01/groups/ml01/workspace/artur.szalata/code/chem-perturbridge_lpm/.plib_cache/results/lpm_paper10_scratch_sciplex_seed13_molholdout_h100_2x_bs4096_200epoch_lustre/LPM_bd9e95d87de7d9a8/seed_13/checkpoints/best-validation-rmse-epoch0199.ckpt	0.71844327	0.68430000	ok
scratch_target_only	13	tahoe100	tahoe100	lpm_paper10_scratch_tahoe100_seed13_molholdout_h100_2x_bs4096_200epoch_lustre	/ictstr01/groups/ml01/workspace/artur.szalata/code/chem-perturbridge_lpm/.plib_cache/results/lpm_paper10_scratch_tahoe100_seed13_molholdout_h100_2x_bs4096_200epoch_lustre/LPM_9c288dbbb7f9288d/seed_13/checkpoints/best-validation-rmse-epoch0005.ckpt	0.74488725	0.73810000	ok
scratch_target_only	13	vcpi_0001	Ginkgo VCPI vcpi-0001 (tvc-bhr-009)	lpm_paper10_scratch_vcpi_0001_seed13_molholdout_h100_1x_bs4096_200epoch_lustre	/ictstr01/groups/ml01/workspace/artur.szalata/code/chem-perturbridge_lpm/.plib_cache/results/lpm_paper10_scratch_vcpi_0001_seed13_molholdout_h100_1x_bs4096_200epoch_lustre/LPM_c5c4977e30439248/seed_13/checkpoints/best-validation-rmse-epoch0067.ckpt	0.55354558	0.57060000	ok
scratch_target_only	13	vcpi_0002	Ginkgo VCPI vcpi-0002 (tvc-kdl-010)	lpm_paper10_scratch_vcpi_0002_seed13_molholdout_h100_1x_bs4096_200epoch_lustre	/ictstr01/groups/ml01/workspace/artur.szalata/code/chem-perturbridge_lpm/.plib_cache/results/lpm_paper10_scratch_vcpi_0002_seed13_molholdout_h100_1x_bs4096_200epoch_lustre/LPM_0203c331c6be7440/seed_13/checkpoints/best-validation-rmse-epoch0025.ckpt	0.51000524		ok
scratch_target_only	17	cigs_mce	CIGS MCE	lpm_paper10_scratch_cigs_mce_seed17_molholdout_h100_2x_bs4096_200epoch_lustre	/ictstr01/groups/ml01/workspace/artur.szalata/code/chem-perturbridge_lpm/.plib_cache/results/lpm_paper10_scratch_cigs_mce_seed17_molholdout_h100_2x_bs4096_200epoch_lustre/LPM_1627e7de5ad288b4/seed_17/checkpoints/best-validation-rmse-epoch0017.ckpt	0.58727580	0.56940000	ok
scratch_target_only	17	cigs_tcm	CIGS TCM	lpm_paper10_scratch_cigs_tcm_seed17_molholdout_h100_2x_bs4096_200epoch_lustre	/ictstr01/groups/ml01/workspace/artur.szalata/code/chem-perturbridge_lpm/.plib_cache/results/lpm_paper10_scratch_cigs_tcm_seed17_molholdout_h100_2x_bs4096_200epoch_lustre/LPM_78507308ed947ca6/seed_17/checkpoints/best-validation-rmse-epoch0034.ckpt	0.44868088	0.40870000	ok
scratch_target_only	17	dilimap_train	dilimap_train	lpm_paper10_scratch_dilimap_train_seed17_molholdout_h100_1x_bs4096_200epoch_lustre	/ictstr01/groups/ml01/workspace/artur.szalata/code/chem-perturbridge_lpm/.plib_cache/results/lpm_paper10_scratch_dilimap_train_seed17_molholdout_h100_1x_bs4096_200epoch_lustre/LPM_80c22dac4801950d/seed_17/checkpoints/best-validation-rmse-epoch0199.ckpt	0.58329997	0.60700000	ok
scratch_target_only	17	gdpx2	Ginkgo GDPx2	lpm_paper10_scratch_gdpx2_seed17_molholdout_h100_2x_bs4096_200epoch_lustre	/ictstr01/groups/ml01/workspace/artur.szalata/code/chem-perturbridge_lpm/.plib_cache/results/lpm_paper10_scratch_gdpx2_seed17_molholdout_h100_2x_bs4096_200epoch_lustre/LPM_2c7627599d005a2b/seed_17/checkpoints/best-validation-rmse-epoch0123.ckpt	0.57286073	0.43380000	ok
scratch_target_only	17	lincs_phase1	LINCS_phase1_level3_epsilon	lpm_paper10_scratch_lincs_phase1_seed17_molholdout_h100_2x_bs4096_200epoch_lustre	/ictstr01/groups/ml01/workspace/artur.szalata/code/chem-perturbridge_lpm/.plib_cache/results/lpm_paper10_scratch_lincs_phase1_seed17_molholdout_h100_2x_bs4096_200epoch_lustre/LPM_8a5894aa3c36c9f2/seed_17/checkpoints/best-validation-rmse-epoch0003.ckpt	0.62009040	0.63310000	ok
scratch_target_only	17	lincs_phase2	LINCS_phase2_level3	lpm_paper10_scratch_lincs_phase2_seed17_molholdout_h100_2x_bs4096_200epoch_lustre	/ictstr01/groups/ml01/workspace/artur.szalata/code/chem-perturbridge_lpm/.plib_cache/results/lpm_paper10_scratch_lincs_phase2_seed17_molholdout_h100_2x_bs4096_200epoch_lustre/LPM_519688f6efd3cc2c/seed_17/checkpoints/best-validation-rmse-epoch0006.ckpt	0.47186390	0.48900000	ok
scratch_target_only	17	novartis	Novartis MoABox DRUG-seq	lpm_paper10_scratch_novartis_seed17_molholdout_h100_1x_bs4096_200epoch_lustre	/ictstr01/groups/ml01/workspace/artur.szalata/code/chem-perturbridge_lpm/.plib_cache/results/lpm_paper10_scratch_novartis_seed17_molholdout_h100_1x_bs4096_200epoch_lustre/LPM_4ec072a2e99a007e/seed_17/checkpoints/best-validation-rmse-epoch0055.ckpt	0.67843616	0.54070000	ok
scratch_target_only	17	op3	op3	lpm_paper10_scratch_op3_seed17_molholdout_h100_2x_bs4096_200epoch_lustre	/ictstr01/groups/ml01/workspace/artur.szalata/code/chem-perturbridge_lpm/.plib_cache/results/lpm_paper10_scratch_op3_seed17_molholdout_h100_2x_bs4096_200epoch_lustre/LPM_73dd39a880d7dd25/seed_17/checkpoints/best-validation-rmse-epoch0091.ckpt	0.40985970	0.34710000	ok
scratch_target_only	17	sciplex	srivatsan20_sciplex3	lpm_paper10_scratch_sciplex_seed17_molholdout_h100_2x_bs4096_200epoch_lustre	/ictstr01/groups/ml01/workspace/artur.szalata/code/chem-perturbridge_lpm/.plib_cache/results/lpm_paper10_scratch_sciplex_seed17_molholdout_h100_2x_bs4096_200epoch_lustre/LPM_bd9e95d87de7d9a8/seed_17/checkpoints/best-validation-rmse-epoch0178.ckpt	0.71533693	0.68440000	ok
scratch_target_only	17	tahoe100	tahoe100	lpm_paper10_scratch_tahoe100_seed17_molholdout_h100_2x_bs4096_200epoch_lustre	/ictstr01/groups/ml01/workspace/artur.szalata/code/chem-perturbridge_lpm/.plib_cache/results/lpm_paper10_scratch_tahoe100_seed17_molholdout_h100_2x_bs4096_200epoch_lustre/LPM_9c288dbbb7f9288d/seed_17/checkpoints/best-validation-rmse-epoch0004.ckpt	0.74491272	0.73790000	ok
scratch_target_only	17	vcpi_0001	Ginkgo VCPI vcpi-0001 (tvc-bhr-009)	lpm_paper10_scratch_vcpi_0001_seed17_molholdout_h100_1x_bs4096_200epoch_lustre	/ictstr01/groups/ml01/workspace/artur.szalata/code/chem-perturbridge_lpm/.plib_cache/results/lpm_paper10_scratch_vcpi_0001_seed17_molholdout_h100_1x_bs4096_200epoch_lustre/LPM_c5c4977e30439248/seed_17/checkpoints/best-validation-rmse-epoch0016.ckpt	0.55352915	0.57080000	ok
scratch_target_only	17	vcpi_0002	Ginkgo VCPI vcpi-0002 (tvc-kdl-010)	lpm_paper10_scratch_vcpi_0002_seed17_molholdout_h100_1x_bs4096_200epoch_lustre	/ictstr01/groups/ml01/workspace/artur.szalata/code/chem-perturbridge_lpm/.plib_cache/results/lpm_paper10_scratch_vcpi_0002_seed17_molholdout_h100_1x_bs4096_200epoch_lustre/LPM_0203c331c6be7440/seed_17/checkpoints/best-validation-rmse-epoch0035.ckpt	0.51000483		ok
scratch_target_only	19	cigs_mce	CIGS MCE	lpm_paper10_scratch_cigs_mce_seed19_molholdout_h100_2x_bs4096_200epoch_lustre	/ictstr01/groups/ml01/workspace/artur.szalata/code/chem-perturbridge_lpm/.plib_cache/results/lpm_paper10_scratch_cigs_mce_seed19_molholdout_h100_2x_bs4096_200epoch_lustre/LPM_1627e7de5ad288b4/seed_19/checkpoints/best-validation-rmse-epoch0021.ckpt	0.58712145	0.57240000	ok
scratch_target_only	19	cigs_tcm	CIGS TCM	lpm_paper10_scratch_cigs_tcm_seed19_molholdout_h100_2x_bs4096_200epoch_lustre	/ictstr01/groups/ml01/workspace/artur.szalata/code/chem-perturbridge_lpm/.plib_cache/results/lpm_paper10_scratch_cigs_tcm_seed19_molholdout_h100_2x_bs4096_200epoch_lustre/LPM_78507308ed947ca6/seed_19/checkpoints/best-validation-rmse-epoch0040.ckpt	0.44867252	0.40790000	ok
scratch_target_only	19	dilimap_train	dilimap_train	lpm_paper10_scratch_dilimap_train_seed19_molholdout_h100_1x_bs4096_200epoch_lustre	/ictstr01/groups/ml01/workspace/artur.szalata/code/chem-perturbridge_lpm/.plib_cache/results/lpm_paper10_scratch_dilimap_train_seed19_molholdout_h100_1x_bs4096_200epoch_lustre/LPM_80c22dac4801950d/seed_19/checkpoints/best-validation-rmse-epoch0160.ckpt	0.58442563	0.61040000	ok
scratch_target_only	19	gdpx2	Ginkgo GDPx2	lpm_paper10_scratch_gdpx2_seed19_molholdout_h100_2x_bs4096_200epoch_lustre	/ictstr01/groups/ml01/workspace/artur.szalata/code/chem-perturbridge_lpm/.plib_cache/results/lpm_paper10_scratch_gdpx2_seed19_molholdout_h100_2x_bs4096_200epoch_lustre/LPM_2c7627599d005a2b/seed_19/checkpoints/best-validation-rmse-epoch0085.ckpt	0.57004944	0.43830000	ok
scratch_target_only	19	lincs_phase1	LINCS_phase1_level3_epsilon	lpm_paper10_scratch_lincs_phase1_seed19_molholdout_h100_2x_bs4096_200epoch_lustre	/ictstr01/groups/ml01/workspace/artur.szalata/code/chem-perturbridge_lpm/.plib_cache/results/lpm_paper10_scratch_lincs_phase1_seed19_molholdout_h100_2x_bs4096_200epoch_lustre/LPM_8a5894aa3c36c9f2/seed_19/checkpoints/best-validation-rmse-epoch0007.ckpt	0.61912184	0.63520000	ok
scratch_target_only	19	lincs_phase2	LINCS_phase2_level3	lpm_paper10_scratch_lincs_phase2_seed19_molholdout_h100_2x_bs4096_200epoch_lustre	/ictstr01/groups/ml01/workspace/artur.szalata/code/chem-perturbridge_lpm/.plib_cache/results/lpm_paper10_scratch_lincs_phase2_seed19_molholdout_h100_2x_bs4096_200epoch_lustre/LPM_519688f6efd3cc2c/seed_19/checkpoints/best-validation-rmse-epoch0006.ckpt	0.47278201	0.48890000	ok
scratch_target_only	19	novartis	Novartis MoABox DRUG-seq	lpm_paper10_scratch_novartis_seed19_molholdout_h100_1x_bs4096_200epoch_lustre	/ictstr01/groups/ml01/workspace/artur.szalata/code/chem-perturbridge_lpm/.plib_cache/results/lpm_paper10_scratch_novartis_seed19_molholdout_h100_1x_bs4096_200epoch_lustre/LPM_4ec072a2e99a007e/seed_19/checkpoints/best-validation-rmse-epoch0057.ckpt	0.67810583	0.54040000	ok
scratch_target_only	19	op3	op3	lpm_paper10_scratch_op3_seed19_molholdout_h100_2x_bs4096_200epoch_lustre	/ictstr01/groups/ml01/workspace/artur.szalata/code/chem-perturbridge_lpm/.plib_cache/results/lpm_paper10_scratch_op3_seed19_molholdout_h100_2x_bs4096_200epoch_lustre/LPM_73dd39a880d7dd25/seed_19/checkpoints/best-validation-rmse-epoch0027.ckpt	0.41608126	0.34890000	ok
scratch_target_only	19	sciplex	srivatsan20_sciplex3	lpm_paper10_scratch_sciplex_seed19_molholdout_h100_2x_bs4096_200epoch_lustre	/ictstr01/groups/ml01/workspace/artur.szalata/code/chem-perturbridge_lpm/.plib_cache/results/lpm_paper10_scratch_sciplex_seed19_molholdout_h100_2x_bs4096_200epoch_lustre/LPM_bd9e95d87de7d9a8/seed_19/checkpoints/best-validation-rmse-epoch0199.ckpt	0.71489172	0.68420000	ok
scratch_target_only	19	tahoe100	tahoe100	lpm_paper10_scratch_tahoe100_seed19_molholdout_h100_2x_bs4096_200epoch_lustre	/ictstr01/groups/ml01/workspace/artur.szalata/code/chem-perturbridge_lpm/.plib_cache/results/lpm_paper10_scratch_tahoe100_seed19_molholdout_h100_2x_bs4096_200epoch_lustre/LPM_9c288dbbb7f9288d/seed_19/checkpoints/best-validation-rmse-epoch0004.ckpt	0.74467541	0.73770000	ok
scratch_target_only	19	vcpi_0001	Ginkgo VCPI vcpi-0001 (tvc-bhr-009)	lpm_paper10_scratch_vcpi_0001_seed19_molholdout_h100_1x_bs4096_200epoch_lustre	/ictstr01/groups/ml01/workspace/artur.szalata/code/chem-perturbridge_lpm/.plib_cache/results/lpm_paper10_scratch_vcpi_0001_seed19_molholdout_h100_1x_bs4096_200epoch_lustre/LPM_c5c4977e30439248/seed_19/checkpoints/best-validation-rmse-epoch0051.ckpt	0.55352181	0.57070000	ok
scratch_target_only	19	vcpi_0002	Ginkgo VCPI vcpi-0002 (tvc-kdl-010)	lpm_paper10_scratch_vcpi_0002_seed19_molholdout_h100_1x_bs4096_200epoch_lustre	/ictstr01/groups/ml01/workspace/artur.szalata/code/chem-perturbridge_lpm/.plib_cache/results/lpm_paper10_scratch_vcpi_0002_seed19_molholdout_h100_1x_bs4096_200epoch_lustre/LPM_0203c331c6be7440/seed_19/checkpoints/best-validation-rmse-epoch0026.ckpt	0.51003117		ok
scratch_target_only	23	cigs_mce	CIGS MCE	lpm_paper10_scratch_cigs_mce_seed23_molholdout_h100_2x_bs4096_200epoch_lustre	/ictstr01/groups/ml01/workspace/artur.szalata/code/chem-perturbridge_lpm/.plib_cache/results/lpm_paper10_scratch_cigs_mce_seed23_molholdout_h100_2x_bs4096_200epoch_lustre/LPM_1627e7de5ad288b4/seed_23/checkpoints/best-validation-rmse-epoch0017.ckpt	0.58734416	0.57130000	ok
scratch_target_only	23	cigs_tcm	CIGS TCM	lpm_paper10_scratch_cigs_tcm_seed23_molholdout_h100_2x_bs4096_200epoch_lustre	/ictstr01/groups/ml01/workspace/artur.szalata/code/chem-perturbridge_lpm/.plib_cache/results/lpm_paper10_scratch_cigs_tcm_seed23_molholdout_h100_2x_bs4096_200epoch_lustre/LPM_78507308ed947ca6/seed_23/checkpoints/best-validation-rmse-epoch0072.ckpt	0.44824592	0.40780000	ok
scratch_target_only	23	dilimap_train	dilimap_train	lpm_paper10_scratch_dilimap_train_seed23_molholdout_h100_1x_bs4096_200epoch_lustre	/ictstr01/groups/ml01/workspace/artur.szalata/code/chem-perturbridge_lpm/.plib_cache/results/lpm_paper10_scratch_dilimap_train_seed23_molholdout_h100_1x_bs4096_200epoch_lustre/LPM_80c22dac4801950d/seed_23/checkpoints/best-validation-rmse-epoch0119.ckpt	0.58379787	0.61020000	ok
scratch_target_only	23	gdpx2	Ginkgo GDPx2	lpm_paper10_scratch_gdpx2_seed23_molholdout_h100_2x_bs4096_200epoch_lustre	/ictstr01/groups/ml01/workspace/artur.szalata/code/chem-perturbridge_lpm/.plib_cache/results/lpm_paper10_scratch_gdpx2_seed23_molholdout_h100_2x_bs4096_200epoch_lustre/LPM_2c7627599d005a2b/seed_23/checkpoints/best-validation-rmse-epoch0011.ckpt	0.57561629	0.43290000	ok
scratch_target_only	23	lincs_phase1	LINCS_phase1_level3_epsilon	lpm_paper10_scratch_lincs_phase1_seed23_molholdout_h100_2x_bs4096_200epoch_lustre	/ictstr01/groups/ml01/workspace/artur.szalata/code/chem-perturbridge_lpm/.plib_cache/results/lpm_paper10_scratch_lincs_phase1_seed23_molholdout_h100_2x_bs4096_200epoch_lustre/LPM_8a5894aa3c36c9f2/seed_23/checkpoints/best-validation-rmse-epoch0007.ckpt	0.61919380	0.63310000	ok
scratch_target_only	23	lincs_phase2	LINCS_phase2_level3	lpm_paper10_scratch_lincs_phase2_seed23_molholdout_h100_2x_bs4096_200epoch_lustre	/ictstr01/groups/ml01/workspace/artur.szalata/code/chem-perturbridge_lpm/.plib_cache/results/lpm_paper10_scratch_lincs_phase2_seed23_molholdout_h100_2x_bs4096_200epoch_lustre/LPM_519688f6efd3cc2c/seed_23/checkpoints/best-validation-rmse-epoch0005.ckpt	0.47285752	0.48870000	ok
scratch_target_only	23	novartis	Novartis MoABox DRUG-seq	lpm_paper10_scratch_novartis_seed23_molholdout_h100_1x_bs4096_200epoch_lustre	/ictstr01/groups/ml01/workspace/artur.szalata/code/chem-perturbridge_lpm/.plib_cache/results/lpm_paper10_scratch_novartis_seed23_molholdout_h100_1x_bs4096_200epoch_lustre/LPM_4ec072a2e99a007e/seed_23/checkpoints/best-validation-rmse-epoch0042.ckpt	0.67898675	0.54170000	ok
scratch_target_only	23	op3	op3	lpm_paper10_scratch_op3_seed23_molholdout_h100_2x_bs4096_200epoch_lustre	/ictstr01/groups/ml01/workspace/artur.szalata/code/chem-perturbridge_lpm/.plib_cache/results/lpm_paper10_scratch_op3_seed23_molholdout_h100_2x_bs4096_200epoch_lustre/LPM_73dd39a880d7dd25/seed_23/checkpoints/best-validation-rmse-epoch0037.ckpt	0.41573212	0.34660000	ok
scratch_target_only	23	sciplex	srivatsan20_sciplex3	lpm_paper10_scratch_sciplex_seed23_molholdout_h100_2x_bs4096_200epoch_lustre	/ictstr01/groups/ml01/workspace/artur.szalata/code/chem-perturbridge_lpm/.plib_cache/results/lpm_paper10_scratch_sciplex_seed23_molholdout_h100_2x_bs4096_200epoch_lustre/LPM_bd9e95d87de7d9a8/seed_23/checkpoints/best-validation-rmse-epoch0131.ckpt	0.71567641	0.68480000	ok
scratch_target_only	23	tahoe100	tahoe100	lpm_paper10_scratch_tahoe100_seed23_molholdout_h100_2x_bs4096_200epoch_lustre	/ictstr01/groups/ml01/workspace/artur.szalata/code/chem-perturbridge_lpm/.plib_cache/results/lpm_paper10_scratch_tahoe100_seed23_molholdout_h100_2x_bs4096_200epoch_lustre/LPM_9c288dbbb7f9288d/seed_23/checkpoints/best-validation-rmse-epoch0006.ckpt	0.74477750	0.73810000	ok
scratch_target_only	23	vcpi_0001	Ginkgo VCPI vcpi-0001 (tvc-bhr-009)	lpm_paper10_scratch_vcpi_0001_seed23_molholdout_h100_1x_bs4096_200epoch_lustre	/ictstr01/groups/ml01/workspace/artur.szalata/code/chem-perturbridge_lpm/.plib_cache/results/lpm_paper10_scratch_vcpi_0001_seed23_molholdout_h100_1x_bs4096_200epoch_lustre/LPM_c5c4977e30439248/seed_23/checkpoints/best-validation-rmse-epoch0026.ckpt	0.55352636	0.57070000	ok
scratch_target_only	23	vcpi_0002	Ginkgo VCPI vcpi-0002 (tvc-kdl-010)	lpm_paper10_scratch_vcpi_0002_seed23_molholdout_h100_1x_bs4096_200epoch_lustre	/ictstr01/groups/ml01/workspace/artur.szalata/code/chem-perturbridge_lpm/.plib_cache/results/lpm_paper10_scratch_vcpi_0002_seed23_molholdout_h100_1x_bs4096_200epoch_lustre/LPM_0203c331c6be7440/seed_23/checkpoints/best-validation-rmse-epoch0066.ckpt	0.51004719		ok
scratch_target_only	29	cigs_mce	CIGS MCE	lpm_paper10_scratch_cigs_mce_seed29_molholdout_h100_2x_bs4096_200epoch_lustre	/ictstr01/groups/ml01/workspace/artur.szalata/code/chem-perturbridge_lpm/.plib_cache/results/lpm_paper10_scratch_cigs_mce_seed29_molholdout_h100_2x_bs4096_200epoch_lustre/LPM_1627e7de5ad288b4/seed_29/checkpoints/best-validation-rmse-epoch0021.ckpt	0.58734000	0.57460000	ok
scratch_target_only	29	cigs_tcm	CIGS TCM	lpm_paper10_scratch_cigs_tcm_seed29_molholdout_h100_2x_bs4096_200epoch_lustre	/ictstr01/groups/ml01/workspace/artur.szalata/code/chem-perturbridge_lpm/.plib_cache/results/lpm_paper10_scratch_cigs_tcm_seed29_molholdout_h100_2x_bs4096_200epoch_lustre/LPM_78507308ed947ca6/seed_29/checkpoints/best-validation-rmse-epoch0029.ckpt	0.44843502	0.40790000	ok
scratch_target_only	29	dilimap_train	dilimap_train	lpm_paper10_scratch_dilimap_train_seed29_molholdout_h100_1x_bs4096_200epoch_lustre	/ictstr01/groups/ml01/workspace/artur.szalata/code/chem-perturbridge_lpm/.plib_cache/results/lpm_paper10_scratch_dilimap_train_seed29_molholdout_h100_1x_bs4096_200epoch_lustre/LPM_80c22dac4801950d/seed_29/checkpoints/best-validation-rmse-epoch0043.ckpt	0.58409504	0.61110000	ok
scratch_target_only	29	gdpx2	Ginkgo GDPx2	lpm_paper10_scratch_gdpx2_seed29_molholdout_h100_2x_bs4096_200epoch_lustre	/ictstr01/groups/ml01/workspace/artur.szalata/code/chem-perturbridge_lpm/.plib_cache/results/lpm_paper10_scratch_gdpx2_seed29_molholdout_h100_2x_bs4096_200epoch_lustre/LPM_2c7627599d005a2b/seed_29/checkpoints/best-validation-rmse-epoch0011.ckpt	0.57544251	0.43270000	ok
scratch_target_only	29	lincs_phase1	LINCS_phase1_level3_epsilon	lpm_paper10_scratch_lincs_phase1_seed29_molholdout_h100_2x_bs4096_200epoch_lustre	/ictstr01/groups/ml01/workspace/artur.szalata/code/chem-perturbridge_lpm/.plib_cache/results/lpm_paper10_scratch_lincs_phase1_seed29_molholdout_h100_2x_bs4096_200epoch_lustre/LPM_8a5894aa3c36c9f2/seed_29/checkpoints/best-validation-rmse-epoch0007.ckpt	0.62035089	0.63320000	ok
scratch_target_only	29	lincs_phase2	LINCS_phase2_level3	lpm_paper10_scratch_lincs_phase2_seed29_molholdout_h100_2x_bs4096_200epoch_lustre	/ictstr01/groups/ml01/workspace/artur.szalata/code/chem-perturbridge_lpm/.plib_cache/results/lpm_paper10_scratch_lincs_phase2_seed29_molholdout_h100_2x_bs4096_200epoch_lustre/LPM_519688f6efd3cc2c/seed_29/checkpoints/best-validation-rmse-epoch0006.ckpt	0.47268497	0.48820000	ok
scratch_target_only	29	novartis	Novartis MoABox DRUG-seq	lpm_paper10_scratch_novartis_seed29_molholdout_h100_1x_bs4096_200epoch_lustre	/ictstr01/groups/ml01/workspace/artur.szalata/code/chem-perturbridge_lpm/.plib_cache/results/lpm_paper10_scratch_novartis_seed29_molholdout_h100_1x_bs4096_200epoch_lustre/LPM_4ec072a2e99a007e/seed_29/checkpoints/best-validation-rmse-epoch0171.ckpt	0.67748864	0.54030000	ok
scratch_target_only	29	op3	op3	lpm_paper10_scratch_op3_seed29_molholdout_h100_2x_bs4096_200epoch_lustre	/ictstr01/groups/ml01/workspace/artur.szalata/code/chem-perturbridge_lpm/.plib_cache/results/lpm_paper10_scratch_op3_seed29_molholdout_h100_2x_bs4096_200epoch_lustre/LPM_73dd39a880d7dd25/seed_29/checkpoints/best-validation-rmse-epoch0034.ckpt	0.41636534	0.35010000	ok
scratch_target_only	29	sciplex	srivatsan20_sciplex3	lpm_paper10_scratch_sciplex_seed29_molholdout_h100_2x_bs4096_200epoch_lustre	/ictstr01/groups/ml01/workspace/artur.szalata/code/chem-perturbridge_lpm/.plib_cache/results/lpm_paper10_scratch_sciplex_seed29_molholdout_h100_2x_bs4096_200epoch_lustre/LPM_bd9e95d87de7d9a8/seed_29/checkpoints/best-validation-rmse-epoch0199.ckpt	0.71586270	0.68560000	ok
scratch_target_only	29	tahoe100	tahoe100	lpm_paper10_scratch_tahoe100_seed29_molholdout_h100_2x_bs4096_200epoch_lustre	/ictstr01/groups/ml01/workspace/artur.szalata/code/chem-perturbridge_lpm/.plib_cache/results/lpm_paper10_scratch_tahoe100_seed29_molholdout_h100_2x_bs4096_200epoch_lustre/LPM_9c288dbbb7f9288d/seed_29/checkpoints/best-validation-rmse-epoch0006.ckpt	0.74455302	0.73800000	ok
scratch_target_only	29	vcpi_0001	Ginkgo VCPI vcpi-0001 (tvc-bhr-009)	lpm_paper10_scratch_vcpi_0001_seed29_molholdout_h100_1x_bs4096_200epoch_lustre	/ictstr01/groups/ml01/workspace/artur.szalata/code/chem-perturbridge_lpm/.plib_cache/results/lpm_paper10_scratch_vcpi_0001_seed29_molholdout_h100_1x_bs4096_200epoch_lustre/LPM_c5c4977e30439248/seed_29/checkpoints/best-validation-rmse-epoch0023.ckpt	0.55344962	0.57080000	ok
scratch_target_only	29	vcpi_0002	Ginkgo VCPI vcpi-0002 (tvc-kdl-010)	lpm_paper10_scratch_vcpi_0002_seed29_molholdout_h100_1x_bs4096_200epoch_lustre	/ictstr01/groups/ml01/workspace/artur.szalata/code/chem-perturbridge_lpm/.plib_cache/results/lpm_paper10_scratch_vcpi_0002_seed29_molholdout_h100_1x_bs4096_200epoch_lustre/LPM_0203c331c6be7440/seed_29/checkpoints/best-validation-rmse-epoch0042.ckpt	0.51007038		ok
scratch_target_only	31	cigs_mce	CIGS MCE	lpm_paper10_scratch_cigs_mce_seed31_molholdout_h100_2x_bs4096_200epoch_lustre	/ictstr01/groups/ml01/workspace/artur.szalata/code/chem-perturbridge_lpm/.plib_cache/results/lpm_paper10_scratch_cigs_mce_seed31_molholdout_h100_2x_bs4096_200epoch_lustre/LPM_1627e7de5ad288b4/seed_31/checkpoints/best-validation-rmse-epoch0021.ckpt	0.58743840	0.56890000	ok
scratch_target_only	31	cigs_tcm	CIGS TCM	lpm_paper10_scratch_cigs_tcm_seed31_molholdout_h100_2x_bs4096_200epoch_lustre	/ictstr01/groups/ml01/workspace/artur.szalata/code/chem-perturbridge_lpm/.plib_cache/results/lpm_paper10_scratch_cigs_tcm_seed31_molholdout_h100_2x_bs4096_200epoch_lustre/LPM_78507308ed947ca6/seed_31/checkpoints/best-validation-rmse-epoch0033.ckpt	0.44862369	0.40790000	ok
scratch_target_only	31	dilimap_train	dilimap_train	lpm_paper10_scratch_dilimap_train_seed31_molholdout_h100_1x_bs4096_200epoch_lustre	/ictstr01/groups/ml01/workspace/artur.szalata/code/chem-perturbridge_lpm/.plib_cache/results/lpm_paper10_scratch_dilimap_train_seed31_molholdout_h100_1x_bs4096_200epoch_lustre/LPM_80c22dac4801950d/seed_31/checkpoints/best-validation-rmse-epoch0199.ckpt	0.57790948	0.60920000	ok
scratch_target_only	31	gdpx2	Ginkgo GDPx2	lpm_paper10_scratch_gdpx2_seed31_molholdout_h100_2x_bs4096_200epoch_lustre	/ictstr01/groups/ml01/workspace/artur.szalata/code/chem-perturbridge_lpm/.plib_cache/results/lpm_paper10_scratch_gdpx2_seed31_molholdout_h100_2x_bs4096_200epoch_lustre/LPM_2c7627599d005a2b/seed_31/checkpoints/best-validation-rmse-epoch0025.ckpt	0.57308834	0.43620000	ok
scratch_target_only	31	lincs_phase1	LINCS_phase1_level3_epsilon	lpm_paper10_scratch_lincs_phase1_seed31_molholdout_h100_2x_bs4096_200epoch_lustre	/ictstr01/groups/ml01/workspace/artur.szalata/code/chem-perturbridge_lpm/.plib_cache/results/lpm_paper10_scratch_lincs_phase1_seed31_molholdout_h100_2x_bs4096_200epoch_lustre/LPM_8a5894aa3c36c9f2/seed_31/checkpoints/best-validation-rmse-epoch0007.ckpt	0.61808517	0.63010000	ok
scratch_target_only	31	lincs_phase2	LINCS_phase2_level3	lpm_paper10_scratch_lincs_phase2_seed31_molholdout_h100_2x_bs4096_200epoch_lustre	/ictstr01/groups/ml01/workspace/artur.szalata/code/chem-perturbridge_lpm/.plib_cache/results/lpm_paper10_scratch_lincs_phase2_seed31_molholdout_h100_2x_bs4096_200epoch_lustre/LPM_519688f6efd3cc2c/seed_31/checkpoints/best-validation-rmse-epoch0004.ckpt	0.47301303	0.48890000	ok
scratch_target_only	31	novartis	Novartis MoABox DRUG-seq	lpm_paper10_scratch_novartis_seed31_molholdout_h100_1x_bs4096_200epoch_lustre	/ictstr01/groups/ml01/workspace/artur.szalata/code/chem-perturbridge_lpm/.plib_cache/results/lpm_paper10_scratch_novartis_seed31_molholdout_h100_1x_bs4096_200epoch_lustre/LPM_4ec072a2e99a007e/seed_31/checkpoints/best-validation-rmse-epoch0108.ckpt	0.67694414	0.54070000	ok
scratch_target_only	31	op3	op3	lpm_paper10_scratch_op3_seed31_molholdout_h100_2x_bs4096_200epoch_lustre	/ictstr01/groups/ml01/workspace/artur.szalata/code/chem-perturbridge_lpm/.plib_cache/results/lpm_paper10_scratch_op3_seed31_molholdout_h100_2x_bs4096_200epoch_lustre/LPM_73dd39a880d7dd25/seed_31/checkpoints/best-validation-rmse-epoch0047.ckpt	0.41103112	0.34730000	ok
scratch_target_only	31	sciplex	srivatsan20_sciplex3	lpm_paper10_scratch_sciplex_seed31_molholdout_h100_2x_bs4096_200epoch_lustre	/ictstr01/groups/ml01/workspace/artur.szalata/code/chem-perturbridge_lpm/.plib_cache/results/lpm_paper10_scratch_sciplex_seed31_molholdout_h100_2x_bs4096_200epoch_lustre/LPM_bd9e95d87de7d9a8/seed_31/checkpoints/best-validation-rmse-epoch0082.ckpt	0.71477267	0.68490000	ok
scratch_target_only	31	tahoe100	tahoe100	lpm_paper10_scratch_tahoe100_seed31_molholdout_h100_2x_bs4096_200epoch_lustre	/ictstr01/groups/ml01/workspace/artur.szalata/code/chem-perturbridge_lpm/.plib_cache/results/lpm_paper10_scratch_tahoe100_seed31_molholdout_h100_2x_bs4096_200epoch_lustre/LPM_9c288dbbb7f9288d/seed_31/checkpoints/best-validation-rmse-epoch0008.ckpt	0.74502105	0.73770000	ok
scratch_target_only	31	vcpi_0001	Ginkgo VCPI vcpi-0001 (tvc-bhr-009)	lpm_paper10_scratch_vcpi_0001_seed31_molholdout_h100_1x_bs4096_200epoch_lustre	/ictstr01/groups/ml01/workspace/artur.szalata/code/chem-perturbridge_lpm/.plib_cache/results/lpm_paper10_scratch_vcpi_0001_seed31_molholdout_h100_1x_bs4096_200epoch_lustre/LPM_c5c4977e30439248/seed_31/checkpoints/best-validation-rmse-epoch0010.ckpt	0.55353197	0.57070000	ok
scratch_target_only	31	vcpi_0002	Ginkgo VCPI vcpi-0002 (tvc-kdl-010)	lpm_paper10_scratch_vcpi_0002_seed31_molholdout_h100_1x_bs4096_200epoch_lustre	/ictstr01/groups/ml01/workspace/artur.szalata/code/chem-perturbridge_lpm/.plib_cache/results/lpm_paper10_scratch_vcpi_0002_seed31_molholdout_h100_1x_bs4096_200epoch_lustre/LPM_0203c331c6be7440/seed_31/checkpoints/best-validation-rmse-epoch0026.ckpt	0.50999381		ok
scratch_target_only	37	cigs_mce	CIGS MCE	lpm_paper10_scratch_cigs_mce_seed37_molholdout_h100_2x_bs4096_200epoch_lustre	/ictstr01/groups/ml01/workspace/artur.szalata/code/chem-perturbridge_lpm/.plib_cache/results/lpm_paper10_scratch_cigs_mce_seed37_molholdout_h100_2x_bs4096_200epoch_lustre/LPM_1627e7de5ad288b4/seed_37/checkpoints/best-validation-rmse-epoch0033.ckpt	0.58699286	0.57410000	ok
scratch_target_only	37	cigs_tcm	CIGS TCM	lpm_paper10_scratch_cigs_tcm_seed37_molholdout_h100_2x_bs4096_200epoch_lustre	/ictstr01/groups/ml01/workspace/artur.szalata/code/chem-perturbridge_lpm/.plib_cache/results/lpm_paper10_scratch_cigs_tcm_seed37_molholdout_h100_2x_bs4096_200epoch_lustre/LPM_78507308ed947ca6/seed_37/checkpoints/best-validation-rmse-epoch0054.ckpt	0.44851835	0.40800000	ok
scratch_target_only	37	dilimap_train	dilimap_train	lpm_paper10_scratch_dilimap_train_seed37_molholdout_h100_1x_bs4096_200epoch_lustre	/ictstr01/groups/ml01/workspace/artur.szalata/code/chem-perturbridge_lpm/.plib_cache/results/lpm_paper10_scratch_dilimap_train_seed37_molholdout_h100_1x_bs4096_200epoch_lustre/LPM_80c22dac4801950d/seed_37/checkpoints/best-validation-rmse-epoch0199.ckpt	0.58402470	0.60900000	ok
scratch_target_only	37	gdpx2	Ginkgo GDPx2	lpm_paper10_scratch_gdpx2_seed37_molholdout_h100_2x_bs4096_200epoch_lustre	/ictstr01/groups/ml01/workspace/artur.szalata/code/chem-perturbridge_lpm/.plib_cache/results/lpm_paper10_scratch_gdpx2_seed37_molholdout_h100_2x_bs4096_200epoch_lustre/LPM_2c7627599d005a2b/seed_37/checkpoints/best-validation-rmse-epoch0012.ckpt	0.57426241	0.43270000	ok
scratch_target_only	37	lincs_phase1	LINCS_phase1_level3_epsilon	lpm_paper10_scratch_lincs_phase1_seed37_molholdout_h100_2x_bs4096_200epoch_lustre	/ictstr01/groups/ml01/workspace/artur.szalata/code/chem-perturbridge_lpm/.plib_cache/results/lpm_paper10_scratch_lincs_phase1_seed37_molholdout_h100_2x_bs4096_200epoch_lustre/LPM_8a5894aa3c36c9f2/seed_37/checkpoints/best-validation-rmse-epoch0005.ckpt	0.62020249	0.63310000	ok
scratch_target_only	37	lincs_phase2	LINCS_phase2_level3	lpm_paper10_scratch_lincs_phase2_seed37_molholdout_h100_2x_bs4096_200epoch_lustre	/ictstr01/groups/ml01/workspace/artur.szalata/code/chem-perturbridge_lpm/.plib_cache/results/lpm_paper10_scratch_lincs_phase2_seed37_molholdout_h100_2x_bs4096_200epoch_lustre/LPM_519688f6efd3cc2c/seed_37/checkpoints/best-validation-rmse-epoch0005.ckpt	0.47255847	0.48870000	ok
scratch_target_only	37	novartis	Novartis MoABox DRUG-seq	lpm_paper10_scratch_novartis_seed37_molholdout_h100_1x_bs4096_200epoch_lustre	/ictstr01/groups/ml01/workspace/artur.szalata/code/chem-perturbridge_lpm/.plib_cache/results/lpm_paper10_scratch_novartis_seed37_molholdout_h100_1x_bs4096_200epoch_lustre/LPM_4ec072a2e99a007e/seed_37/checkpoints/best-validation-rmse-epoch0042.ckpt	0.67857498	0.54110000	ok
scratch_target_only	37	op3	op3	lpm_paper10_scratch_op3_seed37_molholdout_h100_2x_bs4096_200epoch_lustre	/ictstr01/groups/ml01/workspace/artur.szalata/code/chem-perturbridge_lpm/.plib_cache/results/lpm_paper10_scratch_op3_seed37_molholdout_h100_2x_bs4096_200epoch_lustre/LPM_73dd39a880d7dd25/seed_37/checkpoints/best-validation-rmse-epoch0064.ckpt	0.41687453	0.34740000	ok
scratch_target_only	37	sciplex	srivatsan20_sciplex3	lpm_paper10_scratch_sciplex_seed37_molholdout_h100_2x_bs4096_200epoch_lustre	/ictstr01/groups/ml01/workspace/artur.szalata/code/chem-perturbridge_lpm/.plib_cache/results/lpm_paper10_scratch_sciplex_seed37_molholdout_h100_2x_bs4096_200epoch_lustre/LPM_bd9e95d87de7d9a8/seed_37/checkpoints/best-validation-rmse-epoch0198.ckpt	0.71614837	0.68410000	ok
scratch_target_only	37	tahoe100	tahoe100	lpm_paper10_scratch_tahoe100_seed37_molholdout_h100_2x_bs4096_200epoch_lustre	/ictstr01/groups/ml01/workspace/artur.szalata/code/chem-perturbridge_lpm/.plib_cache/results/lpm_paper10_scratch_tahoe100_seed37_molholdout_h100_2x_bs4096_200epoch_lustre/LPM_9c288dbbb7f9288d/seed_37/checkpoints/best-validation-rmse-epoch0005.ckpt	0.74485701	0.73810000	ok
scratch_target_only	37	vcpi_0001	Ginkgo VCPI vcpi-0001 (tvc-bhr-009)	lpm_paper10_scratch_vcpi_0001_seed37_molholdout_h100_1x_bs4096_200epoch_lustre	/ictstr01/groups/ml01/workspace/artur.szalata/code/chem-perturbridge_lpm/.plib_cache/results/lpm_paper10_scratch_vcpi_0001_seed37_molholdout_h100_1x_bs4096_200epoch_lustre/LPM_c5c4977e30439248/seed_37/checkpoints/best-validation-rmse-epoch0023.ckpt	0.55348783	0.57080000	ok
scratch_target_only	37	vcpi_0002	Ginkgo VCPI vcpi-0002 (tvc-kdl-010)	lpm_paper10_scratch_vcpi_0002_seed37_molholdout_h100_1x_bs4096_200epoch_lustre	/ictstr01/groups/ml01/workspace/artur.szalata/code/chem-perturbridge_lpm/.plib_cache/results/lpm_paper10_scratch_vcpi_0002_seed37_molholdout_h100_1x_bs4096_200epoch_lustre/LPM_0203c331c6be7440/seed_37/checkpoints/best-validation-rmse-epoch0041.ckpt	0.50997119		ok
scratch_target_only	41	cigs_mce	CIGS MCE	lpm_paper10_scratch_cigs_mce_seed41_molholdout_h100_2x_bs4096_200epoch_lustre	/ictstr01/groups/ml01/workspace/artur.szalata/code/chem-perturbridge_lpm/.plib_cache/results/lpm_paper10_scratch_cigs_mce_seed41_molholdout_h100_2x_bs4096_200epoch_lustre/LPM_1627e7de5ad288b4/seed_41/checkpoints/best-validation-rmse-epoch0017.ckpt	0.58766783	0.57120000	ok
scratch_target_only	41	cigs_tcm	CIGS TCM	lpm_paper10_scratch_cigs_tcm_seed41_molholdout_h100_2x_bs4096_200epoch_lustre	/ictstr01/groups/ml01/workspace/artur.szalata/code/chem-perturbridge_lpm/.plib_cache/results/lpm_paper10_scratch_cigs_tcm_seed41_molholdout_h100_2x_bs4096_200epoch_lustre/LPM_78507308ed947ca6/seed_41/checkpoints/best-validation-rmse-epoch0028.ckpt	0.44852491	0.40820000	ok
scratch_target_only	41	dilimap_train	dilimap_train	lpm_paper10_scratch_dilimap_train_seed41_molholdout_h100_1x_bs4096_200epoch_lustre	/ictstr01/groups/ml01/workspace/artur.szalata/code/chem-perturbridge_lpm/.plib_cache/results/lpm_paper10_scratch_dilimap_train_seed41_molholdout_h100_1x_bs4096_200epoch_lustre/LPM_80c22dac4801950d/seed_41/checkpoints/best-validation-rmse-epoch0096.ckpt	0.58301821	0.61110000	ok
scratch_target_only	41	gdpx2	Ginkgo GDPx2	lpm_paper10_scratch_gdpx2_seed41_molholdout_h100_2x_bs4096_200epoch_lustre	/ictstr01/groups/ml01/workspace/artur.szalata/code/chem-perturbridge_lpm/.plib_cache/results/lpm_paper10_scratch_gdpx2_seed41_molholdout_h100_2x_bs4096_200epoch_lustre/LPM_2c7627599d005a2b/seed_41/checkpoints/best-validation-rmse-epoch0033.ckpt	0.56662447	0.43490000	ok
scratch_target_only	41	lincs_phase1	LINCS_phase1_level3_epsilon	lpm_paper10_scratch_lincs_phase1_seed41_molholdout_h100_2x_bs4096_200epoch_lustre	/ictstr01/groups/ml01/workspace/artur.szalata/code/chem-perturbridge_lpm/.plib_cache/results/lpm_paper10_scratch_lincs_phase1_seed41_molholdout_h100_2x_bs4096_200epoch_lustre/LPM_8a5894aa3c36c9f2/seed_41/checkpoints/best-validation-rmse-epoch0006.ckpt	0.61826869	0.63090000	ok
scratch_target_only	41	lincs_phase2	LINCS_phase2_level3	lpm_paper10_scratch_lincs_phase2_seed41_molholdout_h100_2x_bs4096_200epoch_lustre	/ictstr01/groups/ml01/workspace/artur.szalata/code/chem-perturbridge_lpm/.plib_cache/results/lpm_paper10_scratch_lincs_phase2_seed41_molholdout_h100_2x_bs4096_200epoch_lustre/LPM_519688f6efd3cc2c/seed_41/checkpoints/best-validation-rmse-epoch0005.ckpt	0.47261734	0.48850000	ok
scratch_target_only	41	novartis	Novartis MoABox DRUG-seq	lpm_paper10_scratch_novartis_seed41_molholdout_h100_1x_bs4096_200epoch_lustre	/ictstr01/groups/ml01/workspace/artur.szalata/code/chem-perturbridge_lpm/.plib_cache/results/lpm_paper10_scratch_novartis_seed41_molholdout_h100_1x_bs4096_200epoch_lustre/LPM_4ec072a2e99a007e/seed_41/checkpoints/best-validation-rmse-epoch0041.ckpt	0.67780313	0.54090000	ok
scratch_target_only	41	op3	op3	lpm_paper10_scratch_op3_seed41_molholdout_h100_2x_bs4096_200epoch_lustre	/ictstr01/groups/ml01/workspace/artur.szalata/code/chem-perturbridge_lpm/.plib_cache/results/lpm_paper10_scratch_op3_seed41_molholdout_h100_2x_bs4096_200epoch_lustre/LPM_73dd39a880d7dd25/seed_41/checkpoints/best-validation-rmse-epoch0023.ckpt	0.42161152	0.34760000	ok
scratch_target_only	41	sciplex	srivatsan20_sciplex3	lpm_paper10_scratch_sciplex_seed41_molholdout_h100_2x_bs4096_200epoch_lustre	/ictstr01/groups/ml01/workspace/artur.szalata/code/chem-perturbridge_lpm/.plib_cache/results/lpm_paper10_scratch_sciplex_seed41_molholdout_h100_2x_bs4096_200epoch_lustre/LPM_bd9e95d87de7d9a8/seed_41/checkpoints/best-validation-rmse-epoch0150.ckpt	0.71437500	0.68410000	ok
scratch_target_only	41	tahoe100	tahoe100	lpm_paper10_scratch_tahoe100_seed41_molholdout_h100_2x_bs4096_200epoch_lustre	/ictstr01/groups/ml01/workspace/artur.szalata/code/chem-perturbridge_lpm/.plib_cache/results/lpm_paper10_scratch_tahoe100_seed41_molholdout_h100_2x_bs4096_200epoch_lustre/LPM_9c288dbbb7f9288d/seed_41/checkpoints/best-validation-rmse-epoch0008.ckpt	0.74458078	0.73760000	ok
scratch_target_only	41	vcpi_0001	Ginkgo VCPI vcpi-0001 (tvc-bhr-009)	lpm_paper10_scratch_vcpi_0001_seed41_molholdout_h100_1x_bs4096_200epoch_lustre	/ictstr01/groups/ml01/workspace/artur.szalata/code/chem-perturbridge_lpm/.plib_cache/results/lpm_paper10_scratch_vcpi_0001_seed41_molholdout_h100_1x_bs4096_200epoch_lustre/LPM_c5c4977e30439248/seed_41/checkpoints/best-validation-rmse-epoch0016.ckpt	0.55351885	0.57070000	ok
scratch_target_only	41	vcpi_0002	Ginkgo VCPI vcpi-0002 (tvc-kdl-010)	lpm_paper10_scratch_vcpi_0002_seed41_molholdout_h100_1x_bs4096_200epoch_lustre	/ictstr01/groups/ml01/workspace/artur.szalata/code/chem-perturbridge_lpm/.plib_cache/results/lpm_paper10_scratch_vcpi_0002_seed41_molholdout_h100_1x_bs4096_200epoch_lustre/LPM_0203c331c6be7440/seed_41/checkpoints/best-validation-rmse-epoch0025.ckpt	0.51008383		ok
scratch_target_only	43	cigs_mce	CIGS MCE	lpm_paper10_scratch_cigs_mce_seed43_molholdout_h100_2x_bs4096_200epoch_lustre	/ictstr01/groups/ml01/workspace/artur.szalata/code/chem-perturbridge_lpm/.plib_cache/results/lpm_paper10_scratch_cigs_mce_seed43_molholdout_h100_2x_bs4096_200epoch_lustre/LPM_1627e7de5ad288b4/seed_43/checkpoints/best-validation-rmse-epoch0021.ckpt	0.58731267	0.57000000	ok
scratch_target_only	43	cigs_tcm	CIGS TCM	lpm_paper10_scratch_cigs_tcm_seed43_molholdout_h100_2x_bs4096_200epoch_lustre	/ictstr01/groups/ml01/workspace/artur.szalata/code/chem-perturbridge_lpm/.plib_cache/results/lpm_paper10_scratch_cigs_tcm_seed43_molholdout_h100_2x_bs4096_200epoch_lustre/LPM_78507308ed947ca6/seed_43/checkpoints/best-validation-rmse-epoch0067.ckpt	0.44843813	0.40800000	ok
scratch_target_only	43	dilimap_train	dilimap_train	lpm_paper10_scratch_dilimap_train_seed43_molholdout_h100_1x_bs4096_200epoch_lustre	/ictstr01/groups/ml01/workspace/artur.szalata/code/chem-perturbridge_lpm/.plib_cache/results/lpm_paper10_scratch_dilimap_train_seed43_molholdout_h100_1x_bs4096_200epoch_lustre/LPM_80c22dac4801950d/seed_43/checkpoints/best-validation-rmse-epoch0199.ckpt	0.58186761	0.61050000	ok
scratch_target_only	43	gdpx2	Ginkgo GDPx2	lpm_paper10_scratch_gdpx2_seed43_molholdout_h100_2x_bs4096_200epoch_lustre	/ictstr01/groups/ml01/workspace/artur.szalata/code/chem-perturbridge_lpm/.plib_cache/results/lpm_paper10_scratch_gdpx2_seed43_molholdout_h100_2x_bs4096_200epoch_lustre/LPM_2c7627599d005a2b/seed_43/checkpoints/best-validation-rmse-epoch0132.ckpt	0.57361315	0.42720000	ok
scratch_target_only	43	lincs_phase1	LINCS_phase1_level3_epsilon	lpm_paper10_scratch_lincs_phase1_seed43_molholdout_h100_2x_bs4096_200epoch_lustre	/ictstr01/groups/ml01/workspace/artur.szalata/code/chem-perturbridge_lpm/.plib_cache/results/lpm_paper10_scratch_lincs_phase1_seed43_molholdout_h100_2x_bs4096_200epoch_lustre/LPM_8a5894aa3c36c9f2/seed_43/checkpoints/best-validation-rmse-epoch0008.ckpt	0.61842476	0.63250000	ok
scratch_target_only	43	lincs_phase2	LINCS_phase2_level3	lpm_paper10_scratch_lincs_phase2_seed43_molholdout_h100_2x_bs4096_200epoch_lustre	/ictstr01/groups/ml01/workspace/artur.szalata/code/chem-perturbridge_lpm/.plib_cache/results/lpm_paper10_scratch_lincs_phase2_seed43_molholdout_h100_2x_bs4096_200epoch_lustre/LPM_519688f6efd3cc2c/seed_43/checkpoints/best-validation-rmse-epoch0009.ckpt	0.47246012	0.48830000	ok
scratch_target_only	43	novartis	Novartis MoABox DRUG-seq	lpm_paper10_scratch_novartis_seed43_molholdout_h100_1x_bs4096_200epoch_lustre	/ictstr01/groups/ml01/workspace/artur.szalata/code/chem-perturbridge_lpm/.plib_cache/results/lpm_paper10_scratch_novartis_seed43_molholdout_h100_1x_bs4096_200epoch_lustre/LPM_4ec072a2e99a007e/seed_43/checkpoints/best-validation-rmse-epoch0043.ckpt	0.67905237	0.54180000	ok
scratch_target_only	43	op3	op3	lpm_paper10_scratch_op3_seed43_molholdout_h100_2x_bs4096_200epoch_lustre	/ictstr01/groups/ml01/workspace/artur.szalata/code/chem-perturbridge_lpm/.plib_cache/results/lpm_paper10_scratch_op3_seed43_molholdout_h100_2x_bs4096_200epoch_lustre/LPM_73dd39a880d7dd25/seed_43/checkpoints/best-validation-rmse-epoch0045.ckpt	0.41765766	0.34730000	ok
scratch_target_only	43	sciplex	srivatsan20_sciplex3	lpm_paper10_scratch_sciplex_seed43_molholdout_h100_2x_bs4096_200epoch_lustre	/ictstr01/groups/ml01/workspace/artur.szalata/code/chem-perturbridge_lpm/.plib_cache/results/lpm_paper10_scratch_sciplex_seed43_molholdout_h100_2x_bs4096_200epoch_lustre/LPM_bd9e95d87de7d9a8/seed_43/checkpoints/best-validation-rmse-epoch0199.ckpt	0.71475234	0.68380000	ok
scratch_target_only	43	tahoe100	tahoe100	lpm_paper10_scratch_tahoe100_seed43_molholdout_h100_2x_bs4096_200epoch_lustre	/ictstr01/groups/ml01/workspace/artur.szalata/code/chem-perturbridge_lpm/.plib_cache/results/lpm_paper10_scratch_tahoe100_seed43_molholdout_h100_2x_bs4096_200epoch_lustre/LPM_9c288dbbb7f9288d/seed_43/checkpoints/best-validation-rmse-epoch0011.ckpt	0.74425594	0.73810000	ok
scratch_target_only	43	vcpi_0001	Ginkgo VCPI vcpi-0001 (tvc-bhr-009)	lpm_paper10_scratch_vcpi_0001_seed43_molholdout_h100_1x_bs4096_200epoch_lustre	/ictstr01/groups/ml01/workspace/artur.szalata/code/chem-perturbridge_lpm/.plib_cache/results/lpm_paper10_scratch_vcpi_0001_seed43_molholdout_h100_1x_bs4096_200epoch_lustre/LPM_c5c4977e30439248/seed_43/checkpoints/best-validation-rmse-epoch0023.ckpt	0.55345077	0.57070000	ok
scratch_target_only	43	vcpi_0002	Ginkgo VCPI vcpi-0002 (tvc-kdl-010)	lpm_paper10_scratch_vcpi_0002_seed43_molholdout_h100_1x_bs4096_200epoch_lustre	/ictstr01/groups/ml01/workspace/artur.szalata/code/chem-perturbridge_lpm/.plib_cache/results/lpm_paper10_scratch_vcpi_0002_seed43_molholdout_h100_1x_bs4096_200epoch_lustre/LPM_0203c331c6be7440/seed_43/checkpoints/best-validation-rmse-epoch0034.ckpt	0.51007234		ok
scratch_target_only	47	cigs_mce	CIGS MCE	lpm_paper10_scratch_cigs_mce_seed47_molholdout_h100_2x_bs4096_200epoch_lustre	/ictstr01/groups/ml01/workspace/artur.szalata/code/chem-perturbridge_lpm/.plib_cache/results/lpm_paper10_scratch_cigs_mce_seed47_molholdout_h100_2x_bs4096_200epoch_lustre/LPM_1627e7de5ad288b4/seed_47/checkpoints/best-validation-rmse-epoch0019.ckpt	0.58734749	0.56970000	ok
scratch_target_only	47	cigs_tcm	CIGS TCM	lpm_paper10_scratch_cigs_tcm_seed47_molholdout_h100_2x_bs4096_200epoch_lustre	/ictstr01/groups/ml01/workspace/artur.szalata/code/chem-perturbridge_lpm/.plib_cache/results/lpm_paper10_scratch_cigs_tcm_seed47_molholdout_h100_2x_bs4096_200epoch_lustre/LPM_78507308ed947ca6/seed_47/checkpoints/best-validation-rmse-epoch0033.ckpt	0.44848293	0.40800000	ok
scratch_target_only	47	dilimap_train	dilimap_train	lpm_paper10_scratch_dilimap_train_seed47_molholdout_h100_1x_bs4096_200epoch_lustre	/ictstr01/groups/ml01/workspace/artur.szalata/code/chem-perturbridge_lpm/.plib_cache/results/lpm_paper10_scratch_dilimap_train_seed47_molholdout_h100_1x_bs4096_200epoch_lustre/LPM_80c22dac4801950d/seed_47/checkpoints/best-validation-rmse-epoch0199.ckpt	0.58294036	0.60800000	ok
scratch_target_only	47	gdpx2	Ginkgo GDPx2	lpm_paper10_scratch_gdpx2_seed47_molholdout_h100_2x_bs4096_200epoch_lustre	/ictstr01/groups/ml01/workspace/artur.szalata/code/chem-perturbridge_lpm/.plib_cache/results/lpm_paper10_scratch_gdpx2_seed47_molholdout_h100_2x_bs4096_200epoch_lustre/LPM_2c7627599d005a2b/seed_47/checkpoints/best-validation-rmse-epoch0016.ckpt	0.57251221	0.43080000	ok
scratch_target_only	47	lincs_phase1	LINCS_phase1_level3_epsilon	lpm_paper10_scratch_lincs_phase1_seed47_molholdout_h100_2x_bs4096_200epoch_lustre	/ictstr01/groups/ml01/workspace/artur.szalata/code/chem-perturbridge_lpm/.plib_cache/results/lpm_paper10_scratch_lincs_phase1_seed47_molholdout_h100_2x_bs4096_200epoch_lustre/LPM_8a5894aa3c36c9f2/seed_47/checkpoints/best-validation-rmse-epoch0008.ckpt	0.61882861	0.63220000	ok
scratch_target_only	47	lincs_phase2	LINCS_phase2_level3	lpm_paper10_scratch_lincs_phase2_seed47_molholdout_h100_2x_bs4096_200epoch_lustre	/ictstr01/groups/ml01/workspace/artur.szalata/code/chem-perturbridge_lpm/.plib_cache/results/lpm_paper10_scratch_lincs_phase2_seed47_molholdout_h100_2x_bs4096_200epoch_lustre/LPM_519688f6efd3cc2c/seed_47/checkpoints/best-validation-rmse-epoch0005.ckpt	0.47260822	0.48870000	ok
scratch_target_only	47	novartis	Novartis MoABox DRUG-seq	lpm_paper10_scratch_novartis_seed47_molholdout_h100_1x_bs4096_200epoch_lustre	/ictstr01/groups/ml01/workspace/artur.szalata/code/chem-perturbridge_lpm/.plib_cache/results/lpm_paper10_scratch_novartis_seed47_molholdout_h100_1x_bs4096_200epoch_lustre/LPM_4ec072a2e99a007e/seed_47/checkpoints/best-validation-rmse-epoch0094.ckpt	0.67784560	0.54020000	ok
scratch_target_only	47	op3	op3	lpm_paper10_scratch_op3_seed47_molholdout_h100_2x_bs4096_200epoch_lustre	/ictstr01/groups/ml01/workspace/artur.szalata/code/chem-perturbridge_lpm/.plib_cache/results/lpm_paper10_scratch_op3_seed47_molholdout_h100_2x_bs4096_200epoch_lustre/LPM_73dd39a880d7dd25/seed_47/checkpoints/best-validation-rmse-epoch0047.ckpt	0.41474832	0.34860000	ok
scratch_target_only	47	sciplex	srivatsan20_sciplex3	lpm_paper10_scratch_sciplex_seed47_molholdout_h100_2x_bs4096_200epoch_lustre	/ictstr01/groups/ml01/workspace/artur.szalata/code/chem-perturbridge_lpm/.plib_cache/results/lpm_paper10_scratch_sciplex_seed47_molholdout_h100_2x_bs4096_200epoch_lustre/LPM_bd9e95d87de7d9a8/seed_47/checkpoints/best-validation-rmse-epoch0199.ckpt	0.71580528	0.68520000	ok
scratch_target_only	47	tahoe100	tahoe100	lpm_paper10_scratch_tahoe100_seed47_molholdout_h100_2x_bs4096_200epoch_lustre	/ictstr01/groups/ml01/workspace/artur.szalata/code/chem-perturbridge_lpm/.plib_cache/results/lpm_paper10_scratch_tahoe100_seed47_molholdout_h100_2x_bs4096_200epoch_lustre/LPM_9c288dbbb7f9288d/seed_47/checkpoints/best-validation-rmse-epoch0008.ckpt	0.74448350	0.73900000	ok
scratch_target_only	47	vcpi_0001	Ginkgo VCPI vcpi-0001 (tvc-bhr-009)	lpm_paper10_scratch_vcpi_0001_seed47_molholdout_h100_1x_bs4096_200epoch_lustre	/ictstr01/groups/ml01/workspace/artur.szalata/code/chem-perturbridge_lpm/.plib_cache/results/lpm_paper10_scratch_vcpi_0001_seed47_molholdout_h100_1x_bs4096_200epoch_lustre/LPM_c5c4977e30439248/seed_47/checkpoints/best-validation-rmse-epoch0114.ckpt	0.55355072	0.57070000	ok
scratch_target_only	47	vcpi_0002	Ginkgo VCPI vcpi-0002 (tvc-kdl-010)	lpm_paper10_scratch_vcpi_0002_seed47_molholdout_h100_1x_bs4096_200epoch_lustre	/ictstr01/groups/ml01/workspace/artur.szalata/code/chem-perturbridge_lpm/.plib_cache/results/lpm_paper10_scratch_vcpi_0002_seed47_molholdout_h100_1x_bs4096_200epoch_lustre/LPM_0203c331c6be7440/seed_47/checkpoints/best-validation-rmse-epoch0026.ckpt	0.51000476		ok
scratch_target_only_morgan_fixed	13	cigs_mce	CIGS MCE	lpm_paper10_morgan_fixed_scratch_cigs_mce_seed13_molholdout_h100_2x_bs4096_200epoch_lustre				missing_model_dir
scratch_target_only_morgan_fixed	13	cigs_tcm	CIGS TCM	lpm_paper10_morgan_fixed_scratch_cigs_tcm_seed13_molholdout_h100_2x_bs4096_200epoch_lustre				missing_model_dir
scratch_target_only_morgan_fixed	13	dilimap_train	dilimap_train	lpm_paper10_morgan_fixed_scratch_dilimap_train_seed13_molholdout_h100_1x_bs4096_200epoch_lustre				missing_model_dir
scratch_target_only_morgan_fixed	13	gdpx2	Ginkgo GDPx2	lpm_paper10_morgan_fixed_scratch_gdpx2_seed13_molholdout_h100_2x_bs4096_200epoch_lustre				missing_model_dir
scratch_target_only_morgan_fixed	13	lincs_phase1	LINCS_phase1_level3_epsilon	lpm_paper10_morgan_fixed_scratch_lincs_phase1_seed13_molholdout_h100_2x_bs4096_200epoch_lustre				missing_model_dir
scratch_target_only_morgan_fixed	13	lincs_phase2	LINCS_phase2_level3	lpm_paper10_morgan_fixed_scratch_lincs_phase2_seed13_molholdout_h100_2x_bs4096_200epoch_lustre				missing_model_dir
scratch_target_only_morgan_fixed	13	novartis	Novartis MoABox DRUG-seq	lpm_paper10_morgan_fixed_scratch_novartis_seed13_molholdout_h100_1x_bs4096_200epoch_lustre				missing_model_dir
scratch_target_only_morgan_fixed	13	op3	op3	lpm_paper10_morgan_fixed_scratch_op3_seed13_molholdout_h100_2x_bs4096_200epoch_lustre				missing_model_dir
scratch_target_only_morgan_fixed	13	sciplex	srivatsan20_sciplex3	lpm_paper10_morgan_fixed_scratch_sciplex_seed13_molholdout_h100_2x_bs4096_200epoch_lustre				missing_model_dir
scratch_target_only_morgan_fixed	13	tahoe100	tahoe100	lpm_paper10_morgan_fixed_scratch_tahoe100_seed13_molholdout_h100_2x_bs4096_200epoch_lustre				missing_model_dir
scratch_target_only_morgan_fixed	13	vcpi_0001	Ginkgo VCPI vcpi-0001 (tvc-bhr-009)	lpm_paper10_morgan_fixed_scratch_vcpi_0001_seed13_molholdout_h100_1x_bs4096_200epoch_lustre				missing_model_dir
scratch_target_only_morgan_fixed	13	vcpi_0002	Ginkgo VCPI vcpi-0002 (tvc-kdl-010)	lpm_paper10_morgan_fixed_scratch_vcpi_0002_seed13_molholdout_h100_1x_bs4096_200epoch_lustre				missing_model_dir
scratch_target_only_morgan_fixed	17	cigs_mce	CIGS MCE	lpm_paper10_morgan_fixed_scratch_cigs_mce_seed17_molholdout_h100_2x_bs4096_200epoch_lustre				missing_model_dir
scratch_target_only_morgan_fixed	17	cigs_tcm	CIGS TCM	lpm_paper10_morgan_fixed_scratch_cigs_tcm_seed17_molholdout_h100_2x_bs4096_200epoch_lustre				missing_model_dir
scratch_target_only_morgan_fixed	17	dilimap_train	dilimap_train	lpm_paper10_morgan_fixed_scratch_dilimap_train_seed17_molholdout_h100_1x_bs4096_200epoch_lustre				missing_model_dir
scratch_target_only_morgan_fixed	17	gdpx2	Ginkgo GDPx2	lpm_paper10_morgan_fixed_scratch_gdpx2_seed17_molholdout_h100_2x_bs4096_200epoch_lustre				missing_model_dir
scratch_target_only_morgan_fixed	17	lincs_phase1	LINCS_phase1_level3_epsilon	lpm_paper10_morgan_fixed_scratch_lincs_phase1_seed17_molholdout_h100_2x_bs4096_200epoch_lustre				missing_model_dir
scratch_target_only_morgan_fixed	17	lincs_phase2	LINCS_phase2_level3	lpm_paper10_morgan_fixed_scratch_lincs_phase2_seed17_molholdout_h100_2x_bs4096_200epoch_lustre				missing_model_dir
scratch_target_only_morgan_fixed	17	novartis	Novartis MoABox DRUG-seq	lpm_paper10_morgan_fixed_scratch_novartis_seed17_molholdout_h100_1x_bs4096_200epoch_lustre				missing_model_dir
scratch_target_only_morgan_fixed	17	op3	op3	lpm_paper10_morgan_fixed_scratch_op3_seed17_molholdout_h100_2x_bs4096_200epoch_lustre				missing_model_dir
scratch_target_only_morgan_fixed	17	sciplex	srivatsan20_sciplex3	lpm_paper10_morgan_fixed_scratch_sciplex_seed17_molholdout_h100_2x_bs4096_200epoch_lustre				missing_model_dir
scratch_target_only_morgan_fixed	17	tahoe100	tahoe100	lpm_paper10_morgan_fixed_scratch_tahoe100_seed17_molholdout_h100_2x_bs4096_200epoch_lustre				missing_model_dir
scratch_target_only_morgan_fixed	17	vcpi_0001	Ginkgo VCPI vcpi-0001 (tvc-bhr-009)	lpm_paper10_morgan_fixed_scratch_vcpi_0001_seed17_molholdout_h100_1x_bs4096_200epoch_lustre				missing_model_dir
scratch_target_only_morgan_fixed	17	vcpi_0002	Ginkgo VCPI vcpi-0002 (tvc-kdl-010)	lpm_paper10_morgan_fixed_scratch_vcpi_0002_seed17_molholdout_h100_1x_bs4096_200epoch_lustre				missing_model_dir
scratch_target_only_morgan_fixed	19	cigs_mce	CIGS MCE	lpm_paper10_morgan_fixed_scratch_cigs_mce_seed19_molholdout_h100_2x_bs4096_200epoch_lustre				missing_model_dir
scratch_target_only_morgan_fixed	19	cigs_tcm	CIGS TCM	lpm_paper10_morgan_fixed_scratch_cigs_tcm_seed19_molholdout_h100_2x_bs4096_200epoch_lustre				missing_model_dir
scratch_target_only_morgan_fixed	19	dilimap_train	dilimap_train	lpm_paper10_morgan_fixed_scratch_dilimap_train_seed19_molholdout_h100_1x_bs4096_200epoch_lustre				missing_model_dir
scratch_target_only_morgan_fixed	19	gdpx2	Ginkgo GDPx2	lpm_paper10_morgan_fixed_scratch_gdpx2_seed19_molholdout_h100_2x_bs4096_200epoch_lustre				missing_model_dir
scratch_target_only_morgan_fixed	19	lincs_phase1	LINCS_phase1_level3_epsilon	lpm_paper10_morgan_fixed_scratch_lincs_phase1_seed19_molholdout_h100_2x_bs4096_200epoch_lustre				missing_model_dir
scratch_target_only_morgan_fixed	19	lincs_phase2	LINCS_phase2_level3	lpm_paper10_morgan_fixed_scratch_lincs_phase2_seed19_molholdout_h100_2x_bs4096_200epoch_lustre				missing_model_dir
scratch_target_only_morgan_fixed	19	novartis	Novartis MoABox DRUG-seq	lpm_paper10_morgan_fixed_scratch_novartis_seed19_molholdout_h100_1x_bs4096_200epoch_lustre				missing_model_dir
scratch_target_only_morgan_fixed	19	op3	op3	lpm_paper10_morgan_fixed_scratch_op3_seed19_molholdout_h100_2x_bs4096_200epoch_lustre				missing_model_dir
scratch_target_only_morgan_fixed	19	sciplex	srivatsan20_sciplex3	lpm_paper10_morgan_fixed_scratch_sciplex_seed19_molholdout_h100_2x_bs4096_200epoch_lustre				missing_model_dir
scratch_target_only_morgan_fixed	19	tahoe100	tahoe100	lpm_paper10_morgan_fixed_scratch_tahoe100_seed19_molholdout_h100_2x_bs4096_200epoch_lustre				missing_model_dir
scratch_target_only_morgan_fixed	19	vcpi_0001	Ginkgo VCPI vcpi-0001 (tvc-bhr-009)	lpm_paper10_morgan_fixed_scratch_vcpi_0001_seed19_molholdout_h100_1x_bs4096_200epoch_lustre				missing_model_dir
scratch_target_only_morgan_fixed	19	vcpi_0002	Ginkgo VCPI vcpi-0002 (tvc-kdl-010)	lpm_paper10_morgan_fixed_scratch_vcpi_0002_seed19_molholdout_h100_1x_bs4096_200epoch_lustre				missing_model_dir
scratch_target_only_morgan_fixed	23	cigs_mce	CIGS MCE	lpm_paper10_morgan_fixed_scratch_cigs_mce_seed23_molholdout_h100_2x_bs4096_200epoch_lustre				missing_model_dir
scratch_target_only_morgan_fixed	23	cigs_tcm	CIGS TCM	lpm_paper10_morgan_fixed_scratch_cigs_tcm_seed23_molholdout_h100_2x_bs4096_200epoch_lustre				missing_model_dir
scratch_target_only_morgan_fixed	23	dilimap_train	dilimap_train	lpm_paper10_morgan_fixed_scratch_dilimap_train_seed23_molholdout_h100_1x_bs4096_200epoch_lustre				missing_model_dir
scratch_target_only_morgan_fixed	23	gdpx2	Ginkgo GDPx2	lpm_paper10_morgan_fixed_scratch_gdpx2_seed23_molholdout_h100_2x_bs4096_200epoch_lustre				missing_model_dir
scratch_target_only_morgan_fixed	23	lincs_phase1	LINCS_phase1_level3_epsilon	lpm_paper10_morgan_fixed_scratch_lincs_phase1_seed23_molholdout_h100_2x_bs4096_200epoch_lustre				missing_model_dir
scratch_target_only_morgan_fixed	23	lincs_phase2	LINCS_phase2_level3	lpm_paper10_morgan_fixed_scratch_lincs_phase2_seed23_molholdout_h100_2x_bs4096_200epoch_lustre				missing_model_dir
scratch_target_only_morgan_fixed	23	novartis	Novartis MoABox DRUG-seq	lpm_paper10_morgan_fixed_scratch_novartis_seed23_molholdout_h100_1x_bs4096_200epoch_lustre				missing_model_dir
scratch_target_only_morgan_fixed	23	op3	op3	lpm_paper10_morgan_fixed_scratch_op3_seed23_molholdout_h100_2x_bs4096_200epoch_lustre				missing_model_dir
scratch_target_only_morgan_fixed	23	sciplex	srivatsan20_sciplex3	lpm_paper10_morgan_fixed_scratch_sciplex_seed23_molholdout_h100_2x_bs4096_200epoch_lustre				missing_model_dir
scratch_target_only_morgan_fixed	23	tahoe100	tahoe100	lpm_paper10_morgan_fixed_scratch_tahoe100_seed23_molholdout_h100_2x_bs4096_200epoch_lustre				missing_model_dir
scratch_target_only_morgan_fixed	23	vcpi_0001	Ginkgo VCPI vcpi-0001 (tvc-bhr-009)	lpm_paper10_morgan_fixed_scratch_vcpi_0001_seed23_molholdout_h100_1x_bs4096_200epoch_lustre				missing_model_dir
scratch_target_only_morgan_fixed	23	vcpi_0002	Ginkgo VCPI vcpi-0002 (tvc-kdl-010)	lpm_paper10_morgan_fixed_scratch_vcpi_0002_seed23_molholdout_h100_1x_bs4096_200epoch_lustre				missing_model_dir
scratch_target_only_morgan_fixed	29	cigs_mce	CIGS MCE	lpm_paper10_morgan_fixed_scratch_cigs_mce_seed29_molholdout_h100_2x_bs4096_200epoch_lustre				missing_model_dir
scratch_target_only_morgan_fixed	29	cigs_tcm	CIGS TCM	lpm_paper10_morgan_fixed_scratch_cigs_tcm_seed29_molholdout_h100_2x_bs4096_200epoch_lustre				missing_model_dir
scratch_target_only_morgan_fixed	29	dilimap_train	dilimap_train	lpm_paper10_morgan_fixed_scratch_dilimap_train_seed29_molholdout_h100_1x_bs4096_200epoch_lustre				missing_model_dir
scratch_target_only_morgan_fixed	29	gdpx2	Ginkgo GDPx2	lpm_paper10_morgan_fixed_scratch_gdpx2_seed29_molholdout_h100_2x_bs4096_200epoch_lustre				missing_model_dir
scratch_target_only_morgan_fixed	29	lincs_phase1	LINCS_phase1_level3_epsilon	lpm_paper10_morgan_fixed_scratch_lincs_phase1_seed29_molholdout_h100_2x_bs4096_200epoch_lustre				missing_model_dir
scratch_target_only_morgan_fixed	29	lincs_phase2	LINCS_phase2_level3	lpm_paper10_morgan_fixed_scratch_lincs_phase2_seed29_molholdout_h100_2x_bs4096_200epoch_lustre				missing_model_dir
scratch_target_only_morgan_fixed	29	novartis	Novartis MoABox DRUG-seq	lpm_paper10_morgan_fixed_scratch_novartis_seed29_molholdout_h100_1x_bs4096_200epoch_lustre				missing_model_dir
scratch_target_only_morgan_fixed	29	op3	op3	lpm_paper10_morgan_fixed_scratch_op3_seed29_molholdout_h100_2x_bs4096_200epoch_lustre				missing_model_dir
scratch_target_only_morgan_fixed	29	sciplex	srivatsan20_sciplex3	lpm_paper10_morgan_fixed_scratch_sciplex_seed29_molholdout_h100_2x_bs4096_200epoch_lustre				missing_model_dir
scratch_target_only_morgan_fixed	29	tahoe100	tahoe100	lpm_paper10_morgan_fixed_scratch_tahoe100_seed29_molholdout_h100_2x_bs4096_200epoch_lustre				missing_model_dir
scratch_target_only_morgan_fixed	29	vcpi_0001	Ginkgo VCPI vcpi-0001 (tvc-bhr-009)	lpm_paper10_morgan_fixed_scratch_vcpi_0001_seed29_molholdout_h100_1x_bs4096_200epoch_lustre				missing_model_dir
scratch_target_only_morgan_fixed	29	vcpi_0002	Ginkgo VCPI vcpi-0002 (tvc-kdl-010)	lpm_paper10_morgan_fixed_scratch_vcpi_0002_seed29_molholdout_h100_1x_bs4096_200epoch_lustre				missing_model_dir
scratch_target_only_morgan_fixed	31	cigs_mce	CIGS MCE	lpm_paper10_morgan_fixed_scratch_cigs_mce_seed31_molholdout_h100_2x_bs4096_200epoch_lustre				missing_model_dir
scratch_target_only_morgan_fixed	31	cigs_tcm	CIGS TCM	lpm_paper10_morgan_fixed_scratch_cigs_tcm_seed31_molholdout_h100_2x_bs4096_200epoch_lustre				missing_model_dir
scratch_target_only_morgan_fixed	31	dilimap_train	dilimap_train	lpm_paper10_morgan_fixed_scratch_dilimap_train_seed31_molholdout_h100_1x_bs4096_200epoch_lustre				missing_model_dir
scratch_target_only_morgan_fixed	31	gdpx2	Ginkgo GDPx2	lpm_paper10_morgan_fixed_scratch_gdpx2_seed31_molholdout_h100_2x_bs4096_200epoch_lustre				missing_model_dir
scratch_target_only_morgan_fixed	31	lincs_phase1	LINCS_phase1_level3_epsilon	lpm_paper10_morgan_fixed_scratch_lincs_phase1_seed31_molholdout_h100_2x_bs4096_200epoch_lustre				missing_model_dir
scratch_target_only_morgan_fixed	31	lincs_phase2	LINCS_phase2_level3	lpm_paper10_morgan_fixed_scratch_lincs_phase2_seed31_molholdout_h100_2x_bs4096_200epoch_lustre				missing_model_dir
scratch_target_only_morgan_fixed	31	novartis	Novartis MoABox DRUG-seq	lpm_paper10_morgan_fixed_scratch_novartis_seed31_molholdout_h100_1x_bs4096_200epoch_lustre				missing_model_dir
scratch_target_only_morgan_fixed	31	op3	op3	lpm_paper10_morgan_fixed_scratch_op3_seed31_molholdout_h100_2x_bs4096_200epoch_lustre				missing_model_dir
scratch_target_only_morgan_fixed	31	sciplex	srivatsan20_sciplex3	lpm_paper10_morgan_fixed_scratch_sciplex_seed31_molholdout_h100_2x_bs4096_200epoch_lustre				missing_model_dir
scratch_target_only_morgan_fixed	31	tahoe100	tahoe100	lpm_paper10_morgan_fixed_scratch_tahoe100_seed31_molholdout_h100_2x_bs4096_200epoch_lustre				missing_model_dir
scratch_target_only_morgan_fixed	31	vcpi_0001	Ginkgo VCPI vcpi-0001 (tvc-bhr-009)	lpm_paper10_morgan_fixed_scratch_vcpi_0001_seed31_molholdout_h100_1x_bs4096_200epoch_lustre				missing_model_dir
scratch_target_only_morgan_fixed	31	vcpi_0002	Ginkgo VCPI vcpi-0002 (tvc-kdl-010)	lpm_paper10_morgan_fixed_scratch_vcpi_0002_seed31_molholdout_h100_1x_bs4096_200epoch_lustre				missing_model_dir
scratch_target_only_morgan_fixed	37	cigs_mce	CIGS MCE	lpm_paper10_morgan_fixed_scratch_cigs_mce_seed37_molholdout_h100_2x_bs4096_200epoch_lustre				missing_model_dir
scratch_target_only_morgan_fixed	37	cigs_tcm	CIGS TCM	lpm_paper10_morgan_fixed_scratch_cigs_tcm_seed37_molholdout_h100_2x_bs4096_200epoch_lustre				missing_model_dir
scratch_target_only_morgan_fixed	37	dilimap_train	dilimap_train	lpm_paper10_morgan_fixed_scratch_dilimap_train_seed37_molholdout_h100_1x_bs4096_200epoch_lustre				missing_model_dir
scratch_target_only_morgan_fixed	37	gdpx2	Ginkgo GDPx2	lpm_paper10_morgan_fixed_scratch_gdpx2_seed37_molholdout_h100_2x_bs4096_200epoch_lustre				missing_model_dir
scratch_target_only_morgan_fixed	37	lincs_phase1	LINCS_phase1_level3_epsilon	lpm_paper10_morgan_fixed_scratch_lincs_phase1_seed37_molholdout_h100_2x_bs4096_200epoch_lustre				missing_model_dir
scratch_target_only_morgan_fixed	37	lincs_phase2	LINCS_phase2_level3	lpm_paper10_morgan_fixed_scratch_lincs_phase2_seed37_molholdout_h100_2x_bs4096_200epoch_lustre				missing_model_dir
scratch_target_only_morgan_fixed	37	novartis	Novartis MoABox DRUG-seq	lpm_paper10_morgan_fixed_scratch_novartis_seed37_molholdout_h100_1x_bs4096_200epoch_lustre				missing_model_dir
scratch_target_only_morgan_fixed	37	op3	op3	lpm_paper10_morgan_fixed_scratch_op3_seed37_molholdout_h100_2x_bs4096_200epoch_lustre				missing_model_dir
scratch_target_only_morgan_fixed	37	sciplex	srivatsan20_sciplex3	lpm_paper10_morgan_fixed_scratch_sciplex_seed37_molholdout_h100_2x_bs4096_200epoch_lustre				missing_model_dir
scratch_target_only_morgan_fixed	37	tahoe100	tahoe100	lpm_paper10_morgan_fixed_scratch_tahoe100_seed37_molholdout_h100_2x_bs4096_200epoch_lustre				missing_model_dir
scratch_target_only_morgan_fixed	37	vcpi_0001	Ginkgo VCPI vcpi-0001 (tvc-bhr-009)	lpm_paper10_morgan_fixed_scratch_vcpi_0001_seed37_molholdout_h100_1x_bs4096_200epoch_lustre				missing_model_dir
scratch_target_only_morgan_fixed	37	vcpi_0002	Ginkgo VCPI vcpi-0002 (tvc-kdl-010)	lpm_paper10_morgan_fixed_scratch_vcpi_0002_seed37_molholdout_h100_1x_bs4096_200epoch_lustre				missing_model_dir
scratch_target_only_morgan_fixed	41	cigs_mce	CIGS MCE	lpm_paper10_morgan_fixed_scratch_cigs_mce_seed41_molholdout_h100_2x_bs4096_200epoch_lustre				missing_model_dir
scratch_target_only_morgan_fixed	41	cigs_tcm	CIGS TCM	lpm_paper10_morgan_fixed_scratch_cigs_tcm_seed41_molholdout_h100_2x_bs4096_200epoch_lustre				missing_model_dir
scratch_target_only_morgan_fixed	41	dilimap_train	dilimap_train	lpm_paper10_morgan_fixed_scratch_dilimap_train_seed41_molholdout_h100_1x_bs4096_200epoch_lustre				missing_model_dir
scratch_target_only_morgan_fixed	41	gdpx2	Ginkgo GDPx2	lpm_paper10_morgan_fixed_scratch_gdpx2_seed41_molholdout_h100_2x_bs4096_200epoch_lustre				missing_model_dir
scratch_target_only_morgan_fixed	41	lincs_phase1	LINCS_phase1_level3_epsilon	lpm_paper10_morgan_fixed_scratch_lincs_phase1_seed41_molholdout_h100_2x_bs4096_200epoch_lustre				missing_model_dir
scratch_target_only_morgan_fixed	41	lincs_phase2	LINCS_phase2_level3	lpm_paper10_morgan_fixed_scratch_lincs_phase2_seed41_molholdout_h100_2x_bs4096_200epoch_lustre				missing_model_dir
scratch_target_only_morgan_fixed	41	novartis	Novartis MoABox DRUG-seq	lpm_paper10_morgan_fixed_scratch_novartis_seed41_molholdout_h100_1x_bs4096_200epoch_lustre				missing_model_dir
scratch_target_only_morgan_fixed	41	op3	op3	lpm_paper10_morgan_fixed_scratch_op3_seed41_molholdout_h100_2x_bs4096_200epoch_lustre				missing_model_dir
scratch_target_only_morgan_fixed	41	sciplex	srivatsan20_sciplex3	lpm_paper10_morgan_fixed_scratch_sciplex_seed41_molholdout_h100_2x_bs4096_200epoch_lustre				missing_model_dir
scratch_target_only_morgan_fixed	41	tahoe100	tahoe100	lpm_paper10_morgan_fixed_scratch_tahoe100_seed41_molholdout_h100_2x_bs4096_200epoch_lustre				missing_model_dir
scratch_target_only_morgan_fixed	41	vcpi_0001	Ginkgo VCPI vcpi-0001 (tvc-bhr-009)	lpm_paper10_morgan_fixed_scratch_vcpi_0001_seed41_molholdout_h100_1x_bs4096_200epoch_lustre				missing_model_dir
scratch_target_only_morgan_fixed	41	vcpi_0002	Ginkgo VCPI vcpi-0002 (tvc-kdl-010)	lpm_paper10_morgan_fixed_scratch_vcpi_0002_seed41_molholdout_h100_1x_bs4096_200epoch_lustre				missing_model_dir
scratch_target_only_morgan_fixed	43	cigs_mce	CIGS MCE	lpm_paper10_morgan_fixed_scratch_cigs_mce_seed43_molholdout_h100_2x_bs4096_200epoch_lustre				missing_model_dir
scratch_target_only_morgan_fixed	43	cigs_tcm	CIGS TCM	lpm_paper10_morgan_fixed_scratch_cigs_tcm_seed43_molholdout_h100_2x_bs4096_200epoch_lustre				missing_model_dir
scratch_target_only_morgan_fixed	43	dilimap_train	dilimap_train	lpm_paper10_morgan_fixed_scratch_dilimap_train_seed43_molholdout_h100_1x_bs4096_200epoch_lustre				missing_model_dir
scratch_target_only_morgan_fixed	43	gdpx2	Ginkgo GDPx2	lpm_paper10_morgan_fixed_scratch_gdpx2_seed43_molholdout_h100_2x_bs4096_200epoch_lustre				missing_model_dir
scratch_target_only_morgan_fixed	43	lincs_phase1	LINCS_phase1_level3_epsilon	lpm_paper10_morgan_fixed_scratch_lincs_phase1_seed43_molholdout_h100_2x_bs4096_200epoch_lustre				missing_model_dir
scratch_target_only_morgan_fixed	43	lincs_phase2	LINCS_phase2_level3	lpm_paper10_morgan_fixed_scratch_lincs_phase2_seed43_molholdout_h100_2x_bs4096_200epoch_lustre				missing_model_dir
scratch_target_only_morgan_fixed	43	novartis	Novartis MoABox DRUG-seq	lpm_paper10_morgan_fixed_scratch_novartis_seed43_molholdout_h100_1x_bs4096_200epoch_lustre				missing_model_dir
scratch_target_only_morgan_fixed	43	op3	op3	lpm_paper10_morgan_fixed_scratch_op3_seed43_molholdout_h100_2x_bs4096_200epoch_lustre				missing_model_dir
scratch_target_only_morgan_fixed	43	sciplex	srivatsan20_sciplex3	lpm_paper10_morgan_fixed_scratch_sciplex_seed43_molholdout_h100_2x_bs4096_200epoch_lustre				missing_model_dir
scratch_target_only_morgan_fixed	43	tahoe100	tahoe100	lpm_paper10_morgan_fixed_scratch_tahoe100_seed43_molholdout_h100_2x_bs4096_200epoch_lustre				missing_model_dir
scratch_target_only_morgan_fixed	43	vcpi_0001	Ginkgo VCPI vcpi-0001 (tvc-bhr-009)	lpm_paper10_morgan_fixed_scratch_vcpi_0001_seed43_molholdout_h100_1x_bs4096_200epoch_lustre				missing_model_dir
scratch_target_only_morgan_fixed	43	vcpi_0002	Ginkgo VCPI vcpi-0002 (tvc-kdl-010)	lpm_paper10_morgan_fixed_scratch_vcpi_0002_seed43_molholdout_h100_1x_bs4096_200epoch_lustre				missing_model_dir
scratch_target_only_morgan_fixed	47	cigs_mce	CIGS MCE	lpm_paper10_morgan_fixed_scratch_cigs_mce_seed47_molholdout_h100_2x_bs4096_200epoch_lustre				missing_model_dir
scratch_target_only_morgan_fixed	47	cigs_tcm	CIGS TCM	lpm_paper10_morgan_fixed_scratch_cigs_tcm_seed47_molholdout_h100_2x_bs4096_200epoch_lustre				missing_model_dir
scratch_target_only_morgan_fixed	47	dilimap_train	dilimap_train	lpm_paper10_morgan_fixed_scratch_dilimap_train_seed47_molholdout_h100_1x_bs4096_200epoch_lustre				missing_model_dir
scratch_target_only_morgan_fixed	47	gdpx2	Ginkgo GDPx2	lpm_paper10_morgan_fixed_scratch_gdpx2_seed47_molholdout_h100_2x_bs4096_200epoch_lustre				missing_model_dir
scratch_target_only_morgan_fixed	47	lincs_phase1	LINCS_phase1_level3_epsilon	lpm_paper10_morgan_fixed_scratch_lincs_phase1_seed47_molholdout_h100_2x_bs4096_200epoch_lustre				missing_model_dir
scratch_target_only_morgan_fixed	47	lincs_phase2	LINCS_phase2_level3	lpm_paper10_morgan_fixed_scratch_lincs_phase2_seed47_molholdout_h100_2x_bs4096_200epoch_lustre				missing_model_dir
scratch_target_only_morgan_fixed	47	novartis	Novartis MoABox DRUG-seq	lpm_paper10_morgan_fixed_scratch_novartis_seed47_molholdout_h100_1x_bs4096_200epoch_lustre				missing_model_dir
scratch_target_only_morgan_fixed	47	op3	op3	lpm_paper10_morgan_fixed_scratch_op3_seed47_molholdout_h100_2x_bs4096_200epoch_lustre				missing_model_dir
scratch_target_only_morgan_fixed	47	sciplex	srivatsan20_sciplex3	lpm_paper10_morgan_fixed_scratch_sciplex_seed47_molholdout_h100_2x_bs4096_200epoch_lustre				missing_model_dir
scratch_target_only_morgan_fixed	47	tahoe100	tahoe100	lpm_paper10_morgan_fixed_scratch_tahoe100_seed47_molholdout_h100_2x_bs4096_200epoch_lustre				missing_model_dir
scratch_target_only_morgan_fixed	47	vcpi_0001	Ginkgo VCPI vcpi-0001 (tvc-bhr-009)	lpm_paper10_morgan_fixed_scratch_vcpi_0001_seed47_molholdout_h100_1x_bs4096_200epoch_lustre				missing_model_dir
scratch_target_only_morgan_fixed	47	vcpi_0002	Ginkgo VCPI vcpi-0002 (tvc-kdl-010)	lpm_paper10_morgan_fixed_scratch_vcpi_0002_seed47_molholdout_h100_1x_bs4096_200epoch_lustre				missing_model_dir
finetune_frozen_molecule_embeddings	13	cigs_mce	CIGS MCE	lpm_paper10_finetune_fixmol_cigs_mce_seed13_molholdout_h100_2x_bs4096_200epoch_lustre	/ictstr01/groups/ml01/workspace/artur.szalata/code/chem-perturbridge_lpm/.plib_cache/results/lpm_paper10_finetune_fixmol_cigs_mce_seed13_molholdout_h100_2x_bs4096_200epoch_lustre/LPM_01a403c51d5d0f62/seed_13/checkpoints/best-validation-rmse-epoch0036.ckpt	0.58551530	0.58010000	ok
finetune_frozen_molecule_embeddings	13	cigs_tcm	CIGS TCM	lpm_paper10_finetune_fixmol_cigs_tcm_seed13_molholdout_h100_2x_bs4096_200epoch_lustre	/ictstr01/groups/ml01/workspace/artur.szalata/code/chem-perturbridge_lpm/.plib_cache/results/lpm_paper10_finetune_fixmol_cigs_tcm_seed13_molholdout_h100_2x_bs4096_200epoch_lustre/LPM_d1d1544a374d10d0/seed_13/checkpoints/best-validation-rmse-epoch0005.ckpt	0.44729645	0.40770000	ok
finetune_frozen_molecule_embeddings	13	dilimap_train	dilimap_train	lpm_paper10_finetune_fixmol_dilimap_train_seed13_molholdout_h100_1x_bs4096_200epoch_lustre	/ictstr01/groups/ml01/workspace/artur.szalata/code/chem-perturbridge_lpm/.plib_cache/results/lpm_paper10_finetune_fixmol_dilimap_train_seed13_molholdout_h100_1x_bs4096_200epoch_lustre/LPM_05ba932446081800/seed_13/checkpoints/best-validation-rmse-epoch0089.ckpt	0.58511094	0.61050000	ok
finetune_frozen_molecule_embeddings	13	gdpx2	Ginkgo GDPx2	lpm_paper10_finetune_fixmol_gdpx2_seed13_molholdout_h100_2x_bs4096_200epoch_lustre	/ictstr01/groups/ml01/workspace/artur.szalata/code/chem-perturbridge_lpm/.plib_cache/results/lpm_paper10_finetune_fixmol_gdpx2_seed13_molholdout_h100_2x_bs4096_200epoch_lustre/LPM_08772434467189f2/seed_13/checkpoints/best-validation-rmse-epoch0008.ckpt	0.55994909	0.44350000	ok
finetune_frozen_molecule_embeddings	13	lincs_phase1	LINCS_phase1_level3_epsilon	lpm_paper10_finetune_fixmol_lincs_phase1_seed13_molholdout_h100_2x_bs4096_200epoch_lustre	/ictstr01/groups/ml01/workspace/artur.szalata/code/chem-perturbridge_lpm/.plib_cache/results/lpm_paper10_finetune_fixmol_lincs_phase1_seed13_molholdout_h100_2x_bs4096_200epoch_lustre/LPM_8ce3ec51d06d82fe/seed_13/checkpoints/best-validation-rmse-epoch0028.ckpt	0.60605147	0.62330000	ok
finetune_frozen_molecule_embeddings	13	lincs_phase2	LINCS_phase2_level3	lpm_paper10_finetune_fixmol_lincs_phase2_seed13_molholdout_h100_2x_bs4096_200epoch_lustre	/ictstr01/groups/ml01/workspace/artur.szalata/code/chem-perturbridge_lpm/.plib_cache/results/lpm_paper10_finetune_fixmol_lincs_phase2_seed13_molholdout_h100_2x_bs4096_200epoch_lustre/LPM_140b89f9fdb5704e/seed_13/checkpoints/best-validation-rmse-epoch0025.ckpt	0.46441313	0.48350000	ok
finetune_frozen_molecule_embeddings	13	novartis	Novartis MoABox DRUG-seq	lpm_paper10_finetune_fixmol_novartis_seed13_molholdout_h100_1x_bs4096_200epoch_lustre	/ictstr01/groups/ml01/workspace/artur.szalata/code/chem-perturbridge_lpm/.plib_cache/results/lpm_paper10_finetune_fixmol_novartis_seed13_molholdout_h100_1x_bs4096_200epoch_lustre/LPM_7822f52048e269cf/seed_13/checkpoints/best-validation-rmse-epoch0070.ckpt	0.67432828	0.53920000	ok
finetune_frozen_molecule_embeddings	13	op3	op3	lpm_paper10_finetune_fixmol_op3_seed13_molholdout_h100_2x_bs4096_200epoch_lustre	/ictstr01/groups/ml01/workspace/artur.szalata/code/chem-perturbridge_lpm/.plib_cache/results/lpm_paper10_finetune_fixmol_op3_seed13_molholdout_h100_2x_bs4096_200epoch_lustre/LPM_754e9d597cc12cc3/seed_13/checkpoints/best-validation-rmse-epoch0015.ckpt	0.41849947	0.34480000	ok
finetune_frozen_molecule_embeddings	13	sciplex	srivatsan20_sciplex3	lpm_paper10_finetune_fixmol_sciplex_seed13_molholdout_h100_2x_bs4096_200epoch_lustre	/ictstr01/groups/ml01/workspace/artur.szalata/code/chem-perturbridge_lpm/.plib_cache/results/lpm_paper10_finetune_fixmol_sciplex_seed13_molholdout_h100_2x_bs4096_200epoch_lustre/LPM_c16e0ceef1b85e3a/seed_13/checkpoints/best-validation-rmse-epoch0044.ckpt	0.71232746	0.68940000	ok
finetune_frozen_molecule_embeddings	13	tahoe100	tahoe100	lpm_paper10_finetune_fixmol_tahoe100_seed13_molholdout_h100_2x_bs4096_200epoch_lustre	/ictstr01/groups/ml01/workspace/artur.szalata/code/chem-perturbridge_lpm/.plib_cache/results/lpm_paper10_finetune_fixmol_tahoe100_seed13_molholdout_h100_2x_bs4096_200epoch_lustre/LPM_dc60c82fd7c570bc/seed_13/checkpoints/best-validation-rmse-epoch0007.ckpt	0.74576612	0.74340000	ok
finetune_frozen_molecule_embeddings	13	vcpi_0001	Ginkgo VCPI vcpi-0001 (tvc-bhr-009)	lpm_paper10_finetune_fixmol_vcpi_0001_seed13_molholdout_h100_1x_bs4096_200epoch_lustre	/ictstr01/groups/ml01/workspace/artur.szalata/code/chem-perturbridge_lpm/.plib_cache/results/lpm_paper10_finetune_fixmol_vcpi_0001_seed13_molholdout_h100_1x_bs4096_200epoch_lustre/LPM_56ae0319ea39ee76/seed_13/checkpoints/best-validation-rmse-epoch0032.ckpt	0.55356151	0.57070000	ok
finetune_frozen_molecule_embeddings	13	vcpi_0002	Ginkgo VCPI vcpi-0002 (tvc-kdl-010)	lpm_paper10_finetune_fixmol_vcpi_0002_seed13_molholdout_h100_1x_bs4096_200epoch_lustre	/ictstr01/groups/ml01/workspace/artur.szalata/code/chem-perturbridge_lpm/.plib_cache/results/lpm_paper10_finetune_fixmol_vcpi_0002_seed13_molholdout_h100_1x_bs4096_200epoch_lustre/LPM_5b180377f3cc8434/seed_13/checkpoints/best-validation-rmse-epoch0027.ckpt	0.51018867		ok
finetune_frozen_molecule_embeddings	17	cigs_mce	CIGS MCE	lpm_paper10_finetune_fixmol_cigs_mce_seed17_molholdout_h100_2x_bs4096_200epoch_lustre	/ictstr01/groups/ml01/workspace/artur.szalata/code/chem-perturbridge_lpm/.plib_cache/results/lpm_paper10_finetune_fixmol_cigs_mce_seed17_molholdout_h100_2x_bs4096_200epoch_lustre/LPM_01a403c51d5d0f62/seed_17/checkpoints/best-validation-rmse-epoch0036.ckpt	0.58572067	0.57910000	ok
finetune_frozen_molecule_embeddings	17	cigs_tcm	CIGS TCM	lpm_paper10_finetune_fixmol_cigs_tcm_seed17_molholdout_h100_2x_bs4096_200epoch_lustre	/ictstr01/groups/ml01/workspace/artur.szalata/code/chem-perturbridge_lpm/.plib_cache/results/lpm_paper10_finetune_fixmol_cigs_tcm_seed17_molholdout_h100_2x_bs4096_200epoch_lustre/LPM_d1d1544a374d10d0/seed_17/checkpoints/best-validation-rmse-epoch0006.ckpt	0.44711802	0.40750000	ok
finetune_frozen_molecule_embeddings	17	dilimap_train	dilimap_train	lpm_paper10_finetune_fixmol_dilimap_train_seed17_molholdout_h100_1x_bs4096_200epoch_lustre	/ictstr01/groups/ml01/workspace/artur.szalata/code/chem-perturbridge_lpm/.plib_cache/results/lpm_paper10_finetune_fixmol_dilimap_train_seed17_molholdout_h100_1x_bs4096_200epoch_lustre/LPM_05ba932446081800/seed_17/checkpoints/best-validation-rmse-epoch0062.ckpt	0.58424302	0.60820000	ok
finetune_frozen_molecule_embeddings	17	gdpx2	Ginkgo GDPx2	lpm_paper10_finetune_fixmol_gdpx2_seed17_molholdout_h100_2x_bs4096_200epoch_lustre	/ictstr01/groups/ml01/workspace/artur.szalata/code/chem-perturbridge_lpm/.plib_cache/results/lpm_paper10_finetune_fixmol_gdpx2_seed17_molholdout_h100_2x_bs4096_200epoch_lustre/LPM_08772434467189f2/seed_17/checkpoints/best-validation-rmse-epoch0010.ckpt	0.55223983	0.44640000	ok
finetune_frozen_molecule_embeddings	17	lincs_phase1	LINCS_phase1_level3_epsilon	lpm_paper10_finetune_fixmol_lincs_phase1_seed17_molholdout_h100_2x_bs4096_200epoch_lustre	/ictstr01/groups/ml01/workspace/artur.szalata/code/chem-perturbridge_lpm/.plib_cache/results/lpm_paper10_finetune_fixmol_lincs_phase1_seed17_molholdout_h100_2x_bs4096_200epoch_lustre/LPM_8ce3ec51d06d82fe/seed_17/checkpoints/best-validation-rmse-epoch0036.ckpt	0.60651838	0.62270000	ok
finetune_frozen_molecule_embeddings	17	lincs_phase2	LINCS_phase2_level3	lpm_paper10_finetune_fixmol_lincs_phase2_seed17_molholdout_h100_2x_bs4096_200epoch_lustre	/ictstr01/groups/ml01/workspace/artur.szalata/code/chem-perturbridge_lpm/.plib_cache/results/lpm_paper10_finetune_fixmol_lincs_phase2_seed17_molholdout_h100_2x_bs4096_200epoch_lustre/LPM_140b89f9fdb5704e/seed_17/checkpoints/best-validation-rmse-epoch0031.ckpt	0.46470341	0.48390000	ok
finetune_frozen_molecule_embeddings	17	novartis	Novartis MoABox DRUG-seq	lpm_paper10_finetune_fixmol_novartis_seed17_molholdout_h100_1x_bs4096_200epoch_lustre	/ictstr01/groups/ml01/workspace/artur.szalata/code/chem-perturbridge_lpm/.plib_cache/results/lpm_paper10_finetune_fixmol_novartis_seed17_molholdout_h100_1x_bs4096_200epoch_lustre/LPM_7822f52048e269cf/seed_17/checkpoints/best-validation-rmse-epoch0196.ckpt	0.67355779	0.53920000	ok
finetune_frozen_molecule_embeddings	17	op3	op3	lpm_paper10_finetune_fixmol_op3_seed17_molholdout_h100_2x_bs4096_200epoch_lustre	/ictstr01/groups/ml01/workspace/artur.szalata/code/chem-perturbridge_lpm/.plib_cache/results/lpm_paper10_finetune_fixmol_op3_seed17_molholdout_h100_2x_bs4096_200epoch_lustre/LPM_754e9d597cc12cc3/seed_17/checkpoints/best-validation-rmse-epoch0022.ckpt	0.41896801	0.34700000	ok
finetune_frozen_molecule_embeddings	17	sciplex	srivatsan20_sciplex3	lpm_paper10_finetune_fixmol_sciplex_seed17_molholdout_h100_2x_bs4096_200epoch_lustre	/ictstr01/groups/ml01/workspace/artur.szalata/code/chem-perturbridge_lpm/.plib_cache/results/lpm_paper10_finetune_fixmol_sciplex_seed17_molholdout_h100_2x_bs4096_200epoch_lustre/LPM_c16e0ceef1b85e3a/seed_17/checkpoints/best-validation-rmse-epoch0049.ckpt	0.71349945	0.68920000	ok
finetune_frozen_molecule_embeddings	17	tahoe100	tahoe100	lpm_paper10_finetune_fixmol_tahoe100_seed17_molholdout_h100_2x_bs4096_200epoch_lustre	/ictstr01/groups/ml01/workspace/artur.szalata/code/chem-perturbridge_lpm/.plib_cache/results/lpm_paper10_finetune_fixmol_tahoe100_seed17_molholdout_h100_2x_bs4096_200epoch_lustre/LPM_dc60c82fd7c570bc/seed_17/checkpoints/best-validation-rmse-epoch0002.ckpt	0.74503372	0.74280000	ok
finetune_frozen_molecule_embeddings	17	vcpi_0001	Ginkgo VCPI vcpi-0001 (tvc-bhr-009)	lpm_paper10_finetune_fixmol_vcpi_0001_seed17_molholdout_h100_1x_bs4096_200epoch_lustre	/ictstr01/groups/ml01/workspace/artur.szalata/code/chem-perturbridge_lpm/.plib_cache/results/lpm_paper10_finetune_fixmol_vcpi_0001_seed17_molholdout_h100_1x_bs4096_200epoch_lustre/LPM_56ae0319ea39ee76/seed_17/checkpoints/best-validation-rmse-epoch0032.ckpt	0.55356154	0.57070000	ok
finetune_frozen_molecule_embeddings	17	vcpi_0002	Ginkgo VCPI vcpi-0002 (tvc-kdl-010)	lpm_paper10_finetune_fixmol_vcpi_0002_seed17_molholdout_h100_1x_bs4096_200epoch_lustre	/ictstr01/groups/ml01/workspace/artur.szalata/code/chem-perturbridge_lpm/.plib_cache/results/lpm_paper10_finetune_fixmol_vcpi_0002_seed17_molholdout_h100_1x_bs4096_200epoch_lustre/LPM_5b180377f3cc8434/seed_17/checkpoints/best-validation-rmse-epoch0027.ckpt	0.51018869		ok
finetune_frozen_molecule_embeddings	19	cigs_mce	CIGS MCE	lpm_paper10_finetune_fixmol_cigs_mce_seed19_molholdout_h100_2x_bs4096_200epoch_lustre	/ictstr01/groups/ml01/workspace/artur.szalata/code/chem-perturbridge_lpm/.plib_cache/results/lpm_paper10_finetune_fixmol_cigs_mce_seed19_molholdout_h100_2x_bs4096_200epoch_lustre/LPM_01a403c51d5d0f62/seed_19/checkpoints/best-validation-rmse-epoch0036.ckpt	0.58625670	0.58120000	ok
finetune_frozen_molecule_embeddings	19	cigs_tcm	CIGS TCM	lpm_paper10_finetune_fixmol_cigs_tcm_seed19_molholdout_h100_2x_bs4096_200epoch_lustre	/ictstr01/groups/ml01/workspace/artur.szalata/code/chem-perturbridge_lpm/.plib_cache/results/lpm_paper10_finetune_fixmol_cigs_tcm_seed19_molholdout_h100_2x_bs4096_200epoch_lustre/LPM_d1d1544a374d10d0/seed_19/checkpoints/best-validation-rmse-epoch0005.ckpt	0.44729919	0.40770000	ok
finetune_frozen_molecule_embeddings	19	dilimap_train	dilimap_train	lpm_paper10_finetune_fixmol_dilimap_train_seed19_molholdout_h100_1x_bs4096_200epoch_lustre	/ictstr01/groups/ml01/workspace/artur.szalata/code/chem-perturbridge_lpm/.plib_cache/results/lpm_paper10_finetune_fixmol_dilimap_train_seed19_molholdout_h100_1x_bs4096_200epoch_lustre/LPM_05ba932446081800/seed_19/checkpoints/best-validation-rmse-epoch0046.ckpt	0.58320085	0.60840000	ok
finetune_frozen_molecule_embeddings	19	gdpx2	Ginkgo GDPx2	lpm_paper10_finetune_fixmol_gdpx2_seed19_molholdout_h100_2x_bs4096_200epoch_lustre	/ictstr01/groups/ml01/workspace/artur.szalata/code/chem-perturbridge_lpm/.plib_cache/results/lpm_paper10_finetune_fixmol_gdpx2_seed19_molholdout_h100_2x_bs4096_200epoch_lustre/LPM_08772434467189f2/seed_19/checkpoints/best-validation-rmse-epoch0015.ckpt	0.55905935	0.45020000	ok
finetune_frozen_molecule_embeddings	19	lincs_phase1	LINCS_phase1_level3_epsilon	lpm_paper10_finetune_fixmol_lincs_phase1_seed19_molholdout_h100_2x_bs4096_200epoch_lustre	/ictstr01/groups/ml01/workspace/artur.szalata/code/chem-perturbridge_lpm/.plib_cache/results/lpm_paper10_finetune_fixmol_lincs_phase1_seed19_molholdout_h100_2x_bs4096_200epoch_lustre/LPM_8ce3ec51d06d82fe/seed_19/checkpoints/best-validation-rmse-epoch0044.ckpt	0.60589474	0.62260000	ok
finetune_frozen_molecule_embeddings	19	lincs_phase2	LINCS_phase2_level3	lpm_paper10_finetune_fixmol_lincs_phase2_seed19_molholdout_h100_2x_bs4096_200epoch_lustre	/ictstr01/groups/ml01/workspace/artur.szalata/code/chem-perturbridge_lpm/.plib_cache/results/lpm_paper10_finetune_fixmol_lincs_phase2_seed19_molholdout_h100_2x_bs4096_200epoch_lustre/LPM_140b89f9fdb5704e/seed_19/checkpoints/best-validation-rmse-epoch0038.ckpt	0.46483464	0.48330000	ok
finetune_frozen_molecule_embeddings	19	novartis	Novartis MoABox DRUG-seq	lpm_paper10_finetune_fixmol_novartis_seed19_molholdout_h100_1x_bs4096_200epoch_lustre	/ictstr01/groups/ml01/workspace/artur.szalata/code/chem-perturbridge_lpm/.plib_cache/results/lpm_paper10_finetune_fixmol_novartis_seed19_molholdout_h100_1x_bs4096_200epoch_lustre/LPM_7822f52048e269cf/seed_19/checkpoints/best-validation-rmse-epoch0051.ckpt	0.67307838	0.53900000	ok
finetune_frozen_molecule_embeddings	19	op3	op3	lpm_paper10_finetune_fixmol_op3_seed19_molholdout_h100_2x_bs4096_200epoch_lustre	/ictstr01/groups/ml01/workspace/artur.szalata/code/chem-perturbridge_lpm/.plib_cache/results/lpm_paper10_finetune_fixmol_op3_seed19_molholdout_h100_2x_bs4096_200epoch_lustre/LPM_754e9d597cc12cc3/seed_19/checkpoints/best-validation-rmse-epoch0009.ckpt	0.42090723	0.35140000	ok
finetune_frozen_molecule_embeddings	19	sciplex	srivatsan20_sciplex3	lpm_paper10_finetune_fixmol_sciplex_seed19_molholdout_h100_2x_bs4096_200epoch_lustre	/ictstr01/groups/ml01/workspace/artur.szalata/code/chem-perturbridge_lpm/.plib_cache/results/lpm_paper10_finetune_fixmol_sciplex_seed19_molholdout_h100_2x_bs4096_200epoch_lustre/LPM_c16e0ceef1b85e3a/seed_19/checkpoints/best-validation-rmse-epoch0135.ckpt	0.71112803	0.69060000	ok
finetune_frozen_molecule_embeddings	19	tahoe100	tahoe100	lpm_paper10_finetune_fixmol_tahoe100_seed19_molholdout_h100_2x_bs4096_200epoch_lustre	/ictstr01/groups/ml01/workspace/artur.szalata/code/chem-perturbridge_lpm/.plib_cache/results/lpm_paper10_finetune_fixmol_tahoe100_seed19_molholdout_h100_2x_bs4096_200epoch_lustre/LPM_dc60c82fd7c570bc/seed_19/checkpoints/best-validation-rmse-epoch0013.ckpt	0.74520253	0.74490000	ok
finetune_frozen_molecule_embeddings	19	vcpi_0001	Ginkgo VCPI vcpi-0001 (tvc-bhr-009)	lpm_paper10_finetune_fixmol_vcpi_0001_seed19_molholdout_h100_1x_bs4096_200epoch_lustre	/ictstr01/groups/ml01/workspace/artur.szalata/code/chem-perturbridge_lpm/.plib_cache/results/lpm_paper10_finetune_fixmol_vcpi_0001_seed19_molholdout_h100_1x_bs4096_200epoch_lustre/LPM_56ae0319ea39ee76/seed_19/checkpoints/best-validation-rmse-epoch0032.ckpt	0.55356153	0.57070000	ok
finetune_frozen_molecule_embeddings	19	vcpi_0002	Ginkgo VCPI vcpi-0002 (tvc-kdl-010)	lpm_paper10_finetune_fixmol_vcpi_0002_seed19_molholdout_h100_1x_bs4096_200epoch_lustre	/ictstr01/groups/ml01/workspace/artur.szalata/code/chem-perturbridge_lpm/.plib_cache/results/lpm_paper10_finetune_fixmol_vcpi_0002_seed19_molholdout_h100_1x_bs4096_200epoch_lustre/LPM_5b180377f3cc8434/seed_19/checkpoints/best-validation-rmse-epoch0027.ckpt	0.51018869		ok
finetune_frozen_molecule_embeddings	23	cigs_mce	CIGS MCE	lpm_paper10_finetune_fixmol_cigs_mce_seed23_molholdout_h100_2x_bs4096_200epoch_lustre	/ictstr01/groups/ml01/workspace/artur.szalata/code/chem-perturbridge_lpm/.plib_cache/results/lpm_paper10_finetune_fixmol_cigs_mce_seed23_molholdout_h100_2x_bs4096_200epoch_lustre/LPM_01a403c51d5d0f62/seed_23/checkpoints/best-validation-rmse-epoch0030.ckpt	0.58578749	0.57840000	ok
finetune_frozen_molecule_embeddings	23	cigs_tcm	CIGS TCM	lpm_paper10_finetune_fixmol_cigs_tcm_seed23_molholdout_h100_2x_bs4096_200epoch_lustre	/ictstr01/groups/ml01/workspace/artur.szalata/code/chem-perturbridge_lpm/.plib_cache/results/lpm_paper10_finetune_fixmol_cigs_tcm_seed23_molholdout_h100_2x_bs4096_200epoch_lustre/LPM_d1d1544a374d10d0/seed_23/checkpoints/best-validation-rmse-epoch0005.ckpt	0.44728550	0.40770000	ok
finetune_frozen_molecule_embeddings	23	dilimap_train	dilimap_train	lpm_paper10_finetune_fixmol_dilimap_train_seed23_molholdout_h100_1x_bs4096_200epoch_lustre	/ictstr01/groups/ml01/workspace/artur.szalata/code/chem-perturbridge_lpm/.plib_cache/results/lpm_paper10_finetune_fixmol_dilimap_train_seed23_molholdout_h100_1x_bs4096_200epoch_lustre/LPM_05ba932446081800/seed_23/checkpoints/best-validation-rmse-epoch0176.ckpt	0.58465185	0.60770000	ok
finetune_frozen_molecule_embeddings	23	gdpx2	Ginkgo GDPx2	lpm_paper10_finetune_fixmol_gdpx2_seed23_molholdout_h100_2x_bs4096_200epoch_lustre	/ictstr01/groups/ml01/workspace/artur.szalata/code/chem-perturbridge_lpm/.plib_cache/results/lpm_paper10_finetune_fixmol_gdpx2_seed23_molholdout_h100_2x_bs4096_200epoch_lustre/LPM_08772434467189f2/seed_23/checkpoints/best-validation-rmse-epoch0008.ckpt	0.56700947	0.43830000	ok
finetune_frozen_molecule_embeddings	23	lincs_phase1	LINCS_phase1_level3_epsilon	lpm_paper10_finetune_fixmol_lincs_phase1_seed23_molholdout_h100_2x_bs4096_200epoch_lustre	/ictstr01/groups/ml01/workspace/artur.szalata/code/chem-perturbridge_lpm/.plib_cache/results/lpm_paper10_finetune_fixmol_lincs_phase1_seed23_molholdout_h100_2x_bs4096_200epoch_lustre/LPM_8ce3ec51d06d82fe/seed_23/checkpoints/best-validation-rmse-epoch0024.ckpt	0.60754141	0.62280000	ok
finetune_frozen_molecule_embeddings	23	lincs_phase2	LINCS_phase2_level3	lpm_paper10_finetune_fixmol_lincs_phase2_seed23_molholdout_h100_2x_bs4096_200epoch_lustre	/ictstr01/groups/ml01/workspace/artur.szalata/code/chem-perturbridge_lpm/.plib_cache/results/lpm_paper10_finetune_fixmol_lincs_phase2_seed23_molholdout_h100_2x_bs4096_200epoch_lustre/LPM_140b89f9fdb5704e/seed_23/checkpoints/best-validation-rmse-epoch0038.ckpt	0.46476071	0.48190000	ok
finetune_frozen_molecule_embeddings	23	novartis	Novartis MoABox DRUG-seq	lpm_paper10_finetune_fixmol_novartis_seed23_molholdout_h100_1x_bs4096_200epoch_lustre	/ictstr01/groups/ml01/workspace/artur.szalata/code/chem-perturbridge_lpm/.plib_cache/results/lpm_paper10_finetune_fixmol_novartis_seed23_molholdout_h100_1x_bs4096_200epoch_lustre/LPM_7822f52048e269cf/seed_23/checkpoints/best-validation-rmse-epoch0086.ckpt	0.67640243	0.54050000	ok
finetune_frozen_molecule_embeddings	23	op3	op3	lpm_paper10_finetune_fixmol_op3_seed23_molholdout_h100_2x_bs4096_200epoch_lustre	/ictstr01/groups/ml01/workspace/artur.szalata/code/chem-perturbridge_lpm/.plib_cache/results/lpm_paper10_finetune_fixmol_op3_seed23_molholdout_h100_2x_bs4096_200epoch_lustre/LPM_754e9d597cc12cc3/seed_23/checkpoints/best-validation-rmse-epoch0024.ckpt	0.41765491	0.34760000	ok
finetune_frozen_molecule_embeddings	23	sciplex	srivatsan20_sciplex3	lpm_paper10_finetune_fixmol_sciplex_seed23_molholdout_h100_2x_bs4096_200epoch_lustre	/ictstr01/groups/ml01/workspace/artur.szalata/code/chem-perturbridge_lpm/.plib_cache/results/lpm_paper10_finetune_fixmol_sciplex_seed23_molholdout_h100_2x_bs4096_200epoch_lustre/LPM_c16e0ceef1b85e3a/seed_23/checkpoints/best-validation-rmse-epoch0053.ckpt	0.71028170	0.68870000	ok
finetune_frozen_molecule_embeddings	23	tahoe100	tahoe100	lpm_paper10_finetune_fixmol_tahoe100_seed23_molholdout_h100_2x_bs4096_200epoch_lustre	/ictstr01/groups/ml01/workspace/artur.szalata/code/chem-perturbridge_lpm/.plib_cache/results/lpm_paper10_finetune_fixmol_tahoe100_seed23_molholdout_h100_2x_bs4096_200epoch_lustre/LPM_dc60c82fd7c570bc/seed_23/checkpoints/best-validation-rmse-epoch0005.ckpt	0.74448713	0.74370000	ok
finetune_frozen_molecule_embeddings	23	vcpi_0001	Ginkgo VCPI vcpi-0001 (tvc-bhr-009)	lpm_paper10_finetune_fixmol_vcpi_0001_seed23_molholdout_h100_1x_bs4096_200epoch_lustre	/ictstr01/groups/ml01/workspace/artur.szalata/code/chem-perturbridge_lpm/.plib_cache/results/lpm_paper10_finetune_fixmol_vcpi_0001_seed23_molholdout_h100_1x_bs4096_200epoch_lustre/LPM_56ae0319ea39ee76/seed_23/checkpoints/best-validation-rmse-epoch0032.ckpt	0.55356148	0.57070000	ok
finetune_frozen_molecule_embeddings	23	vcpi_0002	Ginkgo VCPI vcpi-0002 (tvc-kdl-010)	lpm_paper10_finetune_fixmol_vcpi_0002_seed23_molholdout_h100_1x_bs4096_200epoch_lustre	/ictstr01/groups/ml01/workspace/artur.szalata/code/chem-perturbridge_lpm/.plib_cache/results/lpm_paper10_finetune_fixmol_vcpi_0002_seed23_molholdout_h100_1x_bs4096_200epoch_lustre/LPM_5b180377f3cc8434/seed_23/checkpoints/best-validation-rmse-epoch0027.ckpt	0.51018869		ok
finetune_frozen_molecule_embeddings	29	cigs_mce	CIGS MCE	lpm_paper10_finetune_fixmol_cigs_mce_seed29_molholdout_h100_2x_bs4096_200epoch_lustre	/ictstr01/groups/ml01/workspace/artur.szalata/code/chem-perturbridge_lpm/.plib_cache/results/lpm_paper10_finetune_fixmol_cigs_mce_seed29_molholdout_h100_2x_bs4096_200epoch_lustre/LPM_01a403c51d5d0f62/seed_29/checkpoints/best-validation-rmse-epoch0036.ckpt	0.58582537	0.58020000	ok
finetune_frozen_molecule_embeddings	29	cigs_tcm	CIGS TCM	lpm_paper10_finetune_fixmol_cigs_tcm_seed29_molholdout_h100_2x_bs4096_200epoch_lustre	/ictstr01/groups/ml01/workspace/artur.szalata/code/chem-perturbridge_lpm/.plib_cache/results/lpm_paper10_finetune_fixmol_cigs_tcm_seed29_molholdout_h100_2x_bs4096_200epoch_lustre/LPM_d1d1544a374d10d0/seed_29/checkpoints/best-validation-rmse-epoch0005.ckpt	0.44731176	0.40770000	ok
finetune_frozen_molecule_embeddings	29	dilimap_train	dilimap_train	lpm_paper10_finetune_fixmol_dilimap_train_seed29_molholdout_h100_1x_bs4096_200epoch_lustre	/ictstr01/groups/ml01/workspace/artur.szalata/code/chem-perturbridge_lpm/.plib_cache/results/lpm_paper10_finetune_fixmol_dilimap_train_seed29_molholdout_h100_1x_bs4096_200epoch_lustre/LPM_05ba932446081800/seed_29/checkpoints/best-validation-rmse-epoch0093.ckpt	0.58469701	0.61040000	ok
finetune_frozen_molecule_embeddings	29	gdpx2	Ginkgo GDPx2	lpm_paper10_finetune_fixmol_gdpx2_seed29_molholdout_h100_2x_bs4096_200epoch_lustre	/ictstr01/groups/ml01/workspace/artur.szalata/code/chem-perturbridge_lpm/.plib_cache/results/lpm_paper10_finetune_fixmol_gdpx2_seed29_molholdout_h100_2x_bs4096_200epoch_lustre/LPM_08772434467189f2/seed_29/checkpoints/best-validation-rmse-epoch0003.ckpt	0.55771651	0.44200000	ok
finetune_frozen_molecule_embeddings	29	lincs_phase1	LINCS_phase1_level3_epsilon	lpm_paper10_finetune_fixmol_lincs_phase1_seed29_molholdout_h100_2x_bs4096_200epoch_lustre	/ictstr01/groups/ml01/workspace/artur.szalata/code/chem-perturbridge_lpm/.plib_cache/results/lpm_paper10_finetune_fixmol_lincs_phase1_seed29_molholdout_h100_2x_bs4096_200epoch_lustre/LPM_8ce3ec51d06d82fe/seed_29/checkpoints/best-validation-rmse-epoch0026.ckpt	0.60706476	0.62310000	ok
finetune_frozen_molecule_embeddings	29	lincs_phase2	LINCS_phase2_level3	lpm_paper10_finetune_fixmol_lincs_phase2_seed29_molholdout_h100_2x_bs4096_200epoch_lustre	/ictstr01/groups/ml01/workspace/artur.szalata/code/chem-perturbridge_lpm/.plib_cache/results/lpm_paper10_finetune_fixmol_lincs_phase2_seed29_molholdout_h100_2x_bs4096_200epoch_lustre/LPM_140b89f9fdb5704e/seed_29/checkpoints/best-validation-rmse-epoch0022.ckpt	0.46514112	0.48320000	ok
finetune_frozen_molecule_embeddings	29	novartis	Novartis MoABox DRUG-seq	lpm_paper10_finetune_fixmol_novartis_seed29_molholdout_h100_1x_bs4096_200epoch_lustre	/ictstr01/groups/ml01/workspace/artur.szalata/code/chem-perturbridge_lpm/.plib_cache/results/lpm_paper10_finetune_fixmol_novartis_seed29_molholdout_h100_1x_bs4096_200epoch_lustre/LPM_7822f52048e269cf/seed_29/checkpoints/best-validation-rmse-epoch0029.ckpt	0.67432062	0.53880000	ok
finetune_frozen_molecule_embeddings	29	op3	op3	lpm_paper10_finetune_fixmol_op3_seed29_molholdout_h100_2x_bs4096_200epoch_lustre	/ictstr01/groups/ml01/workspace/artur.szalata/code/chem-perturbridge_lpm/.plib_cache/results/lpm_paper10_finetune_fixmol_op3_seed29_molholdout_h100_2x_bs4096_200epoch_lustre/LPM_754e9d597cc12cc3/seed_29/checkpoints/best-validation-rmse-epoch0014.ckpt	0.41719407	0.34880000	ok
finetune_frozen_molecule_embeddings	29	sciplex	srivatsan20_sciplex3	lpm_paper10_finetune_fixmol_sciplex_seed29_molholdout_h100_2x_bs4096_200epoch_lustre	/ictstr01/groups/ml01/workspace/artur.szalata/code/chem-perturbridge_lpm/.plib_cache/results/lpm_paper10_finetune_fixmol_sciplex_seed29_molholdout_h100_2x_bs4096_200epoch_lustre/LPM_c16e0ceef1b85e3a/seed_29/checkpoints/best-validation-rmse-epoch0051.ckpt	0.71126091	0.68840000	ok
finetune_frozen_molecule_embeddings	29	tahoe100	tahoe100	lpm_paper10_finetune_fixmol_tahoe100_seed29_molholdout_h100_2x_bs4096_200epoch_lustre	/ictstr01/groups/ml01/workspace/artur.szalata/code/chem-perturbridge_lpm/.plib_cache/results/lpm_paper10_finetune_fixmol_tahoe100_seed29_molholdout_h100_2x_bs4096_200epoch_lustre/LPM_dc60c82fd7c570bc/seed_29/checkpoints/best-validation-rmse-epoch0007.ckpt	0.74409301	0.74150000	ok
finetune_frozen_molecule_embeddings	29	vcpi_0001	Ginkgo VCPI vcpi-0001 (tvc-bhr-009)	lpm_paper10_finetune_fixmol_vcpi_0001_seed29_molholdout_h100_1x_bs4096_200epoch_lustre	/ictstr01/groups/ml01/workspace/artur.szalata/code/chem-perturbridge_lpm/.plib_cache/results/lpm_paper10_finetune_fixmol_vcpi_0001_seed29_molholdout_h100_1x_bs4096_200epoch_lustre/LPM_56ae0319ea39ee76/seed_29/checkpoints/best-validation-rmse-epoch0032.ckpt	0.55356149	0.57070000	ok
finetune_frozen_molecule_embeddings	29	vcpi_0002	Ginkgo VCPI vcpi-0002 (tvc-kdl-010)	lpm_paper10_finetune_fixmol_vcpi_0002_seed29_molholdout_h100_1x_bs4096_200epoch_lustre	/ictstr01/groups/ml01/workspace/artur.szalata/code/chem-perturbridge_lpm/.plib_cache/results/lpm_paper10_finetune_fixmol_vcpi_0002_seed29_molholdout_h100_1x_bs4096_200epoch_lustre/LPM_5b180377f3cc8434/seed_29/checkpoints/best-validation-rmse-epoch0027.ckpt	0.51018869		ok
finetune_frozen_molecule_embeddings	31	cigs_mce	CIGS MCE	lpm_paper10_finetune_fixmol_cigs_mce_seed31_molholdout_h100_2x_bs4096_200epoch_lustre	/ictstr01/groups/ml01/workspace/artur.szalata/code/chem-perturbridge_lpm/.plib_cache/results/lpm_paper10_finetune_fixmol_cigs_mce_seed31_molholdout_h100_2x_bs4096_200epoch_lustre/LPM_01a403c51d5d0f62/seed_31/checkpoints/best-validation-rmse-epoch0033.ckpt	0.58570478	0.57760000	ok
finetune_frozen_molecule_embeddings	31	cigs_tcm	CIGS TCM	lpm_paper10_finetune_fixmol_cigs_tcm_seed31_molholdout_h100_2x_bs4096_200epoch_lustre	/ictstr01/groups/ml01/workspace/artur.szalata/code/chem-perturbridge_lpm/.plib_cache/results/lpm_paper10_finetune_fixmol_cigs_tcm_seed31_molholdout_h100_2x_bs4096_200epoch_lustre/LPM_d1d1544a374d10d0/seed_31/checkpoints/best-validation-rmse-epoch0001.ckpt	0.44729111	0.40780000	ok
finetune_frozen_molecule_embeddings	31	dilimap_train	dilimap_train	lpm_paper10_finetune_fixmol_dilimap_train_seed31_molholdout_h100_1x_bs4096_200epoch_lustre	/ictstr01/groups/ml01/workspace/artur.szalata/code/chem-perturbridge_lpm/.plib_cache/results/lpm_paper10_finetune_fixmol_dilimap_train_seed31_molholdout_h100_1x_bs4096_200epoch_lustre/LPM_05ba932446081800/seed_31/checkpoints/best-validation-rmse-epoch0147.ckpt	0.58378286	0.60670000	ok
finetune_frozen_molecule_embeddings	31	gdpx2	Ginkgo GDPx2	lpm_paper10_finetune_fixmol_gdpx2_seed31_molholdout_h100_2x_bs4096_200epoch_lustre	/ictstr01/groups/ml01/workspace/artur.szalata/code/chem-perturbridge_lpm/.plib_cache/results/lpm_paper10_finetune_fixmol_gdpx2_seed31_molholdout_h100_2x_bs4096_200epoch_lustre/LPM_08772434467189f2/seed_31/checkpoints/best-validation-rmse-epoch0009.ckpt	0.56451545	0.44000000	ok
finetune_frozen_molecule_embeddings	31	lincs_phase1	LINCS_phase1_level3_epsilon	lpm_paper10_finetune_fixmol_lincs_phase1_seed31_molholdout_h100_2x_bs4096_200epoch_lustre	/ictstr01/groups/ml01/workspace/artur.szalata/code/chem-perturbridge_lpm/.plib_cache/results/lpm_paper10_finetune_fixmol_lincs_phase1_seed31_molholdout_h100_2x_bs4096_200epoch_lustre/LPM_8ce3ec51d06d82fe/seed_31/checkpoints/best-validation-rmse-epoch0056.ckpt	0.60564532	0.62330000	ok
finetune_frozen_molecule_embeddings	31	lincs_phase2	LINCS_phase2_level3	lpm_paper10_finetune_fixmol_lincs_phase2_seed31_molholdout_h100_2x_bs4096_200epoch_lustre	/ictstr01/groups/ml01/workspace/artur.szalata/code/chem-perturbridge_lpm/.plib_cache/results/lpm_paper10_finetune_fixmol_lincs_phase2_seed31_molholdout_h100_2x_bs4096_200epoch_lustre/LPM_140b89f9fdb5704e/seed_31/checkpoints/best-validation-rmse-epoch0027.ckpt	0.46534857	0.48350000	ok
finetune_frozen_molecule_embeddings	31	novartis	Novartis MoABox DRUG-seq	lpm_paper10_finetune_fixmol_novartis_seed31_molholdout_h100_1x_bs4096_200epoch_lustre	/ictstr01/groups/ml01/workspace/artur.szalata/code/chem-perturbridge_lpm/.plib_cache/results/lpm_paper10_finetune_fixmol_novartis_seed31_molholdout_h100_1x_bs4096_200epoch_lustre/LPM_7822f52048e269cf/seed_31/checkpoints/best-validation-rmse-epoch0147.ckpt	0.67328555	0.53890000	ok
finetune_frozen_molecule_embeddings	31	op3	op3	lpm_paper10_finetune_fixmol_op3_seed31_molholdout_h100_2x_bs4096_200epoch_lustre	/ictstr01/groups/ml01/workspace/artur.szalata/code/chem-perturbridge_lpm/.plib_cache/results/lpm_paper10_finetune_fixmol_op3_seed31_molholdout_h100_2x_bs4096_200epoch_lustre/LPM_754e9d597cc12cc3/seed_31/checkpoints/best-validation-rmse-epoch0019.ckpt	0.42044894	0.35040000	ok
finetune_frozen_molecule_embeddings	31	sciplex	srivatsan20_sciplex3	lpm_paper10_finetune_fixmol_sciplex_seed31_molholdout_h100_2x_bs4096_200epoch_lustre	/ictstr01/groups/ml01/workspace/artur.szalata/code/chem-perturbridge_lpm/.plib_cache/results/lpm_paper10_finetune_fixmol_sciplex_seed31_molholdout_h100_2x_bs4096_200epoch_lustre/LPM_c16e0ceef1b85e3a/seed_31/checkpoints/best-validation-rmse-epoch0047.ckpt	0.71090918	0.69240000	ok
finetune_frozen_molecule_embeddings	31	tahoe100	tahoe100	lpm_paper10_finetune_fixmol_tahoe100_seed31_molholdout_h100_2x_bs4096_200epoch_lustre	/ictstr01/groups/ml01/workspace/artur.szalata/code/chem-perturbridge_lpm/.plib_cache/results/lpm_paper10_finetune_fixmol_tahoe100_seed31_molholdout_h100_2x_bs4096_200epoch_lustre/LPM_dc60c82fd7c570bc/seed_31/checkpoints/best-validation-rmse-epoch0005.ckpt	0.74380602	0.74170000	ok
finetune_frozen_molecule_embeddings	31	vcpi_0001	Ginkgo VCPI vcpi-0001 (tvc-bhr-009)	lpm_paper10_finetune_fixmol_vcpi_0001_seed31_molholdout_h100_1x_bs4096_200epoch_lustre	/ictstr01/groups/ml01/workspace/artur.szalata/code/chem-perturbridge_lpm/.plib_cache/results/lpm_paper10_finetune_fixmol_vcpi_0001_seed31_molholdout_h100_1x_bs4096_200epoch_lustre/LPM_56ae0319ea39ee76/seed_31/checkpoints/best-validation-rmse-epoch0032.ckpt	0.55356149	0.57070000	ok
finetune_frozen_molecule_embeddings	31	vcpi_0002	Ginkgo VCPI vcpi-0002 (tvc-kdl-010)	lpm_paper10_finetune_fixmol_vcpi_0002_seed31_molholdout_h100_1x_bs4096_200epoch_lustre	/ictstr01/groups/ml01/workspace/artur.szalata/code/chem-perturbridge_lpm/.plib_cache/results/lpm_paper10_finetune_fixmol_vcpi_0002_seed31_molholdout_h100_1x_bs4096_200epoch_lustre/LPM_5b180377f3cc8434/seed_31/checkpoints/best-validation-rmse-epoch0027.ckpt	0.51018867		ok
finetune_frozen_molecule_embeddings	37	cigs_mce	CIGS MCE	lpm_paper10_finetune_fixmol_cigs_mce_seed37_molholdout_h100_2x_bs4096_200epoch_lustre	/ictstr01/groups/ml01/workspace/artur.szalata/code/chem-perturbridge_lpm/.plib_cache/results/lpm_paper10_finetune_fixmol_cigs_mce_seed37_molholdout_h100_2x_bs4096_200epoch_lustre/LPM_01a403c51d5d0f62/seed_37/checkpoints/best-validation-rmse-epoch0048.ckpt	0.58571644	0.57850000	ok
finetune_frozen_molecule_embeddings	37	cigs_tcm	CIGS TCM	lpm_paper10_finetune_fixmol_cigs_tcm_seed37_molholdout_h100_2x_bs4096_200epoch_lustre	/ictstr01/groups/ml01/workspace/artur.szalata/code/chem-perturbridge_lpm/.plib_cache/results/lpm_paper10_finetune_fixmol_cigs_tcm_seed37_molholdout_h100_2x_bs4096_200epoch_lustre/LPM_d1d1544a374d10d0/seed_37/checkpoints/best-validation-rmse-epoch0006.ckpt	0.44719287	0.40750000	ok
finetune_frozen_molecule_embeddings	37	dilimap_train	dilimap_train	lpm_paper10_finetune_fixmol_dilimap_train_seed37_molholdout_h100_1x_bs4096_200epoch_lustre	/ictstr01/groups/ml01/workspace/artur.szalata/code/chem-perturbridge_lpm/.plib_cache/results/lpm_paper10_finetune_fixmol_dilimap_train_seed37_molholdout_h100_1x_bs4096_200epoch_lustre/LPM_05ba932446081800/seed_37/checkpoints/best-validation-rmse-epoch0128.ckpt	0.58395275	0.61050000	ok
finetune_frozen_molecule_embeddings	37	gdpx2	Ginkgo GDPx2	lpm_paper10_finetune_fixmol_gdpx2_seed37_molholdout_h100_2x_bs4096_200epoch_lustre	/ictstr01/groups/ml01/workspace/artur.szalata/code/chem-perturbridge_lpm/.plib_cache/results/lpm_paper10_finetune_fixmol_gdpx2_seed37_molholdout_h100_2x_bs4096_200epoch_lustre/LPM_08772434467189f2/seed_37/checkpoints/best-validation-rmse-epoch0006.ckpt	0.55604115	0.43960000	ok
finetune_frozen_molecule_embeddings	37	lincs_phase1	LINCS_phase1_level3_epsilon	lpm_paper10_finetune_fixmol_lincs_phase1_seed37_molholdout_h100_2x_bs4096_200epoch_lustre	/ictstr01/groups/ml01/workspace/artur.szalata/code/chem-perturbridge_lpm/.plib_cache/results/lpm_paper10_finetune_fixmol_lincs_phase1_seed37_molholdout_h100_2x_bs4096_200epoch_lustre/LPM_8ce3ec51d06d82fe/seed_37/checkpoints/best-validation-rmse-epoch0057.ckpt	0.60647276	0.62280000	ok
finetune_frozen_molecule_embeddings	37	lincs_phase2	LINCS_phase2_level3	lpm_paper10_finetune_fixmol_lincs_phase2_seed37_molholdout_h100_2x_bs4096_200epoch_lustre	/ictstr01/groups/ml01/workspace/artur.szalata/code/chem-perturbridge_lpm/.plib_cache/results/lpm_paper10_finetune_fixmol_lincs_phase2_seed37_molholdout_h100_2x_bs4096_200epoch_lustre/LPM_140b89f9fdb5704e/seed_37/checkpoints/best-validation-rmse-epoch0025.ckpt	0.46535924	0.48270000	ok
finetune_frozen_molecule_embeddings	37	novartis	Novartis MoABox DRUG-seq	lpm_paper10_finetune_fixmol_novartis_seed37_molholdout_h100_1x_bs4096_200epoch_lustre	/ictstr01/groups/ml01/workspace/artur.szalata/code/chem-perturbridge_lpm/.plib_cache/results/lpm_paper10_finetune_fixmol_novartis_seed37_molholdout_h100_1x_bs4096_200epoch_lustre/LPM_7822f52048e269cf/seed_37/checkpoints/best-validation-rmse-epoch0041.ckpt	0.67449444	0.53950000	ok
finetune_frozen_molecule_embeddings	37	op3	op3	lpm_paper10_finetune_fixmol_op3_seed37_molholdout_h100_2x_bs4096_200epoch_lustre	/ictstr01/groups/ml01/workspace/artur.szalata/code/chem-perturbridge_lpm/.plib_cache/results/lpm_paper10_finetune_fixmol_op3_seed37_molholdout_h100_2x_bs4096_200epoch_lustre/LPM_754e9d597cc12cc3/seed_37/checkpoints/best-validation-rmse-epoch0021.ckpt	0.42037438	0.34920000	ok
finetune_frozen_molecule_embeddings	37	sciplex	srivatsan20_sciplex3	lpm_paper10_finetune_fixmol_sciplex_seed37_molholdout_h100_2x_bs4096_200epoch_lustre	/ictstr01/groups/ml01/workspace/artur.szalata/code/chem-perturbridge_lpm/.plib_cache/results/lpm_paper10_finetune_fixmol_sciplex_seed37_molholdout_h100_2x_bs4096_200epoch_lustre/LPM_c16e0ceef1b85e3a/seed_37/checkpoints/best-validation-rmse-epoch0056.ckpt	0.71220636	0.68800000	ok
finetune_frozen_molecule_embeddings	37	tahoe100	tahoe100	lpm_paper10_finetune_fixmol_tahoe100_seed37_molholdout_h100_2x_bs4096_200epoch_lustre	/ictstr01/groups/ml01/workspace/artur.szalata/code/chem-perturbridge_lpm/.plib_cache/results/lpm_paper10_finetune_fixmol_tahoe100_seed37_molholdout_h100_2x_bs4096_200epoch_lustre/LPM_dc60c82fd7c570bc/seed_37/checkpoints/best-validation-rmse-epoch0004.ckpt	0.74353854	0.74450000	ok
finetune_frozen_molecule_embeddings	37	vcpi_0001	Ginkgo VCPI vcpi-0001 (tvc-bhr-009)	lpm_paper10_finetune_fixmol_vcpi_0001_seed37_molholdout_h100_1x_bs4096_200epoch_lustre	/ictstr01/groups/ml01/workspace/artur.szalata/code/chem-perturbridge_lpm/.plib_cache/results/lpm_paper10_finetune_fixmol_vcpi_0001_seed37_molholdout_h100_1x_bs4096_200epoch_lustre/LPM_56ae0319ea39ee76/seed_37/checkpoints/best-validation-rmse-epoch0032.ckpt	0.55356150	0.57070000	ok
finetune_frozen_molecule_embeddings	37	vcpi_0002	Ginkgo VCPI vcpi-0002 (tvc-kdl-010)	lpm_paper10_finetune_fixmol_vcpi_0002_seed37_molholdout_h100_1x_bs4096_200epoch_lustre	/ictstr01/groups/ml01/workspace/artur.szalata/code/chem-perturbridge_lpm/.plib_cache/results/lpm_paper10_finetune_fixmol_vcpi_0002_seed37_molholdout_h100_1x_bs4096_200epoch_lustre/LPM_5b180377f3cc8434/seed_37/checkpoints/best-validation-rmse-epoch0027.ckpt	0.51018868		ok
finetune_frozen_molecule_embeddings	41	cigs_mce	CIGS MCE	lpm_paper10_finetune_fixmol_cigs_mce_seed41_molholdout_h100_2x_bs4096_200epoch_lustre	/ictstr01/groups/ml01/workspace/artur.szalata/code/chem-perturbridge_lpm/.plib_cache/results/lpm_paper10_finetune_fixmol_cigs_mce_seed41_molholdout_h100_2x_bs4096_200epoch_lustre/LPM_01a403c51d5d0f62/seed_41/checkpoints/best-validation-rmse-epoch0039.ckpt	0.58548731	0.57550000	ok
finetune_frozen_molecule_embeddings	41	cigs_tcm	CIGS TCM	lpm_paper10_finetune_fixmol_cigs_tcm_seed41_molholdout_h100_2x_bs4096_200epoch_lustre	/ictstr01/groups/ml01/workspace/artur.szalata/code/chem-perturbridge_lpm/.plib_cache/results/lpm_paper10_finetune_fixmol_cigs_tcm_seed41_molholdout_h100_2x_bs4096_200epoch_lustre/LPM_d1d1544a374d10d0/seed_41/checkpoints/best-validation-rmse-epoch0001.ckpt	0.44724090	0.40780000	ok
finetune_frozen_molecule_embeddings	41	dilimap_train	dilimap_train	lpm_paper10_finetune_fixmol_dilimap_train_seed41_molholdout_h100_1x_bs4096_200epoch_lustre	/ictstr01/groups/ml01/workspace/artur.szalata/code/chem-perturbridge_lpm/.plib_cache/results/lpm_paper10_finetune_fixmol_dilimap_train_seed41_molholdout_h100_1x_bs4096_200epoch_lustre/LPM_05ba932446081800/seed_41/checkpoints/best-validation-rmse-epoch0067.ckpt	0.58588692	0.61080000	ok
finetune_frozen_molecule_embeddings	41	gdpx2	Ginkgo GDPx2	lpm_paper10_finetune_fixmol_gdpx2_seed41_molholdout_h100_2x_bs4096_200epoch_lustre	/ictstr01/groups/ml01/workspace/artur.szalata/code/chem-perturbridge_lpm/.plib_cache/results/lpm_paper10_finetune_fixmol_gdpx2_seed41_molholdout_h100_2x_bs4096_200epoch_lustre/LPM_08772434467189f2/seed_41/checkpoints/best-validation-rmse-epoch0022.ckpt	0.56545977	0.44160000	ok
finetune_frozen_molecule_embeddings	41	lincs_phase1	LINCS_phase1_level3_epsilon	lpm_paper10_finetune_fixmol_lincs_phase1_seed41_molholdout_h100_2x_bs4096_200epoch_lustre	/ictstr01/groups/ml01/workspace/artur.szalata/code/chem-perturbridge_lpm/.plib_cache/results/lpm_paper10_finetune_fixmol_lincs_phase1_seed41_molholdout_h100_2x_bs4096_200epoch_lustre/LPM_8ce3ec51d06d82fe/seed_41/checkpoints/best-validation-rmse-epoch0022.ckpt	0.60724886	0.62320000	ok
finetune_frozen_molecule_embeddings	41	lincs_phase2	LINCS_phase2_level3	lpm_paper10_finetune_fixmol_lincs_phase2_seed41_molholdout_h100_2x_bs4096_200epoch_lustre	/ictstr01/groups/ml01/workspace/artur.szalata/code/chem-perturbridge_lpm/.plib_cache/results/lpm_paper10_finetune_fixmol_lincs_phase2_seed41_molholdout_h100_2x_bs4096_200epoch_lustre/LPM_140b89f9fdb5704e/seed_41/checkpoints/best-validation-rmse-epoch0025.ckpt	0.46514255	0.48230000	ok
finetune_frozen_molecule_embeddings	41	novartis	Novartis MoABox DRUG-seq	lpm_paper10_finetune_fixmol_novartis_seed41_molholdout_h100_1x_bs4096_200epoch_lustre	/ictstr01/groups/ml01/workspace/artur.szalata/code/chem-perturbridge_lpm/.plib_cache/results/lpm_paper10_finetune_fixmol_novartis_seed41_molholdout_h100_1x_bs4096_200epoch_lustre/LPM_7822f52048e269cf/seed_41/checkpoints/best-validation-rmse-epoch0043.ckpt	0.67412772	0.53930000	ok
finetune_frozen_molecule_embeddings	41	op3	op3	lpm_paper10_finetune_fixmol_op3_seed41_molholdout_h100_2x_bs4096_200epoch_lustre	/ictstr01/groups/ml01/workspace/artur.szalata/code/chem-perturbridge_lpm/.plib_cache/results/lpm_paper10_finetune_fixmol_op3_seed41_molholdout_h100_2x_bs4096_200epoch_lustre/LPM_754e9d597cc12cc3/seed_41/checkpoints/best-validation-rmse-epoch0026.ckpt	0.41934472	0.34790000	ok
finetune_frozen_molecule_embeddings	41	sciplex	srivatsan20_sciplex3	lpm_paper10_finetune_fixmol_sciplex_seed41_molholdout_h100_2x_bs4096_200epoch_lustre	/ictstr01/groups/ml01/workspace/artur.szalata/code/chem-perturbridge_lpm/.plib_cache/results/lpm_paper10_finetune_fixmol_sciplex_seed41_molholdout_h100_2x_bs4096_200epoch_lustre/LPM_c16e0ceef1b85e3a/seed_41/checkpoints/best-validation-rmse-epoch0054.ckpt	0.71190388	0.69140000	ok
finetune_frozen_molecule_embeddings	41	tahoe100	tahoe100	lpm_paper10_finetune_fixmol_tahoe100_seed41_molholdout_h100_2x_bs4096_200epoch_lustre	/ictstr01/groups/ml01/workspace/artur.szalata/code/chem-perturbridge_lpm/.plib_cache/results/lpm_paper10_finetune_fixmol_tahoe100_seed41_molholdout_h100_2x_bs4096_200epoch_lustre/LPM_dc60c82fd7c570bc/seed_41/checkpoints/best-validation-rmse-epoch0012.ckpt	0.74507044	0.74330000	ok
finetune_frozen_molecule_embeddings	41	vcpi_0001	Ginkgo VCPI vcpi-0001 (tvc-bhr-009)	lpm_paper10_finetune_fixmol_vcpi_0001_seed41_molholdout_h100_1x_bs4096_200epoch_lustre	/ictstr01/groups/ml01/workspace/artur.szalata/code/chem-perturbridge_lpm/.plib_cache/results/lpm_paper10_finetune_fixmol_vcpi_0001_seed41_molholdout_h100_1x_bs4096_200epoch_lustre/LPM_56ae0319ea39ee76/seed_41/checkpoints/best-validation-rmse-epoch0032.ckpt	0.55356150	0.57070000	ok
finetune_frozen_molecule_embeddings	41	vcpi_0002	Ginkgo VCPI vcpi-0002 (tvc-kdl-010)	lpm_paper10_finetune_fixmol_vcpi_0002_seed41_molholdout_h100_1x_bs4096_200epoch_lustre	/ictstr01/groups/ml01/workspace/artur.szalata/code/chem-perturbridge_lpm/.plib_cache/results/lpm_paper10_finetune_fixmol_vcpi_0002_seed41_molholdout_h100_1x_bs4096_200epoch_lustre/LPM_5b180377f3cc8434/seed_41/checkpoints/best-validation-rmse-epoch0027.ckpt	0.51018868		ok
finetune_frozen_molecule_embeddings	43	cigs_mce	CIGS MCE	lpm_paper10_finetune_fixmol_cigs_mce_seed43_molholdout_h100_2x_bs4096_200epoch_lustre	/ictstr01/groups/ml01/workspace/artur.szalata/code/chem-perturbridge_lpm/.plib_cache/results/lpm_paper10_finetune_fixmol_cigs_mce_seed43_molholdout_h100_2x_bs4096_200epoch_lustre/LPM_01a403c51d5d0f62/seed_43/checkpoints/best-validation-rmse-epoch0039.ckpt	0.58554219	0.57560000	ok
finetune_frozen_molecule_embeddings	43	cigs_tcm	CIGS TCM	lpm_paper10_finetune_fixmol_cigs_tcm_seed43_molholdout_h100_2x_bs4096_200epoch_lustre	/ictstr01/groups/ml01/workspace/artur.szalata/code/chem-perturbridge_lpm/.plib_cache/results/lpm_paper10_finetune_fixmol_cigs_tcm_seed43_molholdout_h100_2x_bs4096_200epoch_lustre/LPM_d1d1544a374d10d0/seed_43/checkpoints/best-validation-rmse-epoch0005.ckpt	0.44730411	0.40770000	ok
finetune_frozen_molecule_embeddings	43	dilimap_train	dilimap_train	lpm_paper10_finetune_fixmol_dilimap_train_seed43_molholdout_h100_1x_bs4096_200epoch_lustre	/ictstr01/groups/ml01/workspace/artur.szalata/code/chem-perturbridge_lpm/.plib_cache/results/lpm_paper10_finetune_fixmol_dilimap_train_seed43_molholdout_h100_1x_bs4096_200epoch_lustre/LPM_05ba932446081800/seed_43/checkpoints/best-validation-rmse-epoch0083.ckpt	0.58464649	0.60730000	ok
finetune_frozen_molecule_embeddings	43	gdpx2	Ginkgo GDPx2	lpm_paper10_finetune_fixmol_gdpx2_seed43_molholdout_h100_2x_bs4096_200epoch_lustre	/ictstr01/groups/ml01/workspace/artur.szalata/code/chem-perturbridge_lpm/.plib_cache/results/lpm_paper10_finetune_fixmol_gdpx2_seed43_molholdout_h100_2x_bs4096_200epoch_lustre/LPM_08772434467189f2/seed_43/checkpoints/best-validation-rmse-epoch0009.ckpt	0.55804032	0.44450000	ok
finetune_frozen_molecule_embeddings	43	lincs_phase1	LINCS_phase1_level3_epsilon	lpm_paper10_finetune_fixmol_lincs_phase1_seed43_molholdout_h100_2x_bs4096_200epoch_lustre	/ictstr01/groups/ml01/workspace/artur.szalata/code/chem-perturbridge_lpm/.plib_cache/results/lpm_paper10_finetune_fixmol_lincs_phase1_seed43_molholdout_h100_2x_bs4096_200epoch_lustre/LPM_8ce3ec51d06d82fe/seed_43/checkpoints/best-validation-rmse-epoch0027.ckpt	0.60687902	0.62350000	ok
finetune_frozen_molecule_embeddings	43	lincs_phase2	LINCS_phase2_level3	lpm_paper10_finetune_fixmol_lincs_phase2_seed43_molholdout_h100_2x_bs4096_200epoch_lustre	/ictstr01/groups/ml01/workspace/artur.szalata/code/chem-perturbridge_lpm/.plib_cache/results/lpm_paper10_finetune_fixmol_lincs_phase2_seed43_molholdout_h100_2x_bs4096_200epoch_lustre/LPM_140b89f9fdb5704e/seed_43/checkpoints/best-validation-rmse-epoch0020.ckpt	0.46482258	0.48310000	ok
finetune_frozen_molecule_embeddings	43	novartis	Novartis MoABox DRUG-seq	lpm_paper10_finetune_fixmol_novartis_seed43_molholdout_h100_1x_bs4096_200epoch_lustre	/ictstr01/groups/ml01/workspace/artur.szalata/code/chem-perturbridge_lpm/.plib_cache/results/lpm_paper10_finetune_fixmol_novartis_seed43_molholdout_h100_1x_bs4096_200epoch_lustre/LPM_7822f52048e269cf/seed_43/checkpoints/best-validation-rmse-epoch0060.ckpt	0.67418912	0.53910000	ok
finetune_frozen_molecule_embeddings	43	op3	op3	lpm_paper10_finetune_fixmol_op3_seed43_molholdout_h100_2x_bs4096_200epoch_lustre	/ictstr01/groups/ml01/workspace/artur.szalata/code/chem-perturbridge_lpm/.plib_cache/results/lpm_paper10_finetune_fixmol_op3_seed43_molholdout_h100_2x_bs4096_200epoch_lustre/LPM_754e9d597cc12cc3/seed_43/checkpoints/best-validation-rmse-epoch0014.ckpt	0.41739139	0.34650000	ok
finetune_frozen_molecule_embeddings	43	sciplex	srivatsan20_sciplex3	lpm_paper10_finetune_fixmol_sciplex_seed43_molholdout_h100_2x_bs4096_200epoch_lustre	/ictstr01/groups/ml01/workspace/artur.szalata/code/chem-perturbridge_lpm/.plib_cache/results/lpm_paper10_finetune_fixmol_sciplex_seed43_molholdout_h100_2x_bs4096_200epoch_lustre/LPM_c16e0ceef1b85e3a/seed_43/checkpoints/best-validation-rmse-epoch0074.ckpt	0.71049646	0.68800000	ok
finetune_frozen_molecule_embeddings	43	tahoe100	tahoe100	lpm_paper10_finetune_fixmol_tahoe100_seed43_molholdout_h100_2x_bs4096_200epoch_lustre	/ictstr01/groups/ml01/workspace/artur.szalata/code/chem-perturbridge_lpm/.plib_cache/results/lpm_paper10_finetune_fixmol_tahoe100_seed43_molholdout_h100_2x_bs4096_200epoch_lustre/LPM_dc60c82fd7c570bc/seed_43/checkpoints/best-validation-rmse-epoch0000.ckpt	0.74536172	0.74330000	ok
finetune_frozen_molecule_embeddings	43	vcpi_0001	Ginkgo VCPI vcpi-0001 (tvc-bhr-009)	lpm_paper10_finetune_fixmol_vcpi_0001_seed43_molholdout_h100_1x_bs4096_200epoch_lustre	/ictstr01/groups/ml01/workspace/artur.szalata/code/chem-perturbridge_lpm/.plib_cache/results/lpm_paper10_finetune_fixmol_vcpi_0001_seed43_molholdout_h100_1x_bs4096_200epoch_lustre/LPM_56ae0319ea39ee76/seed_43/checkpoints/best-validation-rmse-epoch0032.ckpt	0.55356151	0.57070000	ok
finetune_frozen_molecule_embeddings	43	vcpi_0002	Ginkgo VCPI vcpi-0002 (tvc-kdl-010)	lpm_paper10_finetune_fixmol_vcpi_0002_seed43_molholdout_h100_1x_bs4096_200epoch_lustre	/ictstr01/groups/ml01/workspace/artur.szalata/code/chem-perturbridge_lpm/.plib_cache/results/lpm_paper10_finetune_fixmol_vcpi_0002_seed43_molholdout_h100_1x_bs4096_200epoch_lustre/LPM_5b180377f3cc8434/seed_43/checkpoints/best-validation-rmse-epoch0027.ckpt	0.51018868		ok
finetune_frozen_molecule_embeddings	47	cigs_mce	CIGS MCE	lpm_paper10_finetune_fixmol_cigs_mce_seed47_molholdout_h100_2x_bs4096_200epoch_lustre	/ictstr01/groups/ml01/workspace/artur.szalata/code/chem-perturbridge_lpm/.plib_cache/results/lpm_paper10_finetune_fixmol_cigs_mce_seed47_molholdout_h100_2x_bs4096_200epoch_lustre/LPM_01a403c51d5d0f62/seed_47/checkpoints/best-validation-rmse-epoch0037.ckpt	0.58624261	0.57740000	ok
finetune_frozen_molecule_embeddings	47	cigs_tcm	CIGS TCM	lpm_paper10_finetune_fixmol_cigs_tcm_seed47_molholdout_h100_2x_bs4096_200epoch_lustre	/ictstr01/groups/ml01/workspace/artur.szalata/code/chem-perturbridge_lpm/.plib_cache/results/lpm_paper10_finetune_fixmol_cigs_tcm_seed47_molholdout_h100_2x_bs4096_200epoch_lustre/LPM_d1d1544a374d10d0/seed_47/checkpoints/best-validation-rmse-epoch0005.ckpt	0.44730519	0.40770000	ok
finetune_frozen_molecule_embeddings	47	dilimap_train	dilimap_train	lpm_paper10_finetune_fixmol_dilimap_train_seed47_molholdout_h100_1x_bs4096_200epoch_lustre	/ictstr01/groups/ml01/workspace/artur.szalata/code/chem-perturbridge_lpm/.plib_cache/results/lpm_paper10_finetune_fixmol_dilimap_train_seed47_molholdout_h100_1x_bs4096_200epoch_lustre/LPM_05ba932446081800/seed_47/checkpoints/best-validation-rmse-epoch0087.ckpt	0.58566264	0.60980000	ok
finetune_frozen_molecule_embeddings	47	gdpx2	Ginkgo GDPx2	lpm_paper10_finetune_fixmol_gdpx2_seed47_molholdout_h100_2x_bs4096_200epoch_lustre	/ictstr01/groups/ml01/workspace/artur.szalata/code/chem-perturbridge_lpm/.plib_cache/results/lpm_paper10_finetune_fixmol_gdpx2_seed47_molholdout_h100_2x_bs4096_200epoch_lustre/LPM_08772434467189f2/seed_47/checkpoints/best-validation-rmse-epoch0008.ckpt	0.55603386	0.44480000	ok
finetune_frozen_molecule_embeddings	47	lincs_phase1	LINCS_phase1_level3_epsilon	lpm_paper10_finetune_fixmol_lincs_phase1_seed47_molholdout_h100_2x_bs4096_200epoch_lustre	/ictstr01/groups/ml01/workspace/artur.szalata/code/chem-perturbridge_lpm/.plib_cache/results/lpm_paper10_finetune_fixmol_lincs_phase1_seed47_molholdout_h100_2x_bs4096_200epoch_lustre/LPM_8ce3ec51d06d82fe/seed_47/checkpoints/best-validation-rmse-epoch0022.ckpt	0.60670656	0.62330000	ok
finetune_frozen_molecule_embeddings	47	lincs_phase2	LINCS_phase2_level3	lpm_paper10_finetune_fixmol_lincs_phase2_seed47_molholdout_h100_2x_bs4096_200epoch_lustre	/ictstr01/groups/ml01/workspace/artur.szalata/code/chem-perturbridge_lpm/.plib_cache/results/lpm_paper10_finetune_fixmol_lincs_phase2_seed47_molholdout_h100_2x_bs4096_200epoch_lustre/LPM_140b89f9fdb5704e/seed_47/checkpoints/best-validation-rmse-epoch0037.ckpt	0.46480636	0.48290000	ok
finetune_frozen_molecule_embeddings	47	novartis	Novartis MoABox DRUG-seq	lpm_paper10_finetune_fixmol_novartis_seed47_molholdout_h100_1x_bs4096_200epoch_lustre	/ictstr01/groups/ml01/workspace/artur.szalata/code/chem-perturbridge_lpm/.plib_cache/results/lpm_paper10_finetune_fixmol_novartis_seed47_molholdout_h100_1x_bs4096_200epoch_lustre/LPM_7822f52048e269cf/seed_47/checkpoints/best-validation-rmse-epoch0098.ckpt	0.67510121	0.54040000	ok
finetune_frozen_molecule_embeddings	47	op3	op3	lpm_paper10_finetune_fixmol_op3_seed47_molholdout_h100_2x_bs4096_200epoch_lustre	/ictstr01/groups/ml01/workspace/artur.szalata/code/chem-perturbridge_lpm/.plib_cache/results/lpm_paper10_finetune_fixmol_op3_seed47_molholdout_h100_2x_bs4096_200epoch_lustre/LPM_754e9d597cc12cc3/seed_47/checkpoints/best-validation-rmse-epoch0031.ckpt	0.41922487	0.34770000	ok
finetune_frozen_molecule_embeddings	47	sciplex	srivatsan20_sciplex3	lpm_paper10_finetune_fixmol_sciplex_seed47_molholdout_h100_2x_bs4096_200epoch_lustre	/ictstr01/groups/ml01/workspace/artur.szalata/code/chem-perturbridge_lpm/.plib_cache/results/lpm_paper10_finetune_fixmol_sciplex_seed47_molholdout_h100_2x_bs4096_200epoch_lustre/LPM_c16e0ceef1b85e3a/seed_47/checkpoints/best-validation-rmse-epoch0053.ckpt	0.71402621	0.68950000	ok
finetune_frozen_molecule_embeddings	47	tahoe100	tahoe100	lpm_paper10_finetune_fixmol_tahoe100_seed47_molholdout_h100_2x_bs4096_200epoch_lustre	/ictstr01/groups/ml01/workspace/artur.szalata/code/chem-perturbridge_lpm/.plib_cache/results/lpm_paper10_finetune_fixmol_tahoe100_seed47_molholdout_h100_2x_bs4096_200epoch_lustre/LPM_dc60c82fd7c570bc/seed_47/checkpoints/best-validation-rmse-epoch0002.ckpt	0.74315360	0.74150000	ok
finetune_frozen_molecule_embeddings	47	vcpi_0001	Ginkgo VCPI vcpi-0001 (tvc-bhr-009)	lpm_paper10_finetune_fixmol_vcpi_0001_seed47_molholdout_h100_1x_bs4096_200epoch_lustre	/ictstr01/groups/ml01/workspace/artur.szalata/code/chem-perturbridge_lpm/.plib_cache/results/lpm_paper10_finetune_fixmol_vcpi_0001_seed47_molholdout_h100_1x_bs4096_200epoch_lustre/LPM_56ae0319ea39ee76/seed_47/checkpoints/best-validation-rmse-epoch0032.ckpt	0.55356147	0.57070000	ok
finetune_frozen_molecule_embeddings	47	vcpi_0002	Ginkgo VCPI vcpi-0002 (tvc-kdl-010)	lpm_paper10_finetune_fixmol_vcpi_0002_seed47_molholdout_h100_1x_bs4096_200epoch_lustre	/ictstr01/groups/ml01/workspace/artur.szalata/code/chem-perturbridge_lpm/.plib_cache/results/lpm_paper10_finetune_fixmol_vcpi_0002_seed47_molholdout_h100_1x_bs4096_200epoch_lustre/LPM_5b180377f3cc8434/seed_47/checkpoints/best-validation-rmse-epoch0027.ckpt	0.51018866		ok
